Workbook
Name Dist_Qtd_LB: Main_variables!$D$397:$F$398
Name Distributors_Actual_Min_Stock: Distributors_stock_balance!$D$277:$F$278
Name Distributors_Actual_RunOutTime: Distributors_stock_balance!$D$283:$F$284
Name Distributors_Backlog: Distributors_stock_balance!$D$253:$F$254
Name Distributors_Cap_StdDev: Distributors_Cap!$F$9:$H$10
Name Distributors_Capacity_Coefficient: Distributors_stock_balance!$D$265:$F$266
Name Distributors_Coverage_Time: Distributors_stock_balance!$D$28:$F$29
Name Distributors_Delta: Distributors_stock_balance!$D$34:$F$35
Name Distributors_Gamma: Distributors_stock_balance!$D$45:$F$46
Name Distributors_Gross_Base_Stock: Distributors_stock_balance!$D$211:$F$212
Name Distributors_Max_NumberofCycles: Distributors_stock_balance!$D$289:$F$290
Name Distributors_Net_Demand: Distributors_stock_balance!$D$199:$F$200
Name Distributors_Omega: Distributors_stock_balance!$D$57:$F$58
Name Distributors_Omega1: Distributors_stock_balance!$D$110:$F$111
Name Distributors_Omega2: Distributors_stock_balance!$D$116:$F$117
Name Distributors_Omega3: Distributors_stock_balance!$D$122:$F$123
Name Distributors_Omega4: Distributors_stock_balance!$D$140:$F$141
Name Distributors_Omega5: Distributors_stock_balance!$D$146:$F$147
Name Distributors_Omega6: Distributors_stock_balance!$D$152:$F$153
Name Distributors_Replenishment_Time: Distributors_stock_balance!$D$22:$F$23
Name Distributors_Rho: Distributors_stock_balance!$D$51:$F$52
Name Distributors_Runout_Time: Distributors_stock_balance!$D$63:$F$64
Name Distributors_Safety_Stock: Distributors_stock_balance!$D$229:$F$230
Name Distributors_Squared_root: Distributors_stock_balance!$D$181:$F$182
Name Distributors_Stock_Consumption: Distributors_stock_balance!$D$247:$F$248
Name Distributors_Stock_Recovery: Distributors_stock_balance!$D$259:$F$260
Name Distributors_Variance_NetDemand_Rate: Distributors_stock_balance!$D$217:$F$218
Name Distributors_Zeta: Distributors_stock_balance!$D$39:$F$40
Name DistributorsBegStock: Beginning_stock!$AU$25:$AW$26
Name DistributorsCap: Distributors_Cap!$F$14:$H$15
Name DistributorsCost: Distributors!$I$6:$K$7
Name DistributorsDem: Demand!$AU$19:$AW$20
Name DistributorsLeadTime: Distributors!$I$22:$K$23
Name DistributorsLeadTimeStdDev: Distributors!$I$27:$K$28
Name DistributorsNumberBinaryVarY: Distributors_Cap!$F$61:$H$62
Name DistributorsPlanStock: 'Planned_Beginning_stock '!$AU$25:$AW$26
Name DistributorsStdDev: Distributors!$I$17:$K$18
Name DistributorsStdDevVarVar: Dist_Fourth_central_moment_5var!$D$41:$F$42
Name DistributorsUpperBound: Distributors_Cap!$F$50:$H$51
Name Fac_Qtd_LB: Main_variables!$D$248:$F$250
Name Factories_Actual_Min_Stock: Factories_stock_balance!$D$277:$F$279
Name Factories_Actual_RunOutTime: Factories_stock_balance!$D$283:$F$285
Name Factories_Backlog: Factories_stock_balance!$D$253:$F$255
Name Factories_Cap_StdDev: Factories_Cap!$F$9:$H$11
Name Factories_Capacity_Coefficient: Factories_stock_balance!$D$265:$F$267
Name Factories_Coverage_Time: Factories_stock_balance!$D$28:$F$30
Name Factories_Delta: Factories_stock_balance!$D$34:$F$36
Name Factories_Gamma: Factories_stock_balance!$D$45:$F$47
Name Factories_Gross_Base_Stock: Factories_stock_balance!$D$211:$F$213
Name Factories_Max_NumberofCycles: Factories_stock_balance!$D$289:$F$291
Name Factories_Net_Demand: Factories_stock_balance!$D$199:$F$201
Name Factories_Omega: Factories_stock_balance!$D$57:$F$59
Name Factories_Omega1: Factories_stock_balance!$D$110:$F$112
Name Factories_Omega2: Factories_stock_balance!$D$116:$F$118
Name Factories_Omega3: Factories_stock_balance!$D$122:$F$124
Name Factories_Omega4: Factories_stock_balance!$D$140:$F$142
Name Factories_Omega5: Factories_stock_balance!$D$146:$F$148
Name Factories_Omega6: Factories_stock_balance!$D$152:$F$154
Name Factories_Replenishment_Time: Factories_stock_balance!$D$22:$F$24
Name Factories_Rho: Factories_stock_balance!$D$51:$F$53

Sheet Planilha mãe
A1: Planilha mãe | B1: SUPPLIERS | V1: =SUM(V13:V160)
B2: Objective | C2: P(Reorder) | D2: 1 | E2: 2 | F2: 3 | G2: 4 | H2: 5 | I2: 6 | J2: 7 | K2: 8 | L2: 9 | M2: 10 | N2: 11 | O2: 12 | P2: 13 | Q2: 14 | R2: 15 | S2: Objective
B3: =Optimal_solutionw | C3: 1 | S3: 5778156.3
C4: 2 | S4: DIFERENÇA
C5: 3 | S5: =B3-S3
C7: P(Estado da arte) | D7: 1 | E7: 2 | F7: 3 | G7: 4 | H7: 5 | I7: 6 | J7: 7 | K7: 8 | L7: 9 | M7: 10 | N7: 11 | O7: 12 | P7: 13 | Q7: 14 | R7: 15
C8: 1
C9: 2
C10: 3
C12: Reorder | D12: 1 | E12: 2 | F12: 3 | G12: 4 | H12: 5 | I12: 6 | J12: 7 | K12: 8 | L12: 9 | M12: 10 | N12: 11 | O12: 12 | P12: 13 | Q12: 14 | R12: 15
C13: 1 | D13: =Suppliers_stock_balance!D212 | E13: =Suppliers_stock_balance!E212 | F13: =Suppliers_stock_balance!F212 | G13: =Suppliers_stock_balance!G212 | H13: =Suppliers_stock_balance!H212 | I13: =Suppliers_stock_balance!I212 | J13: =Suppliers_stock_balance!J212 | K13: =Suppliers_stock_balance!K212 | ... R13: =Suppliers_stock_balance!R212 | T13: =IF(R12=15,SUM(D13:R15),"") | U13: 39562.042 | V13: =IF(T13="","",T13-U13)
C14: 2 | D14: =Suppliers_stock_balance!D213 | E14: =Suppliers_stock_balance!E213 | F14: =Suppliers_stock_balance!F213 | G14: =Suppliers_stock_balance!G213 | H14: =Suppliers_stock_balance!H213 | I14: =Suppliers_stock_balance!I213 | J14: =Suppliers_stock_balance!J213 | K14: =Suppliers_stock_balance!K213 | ... R14: =Suppliers_stock_balance!R213 | T14: =IF(R13=15,SUM(D14:R16),"") | V14: =IF(T14="","",T14-U14)
C15: 3 | D15: =Suppliers_stock_balance!D214 | E15: =Suppliers_stock_balance!E214 | F15: =Suppliers_stock_balance!F214 | G15: =Suppliers_stock_balance!G214 | H15: =Suppliers_stock_balance!H214 | I15: =Suppliers_stock_balance!I214 | J15: =Suppliers_stock_balance!J214 | K15: =Suppliers_stock_balance!K214 | ... R15: =Suppliers_stock_balance!R214 | T15: =IF(R14=15,SUM(D15:R17),"") | V15: =IF(T15="","",T15-U15)
T16: =IF(R15=15,SUM(D16:R18),"") | V16: =IF(T16="","",T16-U16)
C17: Var(Var(d)) | D17: 1 | E17: 2 | F17: 3 | G17: 4 | H17: 5 | I17: 6 | J17: 7 | K17: 8 | L17: 9 | M17: 10 | N17: 11 | O17: 12 | P17: 13 | Q17: 14 | R17: 15 | T17: =IF(R16=15,SUM(D17:R19),"") | V17: =IF(T17="","",T17-U17)
C18: 1 | D18: =Supp_Fourth_central_moment_5var!D18 | E18: =Supp_Fourth_central_moment_5var!E18 | F18: =Supp_Fourth_central_moment_5var!F18 | G18: =Supp_Fourth_central_moment_5var!G18 | H18: =Supp_Fourth_central_moment_5var!H18 | I18: =Supp_Fourth_central_moment_5var!I18 | J18: =Supp_Fourth_central_moment_5var!J18 | K18: =Supp_Fourth_central_moment_5var!K18 | ... R18: =Supp_Fourth_central_moment_5var!R18 | T18: =IF(R17=15,SUM(D18:R20),"") | U18: 8.9810564e+08 | V18: =IF(T18="","",T18-U18)
C19: 2 | D19: =Supp_Fourth_central_moment_5var!D19 | E19: =Supp_Fourth_central_moment_5var!E19 | F19: =Supp_Fourth_central_moment_5var!F19 | G19: =Supp_Fourth_central_moment_5var!G19 | H19: =Supp_Fourth_central_moment_5var!H19 | I19: =Supp_Fourth_central_moment_5var!I19 | J19: =Supp_Fourth_central_moment_5var!J19 | K19: =Supp_Fourth_central_moment_5var!K19 | ... R19: =Supp_Fourth_central_moment_5var!R19 | T19: =IF(R18=15,SUM(D19:R21),"") | V19: =IF(T19="","",T19-U19)
C20: 3 | D20: =Supp_Fourth_central_moment_5var!D20 | E20: =Supp_Fourth_central_moment_5var!E20 | F20: =Supp_Fourth_central_moment_5var!F20 | G20: =Supp_Fourth_central_moment_5var!G20 | H20: =Supp_Fourth_central_moment_5var!H20 | I20: =Supp_Fourth_central_moment_5var!I20 | J20: =Supp_Fourth_central_moment_5var!J20 | K20: =Supp_Fourth_central_moment_5var!K20 | ... R20: =Supp_Fourth_central_moment_5var!R20 | T20: =IF(R19=15,SUM(D20:R22),"") | V20: =IF(T20="","",T20-U20)
T21: =IF(R20=15,SUM(D21:R23),"") | V21: =IF(T21="","",T21-U21)
C22: Var(Var(Cap)) | D22: 1 | E22: 2 | F22: 3 | G22: 4 | H22: 5 | I22: 6 | J22: 7 | K22: 8 | L22: 9 | M22: 10 | N22: 11 | O22: 12 | P22: 13 | Q22: 14 | R22: 15 | T22: =IF(R21=15,SUM(D22:R24),"") | V22: =IF(T22="","",T22-U22)
C23: 1 | D23: =Supp_Fourth_central_moment_5var!D24 | E23: =Supp_Fourth_central_moment_5var!E24 | F23: =Supp_Fourth_central_moment_5var!F24 | G23: =Supp_Fourth_central_moment_5var!G24 | H23: =Supp_Fourth_central_moment_5var!H24 | I23: =Supp_Fourth_central_moment_5var!I24 | J23: =Supp_Fourth_central_moment_5var!J24 | K23: =Supp_Fourth_central_moment_5var!K24 | ... R23: =Supp_Fourth_central_moment_5var!R24 | T23: =IF(R22=15,SUM(D23:R25),"") | U23: 7.4152942e+08 | V23: =IF(T23="","",T23-U23)
C24: 2 | D24: =Supp_Fourth_central_moment_5var!D25 | E24: =Supp_Fourth_central_moment_5var!E25 | F24: =Supp_Fourth_central_moment_5var!F25 | G24: =Supp_Fourth_central_moment_5var!G25 | H24: =Supp_Fourth_central_moment_5var!H25 | I24: =Supp_Fourth_central_moment_5var!I25 | J24: =Supp_Fourth_central_moment_5var!J25 | K24: =Supp_Fourth_central_moment_5var!K25 | ... R24: =Supp_Fourth_central_moment_5var!R25 | T24: =IF(R23=15,SUM(D24:R26),"") | V24: =IF(T24="","",T24-U24)
C25: 3 | D25: =Supp_Fourth_central_moment_5var!D26 | E25: =Supp_Fourth_central_moment_5var!E26 | F25: =Supp_Fourth_central_moment_5var!F26 | G25: =Supp_Fourth_central_moment_5var!G26 | H25: =Supp_Fourth_central_moment_5var!H26 | I25: =Supp_Fourth_central_moment_5var!I26 | J25: =Supp_Fourth_central_moment_5var!J26 | K25: =Supp_Fourth_central_moment_5var!K26 | ... R25: =Supp_Fourth_central_moment_5var!R26 | T25: =IF(R24=15,SUM(D25:R27),"") | V25: =IF(T25="","",T25-U25)
T26: =IF(R25=15,SUM(D26:R28),"") | V26: =IF(T26="","",T26-U26)
B27: =Data!D27 | C27: CV | D27: 1 | E27: 2 | F27: 3 | G27: 4 | H27: 5 | I27: 6 | J27: 7 | K27: 8 | L27: 9 | M27: 10 | N27: 11 | O27: 12 | P27: 13 | Q27: 14 | R27: 15 | T27: =IF(R26=15,SUM(D27:R29),"") | V27: =IF(T27="","",T27-U27)
C28: 1 | D28: =$B$27 | E28: =$B$27 | F28: =$B$27 | G28: =$B$27 | H28: =$B$27 | I28: =$B$27 | J28: =$B$27 | K28: =$B$27 | ... R28: =$B$27 | T28: =IF(R27=15,SUM(D28:R30),"") | U28: 9 | V28: =IF(T28="","",T28-U28)
C29: 2 | D29: =$B$27 | E29: =$B$27 | F29: =$B$27 | G29: =$B$27 | H29: =$B$27 | I29: =$B$27 | J29: =$B$27 | K29: =$B$27 | ... R29: =$B$27 | T29: =IF(R28=15,SUM(D29:R31),"") | V29: =IF(T29="","",T29-U29)
C30: 3 | D30: =$B$27 | E30: =$B$27 | F30: =$B$27 | G30: =$B$27 | H30: =$B$27 | I30: =$B$27 | J30: =$B$27 | K30: =$B$27 | ... R30: =$B$27 | T30: =IF(R29=15,SUM(D30:R32),"") | V30: =IF(T30="","",T30-U30)
T31: =IF(R30=15,SUM(D31:R33),"") | V31: =IF(T31="","",T31-U31)
B32: =Data!D31 | C32: Planned Stock | D32: 1 | E32: 2 | F32: 3 | G32: 4 | H32: 5 | I32: 6 | J32: 7 | K32: 8 | L32: 9 | M32: 10 | N32: 11 | O32: 12 | P32: 13 | Q32: 14 | R32: 15 | T32: =IF(R31=15,SUM(D32:R34),"") | V32: =IF(T32="","",T32-U32)
C33: 1 | D33: =$B$32 | E33: =$B$32 | F33: =$B$32 | G33: =$B$32 | H33: =$B$32 | I33: =$B$32 | J33: =$B$32 | K33: =$B$32 | ... R33: =$B$32 | T33: =IF(R32=15,SUM(D33:R35),"") | U33: 45 | V33: =IF(T33="","",T33-U33)
C34: 2 | D34: =$B$32 | E34: =$B$32 | F34: =$B$32 | G34: =$B$32 | H34: =$B$32 | I34: =$B$32 | J34: =$B$32 | K34: =$B$32 | ... R34: =$B$32 | T34: =IF(R33=15,SUM(D34:R36),"") | V34: =IF(T34="","",T34-U34)
C35: 3 | D35: =$B$32 | E35: =$B$32 | F35: =$B$32 | G35: =$B$32 | H35: =$B$32 | I35: =$B$32 | J35: =$B$32 | K35: =$B$32 | ... R35: =$B$32 | T35: =IF(R34=15,SUM(D35:R37),"") | V35: =IF(T35="","",T35-U35)
T36: =IF(R35=15,SUM(D36:R38),"") | V36: =IF(T36="","",T36-U36)
B37: =Data!D34 | C37: Variance coeff - z(S2nd) | D37: 1 | E37: 2 | F37: 3 | G37: 4 | H37: 5 | I37: 6 | J37: 7 | K37: 8 | L37: 9 | M37: 10 | N37: 11 | O37: 12 | P37: 13 | Q37: 14 | R37: 15 | T37: =IF(R36=15,SUM(D37:R39),"") | V37: =IF(T37="","",T37-U37)
C38: 1 | D38: =$B$37 | E38: =$B$37 | F38: =$B$37 | G38: =$B$37 | H38: =$B$37 | I38: =$B$37 | J38: =$B$37 | K38: =$B$37 | ... R38: =$B$37 | T38: =IF(R37=15,SUM(D38:R40),"") | U38: 76.758196 | V38: =IF(T38="","",T38-U38)
C39: 2 | D39: =$B$37 | E39: =$B$37 | F39: =$B$37 | G39: =$B$37 | H39: =$B$37 | I39: =$B$37 | J39: =$B$37 | K39: =$B$37 | ... R39: =$B$37 | T39: =IF(R38=15,SUM(D39:R41),"") | V39: =IF(T39="","",T39-U39)
C40: 3 | D40: =$B$37 | E40: =$B$37 | F40: =$B$37 | G40: =$B$37 | H40: =$B$37 | I40: =$B$37 | J40: =$B$37 | K40: =$B$37 | ... R40: =$B$37 | T40: =IF(R39=15,SUM(D40:R42),"") | V40: =IF(T40="","",T40-U40)
T41: =IF(R40=15,SUM(D41:R43),"") | V41: =IF(T41="","",T41-U41)
B42: Parâmetros p/ μx | C42: demand | D42: 1 | E42: 2 | F42: 3 | G42: 4 | H42: 5 | I42: 6 | J42: 7 | K42: 8 | L42: 9 | M42: 10 | N42: 11 | O42: 12 | P42: 13 | Q42: 14 | R42: 15 | T42: =IF(R41=15,SUM(D42:R44),"") | V42: =IF(T42="","",T42-U42)
B43: D*E(RLT) | C43: 1 | D43: =Demand!AU5 | E43: =Demand!AV5 | F43: =Demand!AW5 | G43: =Demand!AX5 | H43: =Demand!AY5 | I43: =Demand!AZ5 | J43: =Demand!BA5 | K43: =Demand!BB5 | ... R43: =Demand!BI5 | T43: =IF(R42=15,SUM(D43:R45),"") | U43: 15515.76 | V43: =IF(T43="","",T43-U43)
C44: 2 | D44: =Demand!AU6 | E44: =Demand!AV6 | F44: =Demand!AW6 | G44: =Demand!AX6 | H44: =Demand!AY6 | I44: =Demand!AZ6 | J44: =Demand!BA6 | K44: =Demand!BB6 | ... R44: =Demand!BI6 | T44: =IF(R43=15,SUM(D44:R46),"") | V44: =IF(T44="","",T44-U44)
C45: 3 | D45: =Demand!AU7 | E45: =Demand!AV7 | F45: =Demand!AW7 | G45: =Demand!AX7 | H45: =Demand!AY7 | I45: =Demand!AZ7 | J45: =Demand!BA7 | K45: =Demand!BB7 | ... R45: =Demand!BI7 | T45: =IF(R44=15,SUM(D45:R47),"") | V45: =IF(T45="","",T45-U45)
T46: =IF(R45=15,SUM(D46:R48),"") | V46: =IF(T46="","",T46-U46)
B47: Parâmetros p/ μy | C47: Média(E(RLT)) | D47: 1 | E47: 2 | F47: 3 | G47: 4 | H47: 5 | I47: 6 | J47: 7 | K47: 8 | L47: 9 | M47: 10 | N47: 11 | O47: 12 | P47: 13 | Q47: 14 | R47: 15 | T47: =IF(R46=15,SUM(D47:R49),"") | V47: =IF(T47="","",T47-U47)
B48: ND*RLT ; LB ; D*E(RLT) | C48: 1 | D48: =Suppliers!I22 | E48: =Suppliers!J22 | F48: =Suppliers!K22 | G48: =Suppliers!L22 | H48: =Suppliers!M22 | I48: =Suppliers!N22 | J48: =Suppliers!O22 | K48: =Suppliers!P22 | ... R48: =Suppliers!W22 | T48: =IF(R47=15,SUM(D48:R50),"") | U48: 652.21 | V48: =IF(T48="","",T48-U48)
C49: 2 | D49: =Suppliers!I23 | E49: =Suppliers!J23 | F49: =Suppliers!K23 | G49: =Suppliers!L23 | H49: =Suppliers!M23 | I49: =Suppliers!N23 | J49: =Suppliers!O23 | K49: =Suppliers!P23 | ... R49: =Suppliers!W23 | T49: =IF(R48=15,SUM(D49:R51),"") | V49: =IF(T49="","",T49-U49)
C50: 3 | D50: =Suppliers!I24 | E50: =Suppliers!J24 | F50: =Suppliers!K24 | G50: =Suppliers!L24 | H50: =Suppliers!M24 | I50: =Suppliers!N24 | J50: =Suppliers!O24 | K50: =Suppliers!P24 | ... R50: =Suppliers!W24 | T50: =IF(R49=15,SUM(D50:R52),"") | V50: =IF(T50="","",T50-U50)
T51: =IF(R50=15,SUM(D51:R53),"") | V51: =IF(T51="","",T51-U51)
C52: Cap | D52: 1 | E52: 2 | F52: 3 | G52: 4 | H52: 5 | I52: 6 | J52: 7 | K52: 8 | L52: 9 | M52: 10 | N52: 11 | O52: 12 | P52: 13 | Q52: 14 | R52: 15 | T52: =IF(R51=15,SUM(D52:R54),"") | V52: =IF(T52="","",T52-U52)
C53: 1 | D53: =Suppliers_Cap!F14 | E53: =Suppliers_Cap!G14 | F53: =Suppliers_Cap!H14 | G53: =Suppliers_Cap!I14 | H53: =Suppliers_Cap!J14 | I53: =Suppliers_Cap!K14 | J53: =Suppliers_Cap!L14 | K53: =Suppliers_Cap!M14 | ... R53: =Suppliers_Cap!T14 | T53: =IF(R52=15,SUM(D53:R55),"") | U53: 15211.79 | V53: =IF(T53="","",T53-U53)
C54: 2 | D54: =Suppliers_Cap!F15 | E54: =Suppliers_Cap!G15 | F54: =Suppliers_Cap!H15 | G54: =Suppliers_Cap!I15 | H54: =Suppliers_Cap!J15 | I54: =Suppliers_Cap!K15 | J54: =Suppliers_Cap!L15 | K54: =Suppliers_Cap!M15 | ... R54: =Suppliers_Cap!T15 | T54: =IF(R53=15,SUM(D54:R56),"") | V54: =IF(T54="","",T54-U54)
C55: 3 | D55: =Suppliers_Cap!F16 | E55: =Suppliers_Cap!G16 | F55: =Suppliers_Cap!H16 | G55: =Suppliers_Cap!I16 | H55: =Suppliers_Cap!J16 | I55: =Suppliers_Cap!K16 | J55: =Suppliers_Cap!L16 | K55: =Suppliers_Cap!M16 | ... R55: =Suppliers_Cap!T16 | T55: =IF(R54=15,SUM(D55:R57),"") | V55: =IF(T55="","",T55-U55)
T56: =IF(R55=15,SUM(D56:R58),"") | V56: =IF(T56="","",T56-U56)
B57: Parâmetros p/ μx | C57: Var(d-cap) | D57: 1 | E57: 2 | F57: 3 | G57: 4 | H57: 5 | I57: 6 | J57: 7 | K57: 8 | L57: 9 | M57: 10 | N57: 11 | O57: 12 | P57: 13 | Q57: 14 | R57: 15 | T57: =IF(R56=15,SUM(D57:R59),"") | V57: =IF(T57="","",T57-U57)
B58: LB | C58: 1 | D58: =Suppliers!I17^2 | E58: =Suppliers!J17^2 | F58: =Suppliers!K17^2 | G58: =Suppliers!L17^2 | H58: =Suppliers!M17^2 | I58: =Suppliers!N17^2 | J58: =Suppliers!O17^2 | K58: =Suppliers!P17^2 | ... R58: =Suppliers!W17^2 | T58: =IF(R57=15,SUM(D58:R60),"") | U58: 14737.525 | V58: =IF(T58="","",T58-U58)
C59: 2 | D59: =Suppliers!I18^2 | E59: =Suppliers!J18^2 | F59: =Suppliers!K18^2 | G59: =Suppliers!L18^2 | H59: =Suppliers!M18^2 | I59: =Suppliers!N18^2 | J59: =Suppliers!O18^2 | K59: =Suppliers!P18^2 | ... R59: =Suppliers!W18^2 | T59: =IF(R58=15,SUM(D59:R61),"") | V59: =IF(T59="","",T59-U59)
C60: 3 | D60: =Suppliers!I19^2 | E60: =Suppliers!J19^2 | F60: =Suppliers!K19^2 | G60: =Suppliers!L19^2 | H60: =Suppliers!M19^2 | I60: =Suppliers!N19^2 | J60: =Suppliers!O19^2 | K60: =Suppliers!P19^2 | ... R60: =Suppliers!W19^2 | T60: =IF(R59=15,SUM(D60:R62),"") | V60: =IF(T60="","",T60-U60)
T61: =IF(R60=15,SUM(D61:R63),"") | V61: =IF(T61="","",T61-U61)
B62: Parâmetros p/ σx | C62: Desvpad(Var(S2nd)) | D62: 1 | E62: 2 | F62: 3 | G62: 4 | H62: 5 | I62: 6 | J62: 7 | K62: 8 | L62: 9 | M62: 10 | N62: 11 | O62: 12 | P62: 13 | Q62: 14 | R62: 15 | T62: =IF(R61=15,SUM(D62:R64),"") | V62: =IF(T62="","",T62-U62)
B63: LB | C63: 1 | D63: =Supp_Fourth_central_moment_5var!D35 | E63: =Supp_Fourth_central_moment_5var!E35 | F63: =Supp_Fourth_central_moment_5var!F35 | G63: =Supp_Fourth_central_moment_5var!G35 | H63: =Supp_Fourth_central_moment_5var!H35 | I63: =Supp_Fourth_central_moment_5var!I35 | J63: =Supp_Fourth_central_moment_5var!J35 | K63: =Supp_Fourth_central_moment_5var!K35 | ... R63: =Supp_Fourth_central_moment_5var!R35 | T63: =IF(R62=15,SUM(D63:R65),"") | U63: 8523.5494 | V63: =IF(T63="","",T63-U63)
C64: 2 | D64: =Supp_Fourth_central_moment_5var!D36 | E64: =Supp_Fourth_central_moment_5var!E36 | F64: =Supp_Fourth_central_moment_5var!F36 | G64: =Supp_Fourth_central_moment_5var!G36 | H64: =Supp_Fourth_central_moment_5var!H36 | I64: =Supp_Fourth_central_moment_5var!I36 | J64: =Supp_Fourth_central_moment_5var!J36 | K64: =Supp_Fourth_central_moment_5var!K36 | ... R64: =Supp_Fourth_central_moment_5var!R36 | T64: =IF(R63=15,SUM(D64:R66),"") | V64: =IF(T64="","",T64-U64)
C65: 3 | D65: =Supp_Fourth_central_moment_5var!D37 | E65: =Supp_Fourth_central_moment_5var!E37 | F65: =Supp_Fourth_central_moment_5var!F37 | G65: =Supp_Fourth_central_moment_5var!G37 | H65: =Supp_Fourth_central_moment_5var!H37 | I65: =Supp_Fourth_central_moment_5var!I37 | J65: =Supp_Fourth_central_moment_5var!J37 | K65: =Supp_Fourth_central_moment_5var!K37 | ... R65: =Supp_Fourth_central_moment_5var!R37 | T65: =IF(R64=15,SUM(D65:R67),"") | V65: =IF(T65="","",T65-U65)
T66: =IF(R65=15,SUM(D66:R68),"") | V66: =IF(T66="","",T66-U66)
B67: Parâmetros p/ σy | C67: DesvPad(Var(E(RLT))) | D67: 1 | E67: 2 | F67: 3 | G67: 4 | H67: 5 | I67: 6 | J67: 7 | K67: 8 | L67: 9 | M67: 10 | N67: 11 | O67: 12 | P67: 13 | Q67: 14 | R67: 15 | T67: =IF(R66=15,SUM(D67:R69),"") | V67: =IF(T67="","",T67-U67)
B68: ND*RLT ; LB | C68: 1 | D68: =Suppliers!I27 | E68: =Suppliers!J27 | F68: =Suppliers!K27 | G68: =Suppliers!L27 | H68: =Suppliers!M27 | I68: =Suppliers!N27 | J68: =Suppliers!O27 | K68: =Suppliers!P27 | ... R68: =Suppliers!W27 | T68: =IF(R67=15,SUM(D68:R70),"") | U68: 23.8109 | V68: =IF(T68="","",T68-U68)
C69: 2 | D69: =Suppliers!I28 | E69: =Suppliers!J28 | F69: =Suppliers!K28 | G69: =Suppliers!L28 | H69: =Suppliers!M28 | I69: =Suppliers!N28 | J69: =Suppliers!O28 | K69: =Suppliers!P28 | ... R69: =Suppliers!W28 | T69: =IF(R68=15,SUM(D69:R71),"") | V69: =IF(T69="","",T69-U69)
C70: 3 | D70: =Suppliers!I29 | E70: =Suppliers!J29 | F70: =Suppliers!K29 | G70: =Suppliers!L29 | H70: =Suppliers!M29 | I70: =Suppliers!N29 | J70: =Suppliers!O29 | K70: =Suppliers!P29 | ... R70: =Suppliers!W29 | T70: =IF(R69=15,SUM(D70:R72),"") | V70: =IF(T70="","",T70-U70)
T71: =IF(R70=15,SUM(D71:R73),"") | V71: =IF(T71="","",T71-U71)
B72: Parâmetros p/ μx | C72: Média(d-Cap) | D72: 1 | E72: 2 | F72: 3 | G72: 4 | H72: 5 | I72: 6 | J72: 7 | K72: 8 | L72: 9 | M72: 10 | N72: 11 | O72: 12 | P72: 13 | Q72: 14 | R72: 15 | T72: =IF(R71=15,SUM(D72:R74),"") | V72: =IF(T72="","",T72-U72)
B73: ND*RLT | C73: 1 | D73: =D43-D53 | E73: =E43-E53 | F73: =F43-F53 | G73: =G43-G53 | H73: =H43-H53 | I73: =I43-I53 | J73: =J43-J53 | K73: =K43-K53 | ... R73: =R43-R53 | T73: =IF(R72=15,SUM(D73:R75),"") | U73: 303.97 | V73: =IF(T73="","",T73-U73)
C74: 2 | D74: =D44-D54 | E74: =E44-E54 | F74: =F44-F54 | G74: =G44-G54 | H74: =H44-H54 | I74: =I44-I54 | J74: =J44-J54 | K74: =K44-K54 | ... R74: =R44-R54 | T74: =IF(R73=15,SUM(D74:R76),"") | V74: =IF(T74="","",T74-U74)
C75: 3 | D75: =D45-D55 | E75: =E45-E55 | F75: =F45-F55 | G75: =G45-G55 | H75: =H45-H55 | I75: =I45-I55 | J75: =J45-J55 | K75: =K45-K55 | ... R75: =R45-R55 | T75: =IF(R74=15,SUM(D75:R77),"") | V75: =IF(T75="","",T75-U75)
T76: =IF(R75=15,SUM(D76:R78),"") | V76: =IF(T76="","",T76-U76)
B77: Parâmetros p/ σx | C77: DesvPad(Var(d-cap)) | D77: 1 | E77: 2 | F77: 3 | G77: 4 | H77: 5 | I77: 6 | J77: 7 | K77: 8 | L77: 9 | M77: 10 | N77: 11 | O77: 12 | P77: 13 | Q77: 14 | R77: 15 | T77: =IF(R76=15,SUM(D77:R79),"") | V77: =IF(T77="","",T77-U77)
B78: ND*RLT | C78: 1 | D78: =Suppliers!I17 | E78: =Suppliers!J17 | F78: =Suppliers!K17 | G78: =Suppliers!L17 | H78: =Suppliers!M17 | I78: =Suppliers!N17 | J78: =Suppliers!O17 | K78: =Suppliers!P17 | ... R78: =Suppliers!W17 | T78: =IF(R77=15,SUM(D78:R80),"") | U78: 802.0373 | V78: =IF(T78="","",T78-U78)
C79: 2 | D79: =Suppliers!I18 | E79: =Suppliers!J18 | F79: =Suppliers!K18 | G79: =Suppliers!L18 | H79: =Suppliers!M18 | I79: =Suppliers!N18 | J79: =Suppliers!O18 | K79: =Suppliers!P18 | ... R79: =Suppliers!W18 | T79: =IF(R78=15,SUM(D79:R81),"") | V79: =IF(T79="","",T79-U79)
C80: 3 | D80: =Suppliers!I19 | E80: =Suppliers!J19 | F80: =Suppliers!K19 | G80: =Suppliers!L19 | H80: =Suppliers!M19 | I80: =Suppliers!N19 | J80: =Suppliers!O19 | K80: =Suppliers!P19 | ... R80: =Suppliers!W19 | T80: =IF(R79=15,SUM(D80:R82),"") | V80: =IF(T80="","",T80-U80)
T81: =IF(R80=15,SUM(D81:R83),"") | V81: =IF(T81="","",T81-U81)
C82: LB | D82: 1 | E82: 2 | F82: 3 | G82: 4 | H82: 5 | I82: 6 | J82: 7 | K82: 8 | L82: 9 | M82: 10 | N82: 11 | O82: 12 | P82: 13 | Q82: 14 | R82: 15 | T82: =IF(R81=15,SUM(D82:R84),"") | V82: =IF(T82="","",T82-U82)
C83: 1 | T83: =IF(R82=15,SUM(D83:R85),"") | U83: 0 | V83: =IF(T83="","",T83-U83)
C84: 2 | T84: =IF(R83=15,SUM(D84:R86),"") | V84: =IF(T84="","",T84-U84)
C85: 3 | T85: =IF(R84=15,SUM(D85:R87),"") | V85: =IF(T85="","",T85-U85)
T86: =IF(R85=15,SUM(D86:R88),"") | V86: =IF(T86="","",T86-U86)
C87: DesvPad(ND*ELT) | D87: 1 | E87: 2 | F87: 3 | G87: 4 | H87: 5 | I87: 6 | J87: 7 | K87: 8 | L87: 9 | M87: 10 | N87: 11 | O87: 12 | P87: 13 | Q87: 14 | R87: 15 | T87: =IF(R86=15,SUM(D87:R89),"") | V87: =IF(T87="","",T87-U87)
C88: 1 | T88: =IF(R87=15,SUM(D88:R90),"") | U88: 0 | V88: =IF(T88="","",T88-U88)
C89: 2 | T89: =IF(R88=15,SUM(D89:R91),"") | V89: =IF(T89="","",T89-U89)
C90: 3 | T90: =IF(R89=15,SUM(D90:R92),"") | V90: =IF(T90="","",T90-U90)
T91: =IF(R90=15,SUM(D91:R93),"") | V91: =IF(T91="","",T91-U91)
C92: DesvPad(Cap) | D92: 1 | E92: 2 | F92: 3 | G92: 4 | H92: 5 | I92: 6 | J92: 7 | K92: 8 | L92: 9 | M92: 10 | N92: 11 | O92: 12 | P92: 13 | Q92: 14 | R92: 15 | T92: =IF(R91=15,SUM(D92:R94),"") | V92: =IF(T92="","",T92-U92)
C93: 1 | D93: =(Supp_Fourth_central_moment_5var!D10)^0.5 | E93: =(Supp_Fourth_central_moment_5var!E10)^0.5 | F93: =(Supp_Fourth_central_moment_5var!F10)^0.5 | G93: =(Supp_Fourth_central_moment_5var!G10)^0.5 | H93: =(Supp_Fourth_central_moment_5var!H10)^0.5 | I93: =(Supp_Fourth_central_moment_5var!I10)^0.5 | J93: =(Supp_Fourth_central_moment_5var!J10)^0.5 | K93: =(Supp_Fourth_central_moment_5var!K10)^0.5 | ... R93: =(Supp_Fourth_central_moment_5var!R10)^0.5 | T93: =IF(R92=15,SUM(D93:R95),"") | U93: 3042.358 | V93: =IF(T93="","",T93-U93)
C94: 2 | D94: =(Supp_Fourth_central_moment_5var!D11)^0.5 | E94: =(Supp_Fourth_central_moment_5var!E11)^0.5 | F94: =(Supp_Fourth_central_moment_5var!F11)^0.5 | G94: =(Supp_Fourth_central_moment_5var!G11)^0.5 | H94: =(Supp_Fourth_central_moment_5var!H11)^0.5 | I94: =(Supp_Fourth_central_moment_5var!I11)^0.5 | J94: =(Supp_Fourth_central_moment_5var!J11)^0.5 | K94: =(Supp_Fourth_central_moment_5var!K11)^0.5 | ... R94: =(Supp_Fourth_central_moment_5var!R11)^0.5 | T94: =IF(R93=15,SUM(D94:R96),"") | V94: =IF(T94="","",T94-U94)
C95: 3 | D95: =(Supp_Fourth_central_moment_5var!D12)^0.5 | E95: =(Supp_Fourth_central_moment_5var!E12)^0.5 | F95: =(Supp_Fourth_central_moment_5var!F12)^0.5 | G95: =(Supp_Fourth_central_moment_5var!G12)^0.5 | H95: =(Supp_Fourth_central_moment_5var!H12)^0.5 | I95: =(Supp_Fourth_central_moment_5var!I12)^0.5 | J95: =(Supp_Fourth_central_moment_5var!J12)^0.5 | K95: =(Supp_Fourth_central_moment_5var!K12)^0.5 | ... R95: =(Supp_Fourth_central_moment_5var!R12)^0.5 | T95: =IF(R94=15,SUM(D95:R97),"") | V95: =IF(T95="","",T95-U95)
T96: =IF(R95=15,SUM(D96:R98),"") | V96: =IF(T96="","",T96-U96)
C97: z(RLT) | D97: 1 | E97: 2 | F97: 3 | G97: 4 | H97: 5 | I97: 6 | J97: 7 | K97: 8 | L97: 9 | M97: 10 | N97: 11 | O97: 12 | P97: 13 | Q97: 14 | R97: 15 | T97: =IF(R96=15,SUM(D97:R99),"") | V97: =IF(T97="","",T97-U97)
C98: 1 | D98: =Suppliers_stock_balance!D194 | E98: =Suppliers_stock_balance!E194 | F98: =Suppliers_stock_balance!F194 | G98: =Suppliers_stock_balance!G194 | H98: =Suppliers_stock_balance!H194 | I98: =Suppliers_stock_balance!I194 | J98: =Suppliers_stock_balance!J194 | K98: =Suppliers_stock_balance!K194 | ... R98: =Suppliers_stock_balance!R194 | T98: =IF(R97=15,SUM(D98:R100),"") | U98: 120.77449 | V98: =IF(T98="","",T98-U98)
C99: 2 | D99: =Suppliers_stock_balance!D195 | E99: =Suppliers_stock_balance!E195 | F99: =Suppliers_stock_balance!F195 | G99: =Suppliers_stock_balance!G195 | H99: =Suppliers_stock_balance!H195 | I99: =Suppliers_stock_balance!I195 | J99: =Suppliers_stock_balance!J195 | K99: =Suppliers_stock_balance!K195 | ... R99: =Suppliers_stock_balance!R195 | T99: =IF(R98=15,SUM(D99:R101),"") | V99: =IF(T99="","",T99-U99)
C100: 3 | D100: =Suppliers_stock_balance!D196 | E100: =Suppliers_stock_balance!E196 | F100: =Suppliers_stock_balance!F196 | G100: =Suppliers_stock_balance!G196 | H100: =Suppliers_stock_balance!H196 | I100: =Suppliers_stock_balance!I196 | J100: =Suppliers_stock_balance!J196 | K100: =Suppliers_stock_balance!K196 | ... R100: =Suppliers_stock_balance!R196 | T100: =IF(R99=15,SUM(D100:R102),"") | V100: =IF(T100="","",T100-U100)
T101: =IF(R100=15,SUM(D101:R103),"") | V101: =IF(T101="","",T101-U101)
C102: Aleatória S2nd | D102: 1 | E102: 2 | F102: 3 | G102: 4 | H102: 5 | I102: 6 | J102: 7 | K102: 8 | L102: 9 | M102: 10 | N102: 11 | O102: 12 | P102: 13 | Q102: 14 | R102: 15 | T102: =IF(R101=15,SUM(D102:R104),"") | V102: =IF(T102="","",T102-U102)
...

Sheet Main_variables
A1: Planilha filha | B1: SUPPLIERS | V1: TOTAL | W1: 1 | X1: SUPPLIERS | AR1: TOTAL | AS1: 2 | AT1: SUPPLIERS | BN1: TOTAL | BO1: 3 | BP1: SUPPLIERS | CJ1: TOTAL | CK1: 4 | CL1: SUPPLIERS | DF1: TOTAL | DG1: 5 | DH1: SUPPLIERS | EB1: TOTAL | EC1: 6 | ED1: SUPPLIERS | EX1: TOTAL | EY1: 7 | EZ1: SUPPLIERS | FT1: TOTAL | FU1: 8 | FV1: SUPPLIERS | GP1: TOTAL | GQ1: 9 | GR1: SUPPLIERS
B2: Objective | C2: P(Reorder) | D2: 1 | E2: 2 | F2: 3 | G2: 4 | H2: 5 | I2: 6 | J2: 7 | K2: 8 | L2: 9 | M2: 10 | N2: 11 | O2: 12 | P2: 13 | Q2: 14 | R2: 15 | V2: =X3+X168 | X2: Objective | Y2: P(Reorder) | Z2: 1 | AA2: 2 | AB2: 3 | AC2: 4 | AD2: 5 | AE2: 6 | AF2: 7 | AG2: 8 | AH2: 9 | AI2: 10 | AJ2: 11 | AK2: 12 | AL2: 13 | AM2: 14 | AN2: 15 | AR2: =AT3+AT168 | AT2: Objective | AU2: P(Reorder) | AV2: 1 | AW2: 2 | AX2: 3 | AY2: 4 | AZ2: 5 | BA2: 6 | BB2: 7 | BC2: 8 | BD2: 9 | BE2: 10 | BF2: 11 | BG2: 12 | BH2: 13 | BI2: 14 | BJ2: 15 | BN2: =BP3+BP168 | BP2: Objective | BQ2: P(Reorder) | BR2: 1 | BS2: 2 | BT2: 3 | BU2: 4 | BV2: 5 | BW2: 6 | BX2: 7 | BY2: 8 | BZ2: 9 | CA2: 10 | CB2: 11 | CC2: 12 | CD2: 13 | CE2: 14 | CF2: 15 | CJ2: =CL3+CL168 | CL2: Objective | CM2: P(Reorder) | CN2: 1 | CO2: 2 | CP2: 3 | CQ2: 4 | CR2: 5 | CS2: 6 | CT2: 7 | CU2: 8 | CV2: 9 | CW2: 10 | CX2: 11 | CY2: 12 | CZ2: 13 | DA2: 14 | DB2: 15 | DF2: =DH3+DH168 | DH2: Objective | DI2: P(Reorder) | DJ2: 1 | DK2: 2 | DL2: 3 | DM2: 4 | DN2: 5 | DO2: 6 | DP2: 7 | DQ2: 8 | DR2: 9 | DS2: 10 | DT2: 11 | DU2: 12 | DV2: 13 | DW2: 14 | DX2: 15 | EB2: =ED3+ED168 | ED2: Objective | EE2: P(Reorder) | EF2: 1 | EG2: 2 | EH2: 3 | EI2: 4 | EJ2: 5 | EK2: 6 | EL2: 7 | EM2: 8 | EN2: 9 | EO2: 10 | EP2: 11 | EQ2: 12 | ER2: 13 | ES2: 14 | ET2: 15 | EX2: =EZ3+EZ168 | EZ2: Objective | FA2: P(Reorder) | FB2: 1 | FC2: 2 | FD2: 3 | FE2: 4 | FF2: 5 | FG2: 6 | FH2: 7 | FI2: 8 | FJ2: 9 | FK2: 10 | FL2: 11 | FM2: 12 | FN2: 13 | FO2: 14 | FP2: 15 | FT2: =FV3+FV168 | FV2: Objective | FW2: P(Reorder) | FX2: 1 | FY2: 2 | FZ2: 3 | GA2: 4 | GB2: 5 | GC2: 6 | GD2: 7 | GE2: 8 | GF2: 9 | GG2: 10 | GH2: 11 | GI2: 12 | GJ2: 13 | GK2: 14 | GL2: 15 | GP2: =GR3+GR168 | GR2: Objective | GS2: P(Reorder) | GT2: 1 | GU2: 2 | GV2: 3 | GW2: 4 | GX2: 5 | GY2: 6 | GZ2: 7 | HA2: 8 | HB2: 9 | HC2: 10 | HD2: 11 | HE2: 12 | HF2: 13 | HG2: 14 | HH2: 15
B3: =Optimal_solutionw | C3: 1 | X3: 5976372.9 | Y3: 1 | AT3: 5751805.4 | AU3: 1 | BP3: 5764622.9 | BQ3: 1 | CL3: 5978588.3 | CM3: 1 | DH3: 5751969.9 | DI3: 1 | ED3: 5764358.4 | EE3: 1 | EZ3: 5978588.3 | FA3: 1 | FV3: 5751969.9 | FW3: 1 | GR3: 5764358.4 | GS3: 1
C4: 2 | Y4: 2 | AU4: 2 | BQ4: 2 | CM4: 2 | DI4: 2 | EE4: 2 | FA4: 2 | FW4: 2 | GS4: 2
C5: 3 | Y5: 3 | AU5: 3 | BQ5: 3 | CM5: 3 | DI5: 3 | EE5: 3 | FA5: 3 | FW5: 3 | GS5: 3
C7: P(Estado da arte) | D7: 1 | E7: 2 | F7: 3 | G7: 4 | H7: 5 | I7: 6 | J7: 7 | K7: 8 | L7: 9 | M7: 10 | N7: 11 | O7: 12 | P7: 13 | Q7: 14 | R7: 15 | Y7: P(Estado da arte) | Z7: 1 | AA7: 2 | AB7: 3 | AC7: 4 | AD7: 5 | AE7: 6 | AF7: 7 | AG7: 8 | AH7: 9 | AI7: 10 | AJ7: 11 | AK7: 12 | AL7: 13 | AM7: 14 | AN7: 15 | AU7: P(Estado da arte) | AV7: 1 | AW7: 2 | AX7: 3 | AY7: 4 | AZ7: 5 | BA7: 6 | BB7: 7 | BC7: 8 | BD7: 9 | BE7: 10 | BF7: 11 | BG7: 12 | BH7: 13 | BI7: 14 | BJ7: 15 | BQ7: P(Estado da arte) | BR7: 1 | BS7: 2 | BT7: 3 | BU7: 4 | BV7: 5 | BW7: 6 | BX7: 7 | BY7: 8 | BZ7: 9 | CA7: 10 | CB7: 11 | CC7: 12 | CD7: 13 | CE7: 14 | CF7: 15 | CM7: P(Estado da arte) | CN7: 1 | CO7: 2 | CP7: 3 | CQ7: 4 | CR7: 5 | CS7: 6 | CT7: 7 | CU7: 8 | CV7: 9 | CW7: 10 | CX7: 11 | CY7: 12 | CZ7: 13 | DA7: 14 | DB7: 15 | DI7: P(Estado da arte) | DJ7: 1 | DK7: 2 | DL7: 3 | DM7: 4 | DN7: 5 | DO7: 6 | DP7: 7 | DQ7: 8 | DR7: 9 | DS7: 10 | DT7: 11 | DU7: 12 | DV7: 13 | DW7: 14 | DX7: 15 | EE7: P(Estado da arte) | EF7: 1 | EG7: 2 | EH7: 3 | EI7: 4 | EJ7: 5 | EK7: 6 | EL7: 7 | EM7: 8 | EN7: 9 | EO7: 10 | EP7: 11 | EQ7: 12 | ER7: 13 | ES7: 14 | ET7: 15 | FA7: P(Estado da arte) | FB7: 1 | FC7: 2 | FD7: 3 | FE7: 4 | FF7: 5 | FG7: 6 | FH7: 7 | FI7: 8 | FJ7: 9 | FK7: 10 | FL7: 11 | FM7: 12 | FN7: 13 | FO7: 14 | FP7: 15 | FW7: P(Estado da arte) | FX7: 1 | FY7: 2 | FZ7: 3 | GA7: 4 | GB7: 5 | GC7: 6 | GD7: 7 | GE7: 8 | GF7: 9 | GG7: 10 | GH7: 11 | GI7: 12 | GJ7: 13 | GK7: 14 | GL7: 15 | GS7: P(Estado da arte) | GT7: 1 | GU7: 2 | GV7: 3 | GW7: 4 | GX7: 5 | GY7: 6 | GZ7: 7 | HA7: 8 | HB7: 9 | HC7: 10 | HD7: 11 | HE7: 12 | HF7: 13 | HG7: 14 | HH7: 15
C8: 1 | Y8: 1 | AU8: 1 | BQ8: 1 | CM8: 1 | DI8: 1 | EE8: 1 | FA8: 1 | FW8: 1 | GS8: 1
C9: 2 | Y9: 2 | AU9: 2 | BQ9: 2 | CM9: 2 | DI9: 2 | EE9: 2 | FA9: 2 | FW9: 2 | GS9: 2
C10: 3 | Y10: 3 | AU10: 3 | BQ10: 3 | CM10: 3 | DI10: 3 | EE10: 3 | FA10: 3 | FW10: 3 | GS10: 3
C12: Reorder | D12: 1 | E12: 2 | F12: 3 | G12: 4 | H12: 5 | I12: 6 | J12: 7 | K12: 8 | L12: 9 | M12: 10 | N12: 11 | O12: 12 | P12: 13 | Q12: 14 | R12: 15 | Y12: Reorder | Z12: 1 | AA12: 2 | AB12: 3 | AC12: 4 | AD12: 5 | AE12: 6 | AF12: 7 | AG12: 8 | AH12: 9 | AI12: 10 | AJ12: 11 | AK12: 12 | AL12: 13 | AM12: 14 | AN12: 15 | AU12: Reorder | AV12: 1 | AW12: 2 | AX12: 3 | AY12: 4 | AZ12: 5 | BA12: 6 | BB12: 7 | BC12: 8 | BD12: 9 | BE12: 10 | BF12: 11 | BG12: 12 | BH12: 13 | BI12: 14 | BJ12: 15 | BQ12: Reorder | BR12: 1 | BS12: 2 | BT12: 3 | BU12: 4 | BV12: 5 | BW12: 6 | BX12: 7 | BY12: 8 | BZ12: 9 | CA12: 10 | CB12: 11 | CC12: 12 | CD12: 13 | CE12: 14 | CF12: 15 | CM12: Reorder | CN12: 1 | CO12: 2 | CP12: 3 | CQ12: 4 | CR12: 5 | CS12: 6 | CT12: 7 | CU12: 8 | CV12: 9 | CW12: 10 | CX12: 11 | CY12: 12 | CZ12: 13 | DA12: 14 | DB12: 15 | DI12: Reorder | DJ12: 1 | DK12: 2 | DL12: 3 | DM12: 4 | DN12: 5 | DO12: 6 | DP12: 7 | DQ12: 8 | DR12: 9 | DS12: 10 | DT12: 11 | DU12: 12 | DV12: 13 | DW12: 14 | DX12: 15 | EE12: Reorder | EF12: 1 | EG12: 2 | EH12: 3 | EI12: 4 | EJ12: 5 | EK12: 6 | EL12: 7 | EM12: 8 | EN12: 9 | EO12: 10 | EP12: 11 | EQ12: 12 | ER12: 13 | ES12: 14 | ET12: 15 | FA12: Reorder | FB12: 1 | FC12: 2 | FD12: 3 | FE12: 4 | FF12: 5 | FG12: 6 | FH12: 7 | FI12: 8 | FJ12: 9 | FK12: 10 | FL12: 11 | FM12: 12 | FN12: 13 | FO12: 14 | FP12: 15 | FW12: Reorder | FX12: 1 | FY12: 2 | FZ12: 3 | GA12: 4 | GB12: 5 | GC12: 6 | GD12: 7 | GE12: 8 | GF12: 9 | GG12: 10 | GH12: 11 | GI12: 12 | GJ12: 13 | GK12: 14 | GL12: 15 | GS12: Reorder | GT12: 1 | GU12: 2 | GV12: 3 | GW12: 4 | GX12: 5 | GY12: 6 | GZ12: 7 | HA12: 8 | HB12: 9 | HC12: 10 | HD12: 11 | HE12: 12 | HF12: 13 | HG12: 14 | HH12: 15
C13: 1 | D13: =Suppliers_stock_balance!D212 | E13: =Suppliers_stock_balance!E212 | F13: =Suppliers_stock_balance!F212 | G13: =Suppliers_stock_balance!G212 | H13: =Suppliers_stock_balance!H212 | I13: =Suppliers_stock_balance!I212 | J13: =Suppliers_stock_balance!J212 | K13: =Suppliers_stock_balance!K212 | ... R13: =Suppliers_stock_balance!R212 | Y13: 1 | Z13: 0 | AA13: 0 | AB13: 0 | AC13: 0 | AD13: 1169.693 | AE13: 1823.2927 | AF13: 0 | AG13: 2446.7585 | AH13: 1635.9004 | AI13: 0 | AJ13: 0 | AK13: 0 | AL13: 1216.203 | AM13: 1558.7788 | AN13: 3005.2428 | AU13: 1 | AV13: 0 | AW13: 0 | AX13: 0 | AY13: 0 | AZ13: 1168.693 | BA13: 1817.2927 | BB13: 0 | BC13: 2446.7585 | BD13: 1635.9004 | BE13: 0 | BF13: 0 | BG13: 0 | BH13: 1216.203 | BI13: 1558.7788 | BJ13: 3005.2428 | BQ13: 1 | BR13: 0 | BS13: 0 | BT13: 0 | BU13: 0 | BV13: 1222.693 | BW13: 1852.2927 | BX13: 0 | BY13: 2498.7585 | BZ13: 1677.9004 | CA13: 0 | CB13: 0 | CC13: 0 | CD13: 1252.203 | CE13: 1594.7788 | CF13: 3070.2428 | CM13: 1 | CN13: 0 | CO13: 0 | CP13: 0 | CQ13: 0 | CR13: 1168.693 | CS13: 1879.2927 | CT13: 0 | CU13: 2446.7585 | CV13: 1635.9004 | CW13: 0 | CX13: 0 | CY13: 0 | CZ13: 1216.203 | DA13: 1558.7788 | DB13: 3005.2428 | DI13: 1 | DJ13: 0 | DK13: 0 | DL13: 0 | DM13: 0 | DN13: 1170.693 | DO13: 1817.2927 | DP13: 0 | DQ13: 2446.7585 | DR13: 1635.9004 | DS13: 0 | DT13: 0 | DU13: 0 | DV13: 1216.203 | DW13: 1558.7788 | DX13: 3005.2428 | EE13: 1 | EF13: 0 | EG13: 0 | EH13: 0 | EI13: 0 | EJ13: 1222.693 | EK13: 1852.2927 | EL13: 0 | EM13: 2498.7585 | EN13: 1677.9004 | EO13: 0 | EP13: 0 | EQ13: 0 | ER13: 1252.203 | ES13: 1592.7788 | ET13: 3071.2428 | FA13: 1 | FB13: 0 | FC13: 0 | FD13: 0 | FE13: 0 | FF13: 1168.693 | FG13: 1879.2927 | FH13: 0 | FI13: 2446.7585 | FJ13: 1635.9004 | FK13: 0 | FL13: 0 | FM13: 0 | FN13: 1216.203 | FO13: 1558.7788 | FP13: 3005.2428 | FW13: 1 | FX13: 0 | FY13: 0 | FZ13: 0 | GA13: 0 | GB13: 1170.693 | GC13: 1817.2927 | GD13: 0 | GE13: 2446.7585 | GF13: 1635.9004 | GG13: 0 | GH13: 0 | GI13: 0 | GJ13: 1216.203 | GK13: 1558.7788 | GL13: 3005.2428 | GS13: 1 | GT13: 0 | GU13: 0 | GV13: 0 | GW13: 0 | GX13: 1222.693 | GY13: 1852.2927 | GZ13: 0 | HA13: 2498.7585 | HB13: 1677.9004 | HC13: 0 | HD13: 0 | HE13: 0 | HF13: 1252.203 | HG13: 1592.7788 | HH13: 3071.2428
C14: 2 | D14: =Suppliers_stock_balance!D213 | E14: =Suppliers_stock_balance!E213 | F14: =Suppliers_stock_balance!F213 | G14: =Suppliers_stock_balance!G213 | H14: =Suppliers_stock_balance!H213 | I14: =Suppliers_stock_balance!I213 | J14: =Suppliers_stock_balance!J213 | K14: =Suppliers_stock_balance!K213 | ... R14: =Suppliers_stock_balance!R213 | Y14: 2 | Z14: 1262.2397 | AA14: 1303.4396 | AB14: 0 | AC14: 0 | AD14: 0 | AE14: 1632.304 | AF14: 0 | AG14: 0 | AH14: 0 | AI14: 1215.6016 | AJ14: 0 | AK14: 1583.4977 | AL14: 1579.2148 | AM14: 1508.936 | AN14: 1603.2428 | AU14: 2 | AV14: 1262.2397 | AW14: 1303.4396 | AX14: 0 | AY14: 0 | AZ14: 0 | BA14: 1632.304 | BB14: 0 | BC14: 0 | BD14: 0 | BE14: 1215.6016 | BF14: 0 | BG14: 1583.4977 | BH14: 1579.2148 | BI14: 1508.936 | BJ14: 1603.2428 | BQ14: 2 | BR14: 1302.2397 | BS14: 1342.4396 | BT14: 0 | BU14: 0 | BV14: 0 | BW14: 1685.304 | BX14: 0 | BY14: 0 | BZ14: 0 | CA14: 1248.6016 | CB14: 0 | CC14: 1632.4977 | CD14: 1623.2148 | CE14: 1569.936 | CF14: 1653.2428 | CM14: 2 | CN14: 1262.2397 | CO14: 1303.4396 | CP14: 0 | CQ14: 0 | CR14: 0 | CS14: 1632.304 | CT14: 0 | CU14: 0 | CV14: 0 | CW14: 1215.6016 | CX14: 0 | CY14: 1583.4977 | CZ14: 1579.2148 | DA14: 1508.936 | DB14: 1603.2428 | DI14: 2 | DJ14: 1262.2397 | DK14: 1303.4396 | DL14: 0 | DM14: 0 | DN14: 0 | DO14: 1632.304 | DP14: 0 | DQ14: 0 | DR14: 0 | DS14: 1215.6016 | DT14: 0 | DU14: 1583.4977 | DV14: 1579.2148 | DW14: 1508.936 | DX14: 1603.2428 | EE14: 2 | EF14: 1302.2397 | EG14: 1342.4396 | EH14: 0 | EI14: 0 | EJ14: 0 | EK14: 1685.304 | EL14: 0 | EM14: 0 | EN14: 0 | EO14: 1248.6016 | EP14: 0 | EQ14: 1631.4977 | ER14: 1623.2148 | ES14: 1569.936 | ET14: 1653.2428 | FA14: 2 | FB14: 1262.2397 | FC14: 1303.4396 | FD14: 0 | FE14: 0 | FF14: 0 | FG14: 1632.304 | FH14: 0 | FI14: 0 | FJ14: 0 | FK14: 1215.6016 | FL14: 0 | FM14: 1583.4977 | FN14: 1579.2148 | FO14: 1508.936 | FP14: 1603.2428 | FW14: 2 | FX14: 1262.2397 | FY14: 1303.4396 | FZ14: 0 | GA14: 0 | GB14: 0 | GC14: 1632.304 | GD14: 0 | GE14: 0 | GF14: 0 | GG14: 1215.6016 | GH14: 0 | GI14: 1583.4977 | GJ14: 1579.2148 | GK14: 1508.936 | GL14: 1603.2428 | GS14: 2 | GT14: 1302.2397 | GU14: 1342.4396 | GV14: 0 | GW14: 0 | GX14: 0 | GY14: 1685.304 | GZ14: 0 | HA14: 0 | HB14: 0 | HC14: 1248.6016 | HD14: 0 | HE14: 1631.4977 | HF14: 1623.2148 | HG14: 1569.936 | HH14: 1653.2428
C15: 3 | D15: =Suppliers_stock_balance!D214 | E15: =Suppliers_stock_balance!E214 | F15: =Suppliers_stock_balance!F214 | G15: =Suppliers_stock_balance!G214 | H15: =Suppliers_stock_balance!H214 | I15: =Suppliers_stock_balance!I214 | J15: =Suppliers_stock_balance!J214 | K15: =Suppliers_stock_balance!K214 | ... R15: =Suppliers_stock_balance!R214 | Y15: 3 | Z15: 3540.7346 | AA15: 0 | AB15: 0 | AC15: 1883.1626 | AD15: 0 | AE15: 4031.312 | AF15: 2527.3066 | AG15: 0 | AH15: 0 | AI15: 0 | AJ15: 1655.4375 | AK15: 0 | AL15: 0 | AM15: 0 | AN15: 1385.7436 | AU15: 3 | AV15: 3540.7346 | AW15: 0 | AX15: 0 | AY15: 1883.1626 | AZ15: 0 | BA15: 4031.312 | BB15: 2527.3066 | BC15: 0 | BD15: 0 | BE15: 0 | BF15: 1655.4375 | BG15: 0 | BH15: 0 | BI15: 0 | BJ15: 1385.7436 | BQ15: 3 | BR15: 3602.7346 | BS15: 0 | BT15: 0 | BU15: 1941.1626 | BV15: 0 | BW15: 4093.312 | BX15: 2568.3066 | BY15: 0 | BZ15: 0 | CA15: 0 | CB15: 1690.4375 | CC15: 0 | CD15: 0 | CE15: 0 | CF15: 1429.7436 | CM15: 3 | CN15: 3540.7346 | CO15: 0 | CP15: 0 | CQ15: 1883.1626 | CR15: 0 | CS15: 4031.312 | CT15: 2527.3066 | CU15: 0 | CV15: 0 | CW15: 0 | CX15: 1655.4375 | CY15: 0 | CZ15: 0 | DA15: 0 | DB15: 1385.7436 | DI15: 3 | DJ15: 3540.7346 | DK15: 0 | DL15: 0 | DM15: 1883.1626 | DN15: 0 | DO15: 4031.312 | DP15: 2527.3066 | DQ15: 0 | DR15: 0 | DS15: 0 | DT15: 1655.4375 | DU15: 0 | DV15: 0 | DW15: 0 | DX15: 1385.7436 | EE15: 3 | EF15: 3602.7346 | EG15: 0 | EH15: 0 | EI15: 1941.1626 | EJ15: 0 | EK15: 4093.312 | EL15: 2568.3066 | EM15: 0 | EN15: 0 | EO15: 0 | EP15: 1690.4375 | EQ15: 0 | ER15: 0 | ES15: 0 | ET15: 1429.7436 | FA15: 3 | FB15: 3540.7346 | FC15: 0 | FD15: 0 | FE15: 1883.1626 | FF15: 0 | FG15: 4031.312 | FH15: 2527.3066 | FI15: 0 | FJ15: 0 | FK15: 0 | FL15: 1655.4375 | FM15: 0 | FN15: 0 | FO15: 0 | FP15: 1385.7436 | FW15: 3 | FX15: 3540.7346 | FY15: 0 | FZ15: 0 | GA15: 1883.1626 | GB15: 0 | GC15: 4031.312 | GD15: 2527.3066 | GE15: 0 | GF15: 0 | GG15: 0 | GH15: 1655.4375 | GI15: 0 | GJ15: 0 | GK15: 0 | GL15: 1385.7436 | GS15: 3 | GT15: 3602.7346 | GU15: 0 | GV15: 0 | GW15: 1941.1626 | GX15: 0 | GY15: 4093.312 | GZ15: 2568.3066 | HA15: 0 | HB15: 0 | HC15: 0 | HD15: 1690.4375 | HE15: 0 | HF15: 0 | HG15: 0 | HH15: 1429.7436
C17: Var(Var(d)) | D17: 1 | E17: 2 | F17: 3 | G17: 4 | H17: 5 | I17: 6 | J17: 7 | K17: 8 | L17: 9 | M17: 10 | N17: 11 | O17: 12 | P17: 13 | Q17: 14 | R17: 15 | Y17: Var(Var(d)) | Z17: 1 | AA17: 2 | AB17: 3 | AC17: 4 | AD17: 5 | AE17: 6 | AF17: 7 | AG17: 8 | AH17: 9 | AI17: 10 | AJ17: 11 | AK17: 12 | AL17: 13 | AM17: 14 | AN17: 15 | AU17: Var(Var(d)) | AV17: 1 | AW17: 2 | AX17: 3 | AY17: 4 | AZ17: 5 | BA17: 6 | BB17: 7 | BC17: 8 | BD17: 9 | BE17: 10 | BF17: 11 | BG17: 12 | BH17: 13 | BI17: 14 | BJ17: 15 | BQ17: Var(Var(d)) | BR17: 1 | BS17: 2 | BT17: 3 | BU17: 4 | BV17: 5 | BW17: 6 | BX17: 7 | BY17: 8 | BZ17: 9 | CA17: 10 | CB17: 11 | CC17: 12 | CD17: 13 | CE17: 14 | CF17: 15 | CM17: Var(Var(d)) | CN17: 1 | CO17: 2 | CP17: 3 | CQ17: 4 | CR17: 5 | CS17: 6 | CT17: 7 | CU17: 8 | CV17: 9 | CW17: 10 | CX17: 11 | CY17: 12 | CZ17: 13 | DA17: 14 | DB17: 15 | DI17: Var(Var(d)) | DJ17: 1 | DK17: 2 | DL17: 3 | DM17: 4 | DN17: 5 | DO17: 6 | DP17: 7 | DQ17: 8 | DR17: 9 | DS17: 10 | DT17: 11 | DU17: 12 | DV17: 13 | DW17: 14 | DX17: 15 | EE17: Var(Var(d)) | EF17: 1 | EG17: 2 | EH17: 3 | EI17: 4 | EJ17: 5 | EK17: 6 | EL17: 7 | EM17: 8 | EN17: 9 | EO17: 10 | EP17: 11 | EQ17: 12 | ER17: 13 | ES17: 14 | ET17: 15 | FA17: Var(Var(d)) | FB17: 1 | FC17: 2 | FD17: 3 | FE17: 4 | FF17: 5 | FG17: 6 | FH17: 7 | FI17: 8 | FJ17: 9 | FK17: 10 | FL17: 11 | FM17: 12 | FN17: 13 | FO17: 14 | FP17: 15 | FW17: Var(Var(d)) | FX17: 1 | FY17: 2 | FZ17: 3 | GA17: 4 | GB17: 5 | GC17: 6 | GD17: 7 | GE17: 8 | GF17: 9 | GG17: 10 | GH17: 11 | GI17: 12 | GJ17: 13 | GK17: 14 | GL17: 15 | GS17: Var(Var(d)) | GT17: 1 | GU17: 2 | GV17: 3 | GW17: 4 | GX17: 5 | GY17: 6 | GZ17: 7 | HA17: 8 | HB17: 9 | HC17: 10 | HD17: 11 | HE17: 12 | HF17: 13 | HG17: 14 | HH17: 15
C18: 1 | D18: =Supp_Fourth_central_moment_5var!D18 | E18: =Supp_Fourth_central_moment_5var!E18 | F18: =Supp_Fourth_central_moment_5var!F18 | G18: =Supp_Fourth_central_moment_5var!G18 | H18: =Supp_Fourth_central_moment_5var!H18 | I18: =Supp_Fourth_central_moment_5var!I18 | J18: =Supp_Fourth_central_moment_5var!J18 | K18: =Supp_Fourth_central_moment_5var!K18 | ... R18: =Supp_Fourth_central_moment_5var!R18 | Y18: 1 | Z18: 2844775.6 | AA18: 7742075.2 | AB18: 2229641.4 | AC18: 2432768.1 | AD18: 42027317 | AE18: 9873756.6 | AF18: 2163246.7 | AG18: 45899044 | AH18: 26555973 | AI18: 12428393 | AJ18: 37330296 | AK18: 2556127.9 | AL18: 9749356.5 | AM18: 8597118.3 | AN18: 85374523 | AU18: 1 | AV18: 2844775.6 | AW18: 7742075.2 | AX18: 2229641.4 | AY18: 2432768.1 | AZ18: 42027317 | BA18: 9873756.6 | BB18: 2163246.7 | BC18: 45899044 | BD18: 26555973 | BE18: 12428393 | BF18: 37330296 | BG18: 2556127.9 | BH18: 9749356.5 | BI18: 8597118.3 | BJ18: 85374523 | BQ18: 1 | BR18: 2844775.6 | BS18: 7742075.2 | BT18: 2229641.4 | BU18: 2432768.1 | BV18: 42027317 | BW18: 9873756.6 | BX18: 2163246.7 | BY18: 45899044 | BZ18: 26555973 | CA18: 12428393 | CB18: 37330296 | CC18: 2556127.9 | CD18: 9749356.5 | CE18: 8597118.3 | CF18: 85374523 | CM18: 1 | CN18: 2844775.6 | CO18: 7742075.2 | CP18: 2229641.4 | CQ18: 2432768.1 | CR18: 42027317 | CS18: 9873756.6 | CT18: 2163246.7 | CU18: 45899044 | CV18: 26555973 | CW18: 12428393 | CX18: 37330296 | CY18: 2556127.9 | CZ18: 9749356.5 | DA18: 8597118.3 | DB18: 85374523 | DI18: 1 | DJ18: 2844775.6 | DK18: 7742075.2 | DL18: 2229641.4 | DM18: 2432768.1 | DN18: 42027317 | DO18: 9873756.6 | DP18: 2163246.7 | DQ18: 45899044 | DR18: 26555973 | DS18: 12428393 | DT18: 37330296 | DU18: 2556127.9 | DV18: 9749356.5 | DW18: 8597118.3 | DX18: 85374523 | EE18: 1 | EF18: 2844775.6 | EG18: 7742075.2 | EH18: 2229641.4 | EI18: 2432768.1 | EJ18: 42027317 | EK18: 9873756.6 | EL18: 2163246.7 | EM18: 45899044 | EN18: 26555973 | EO18: 12428393 | EP18: 37330296 | EQ18: 2556127.9 | ER18: 9749356.5 | ES18: 8597118.3 | ET18: 85374523 | FA18: 1 | FB18: 2844775.6 | FC18: 7742075.2 | FD18: 2229641.4 | FE18: 2432768.1 | FF18: 42027317 | FG18: 9873756.6 | FH18: 2163246.7 | FI18: 45899044 | FJ18: 26555973 | FK18: 12428393 | FL18: 37330296 | FM18: 2556127.9 | FN18: 9749356.5 | FO18: 8597118.3 | FP18: 85374523 | FW18: 1 | FX18: 2844775.6 | FY18: 7742075.2 | FZ18: 2229641.4 | GA18: 2432768.1 | GB18: 42027317 | GC18: 9873756.6 | GD18: 2163246.7 | GE18: 45899044 | GF18: 26555973 | GG18: 12428393 | GH18: 37330296 | GI18: 2556127.9 | GJ18: 9749356.5 | GK18: 8597118.3 | GL18: 85374523 | GS18: 1 | GT18: 2844775.6 | GU18: 7742075.2 | GV18: 2229641.4 | GW18: 2432768.1 | GX18: 42027317 | GY18: 9873756.6 | GZ18: 2163246.7 | HA18: 45899044 | HB18: 26555973 | HC18: 12428393 | HD18: 37330296 | HE18: 2556127.9 | HF18: 9749356.5 | HG18: 8597118.3 | HH18: 85374523
C19: 2 | D19: =Supp_Fourth_central_moment_5var!D19 | E19: =Supp_Fourth_central_moment_5var!E19 | F19: =Supp_Fourth_central_moment_5var!F19 | G19: =Supp_Fourth_central_moment_5var!G19 | H19: =Supp_Fourth_central_moment_5var!H19 | I19: =Supp_Fourth_central_moment_5var!I19 | J19: =Supp_Fourth_central_moment_5var!J19 | K19: =Supp_Fourth_central_moment_5var!K19 | ... R19: =Supp_Fourth_central_moment_5var!R19 | Y19: 2 | Z19: 16442955 | AA19: 9026290 | AB19: 4855892.1 | AC19: 13808858 | AD19: 25179163 | AE19: 34894600 | AF19: 9244423.7 | AG19: 2977286.9 | AH19: 8318899.5 | AI19: 8485006.6 | AJ19: 5997213.4 | AK19: 26367470 | AL19: 11445921 | AM19: 45386782 | AN19: 38903315 | AU19: 2 | AV19: 16442955 | AW19: 9026290 | AX19: 4855892.1 | AY19: 13808858 | AZ19: 25179163 | BA19: 34894600 | BB19: 9244423.7 | BC19: 2977286.9 | BD19: 8318899.5 | BE19: 8485006.6 | BF19: 5997213.4 | BG19: 26367470 | BH19: 11445921 | BI19: 45386782 | BJ19: 38903315 | BQ19: 2 | BR19: 16442955 | BS19: 9026290 | BT19: 4855892.1 | BU19: 13808858 | BV19: 25179163 | BW19: 34894600 | BX19: 9244423.7 | BY19: 2977286.9 | BZ19: 8318899.5 | CA19: 8485006.6 | CB19: 5997213.4 | CC19: 26367470 | CD19: 11445921 | CE19: 45386782 | CF19: 38903315 | CM19: 2 | CN19: 16442955 | CO19: 9026290 | CP19: 4855892.1 | CQ19: 13808858 | CR19: 25179163 | CS19: 34894600 | CT19: 9244423.7 | CU19: 2977286.9 | CV19: 8318899.5 | CW19: 8485006.6 | CX19: 5997213.4 | CY19: 26367470 | CZ19: 11445921 | DA19: 45386782 | DB19: 38903315 | DI19: 2 | DJ19: 16442955 | DK19: 9026290 | DL19: 4855892.1 | DM19: 13808858 | DN19: 25179163 | DO19: 34894600 | DP19: 9244423.7 | DQ19: 2977286.9 | DR19: 8318899.5 | DS19: 8485006.6 | DT19: 5997213.4 | DU19: 26367470 | DV19: 11445921 | DW19: 45386782 | DX19: 38903315 | EE19: 2 | EF19: 16442955 | EG19: 9026290 | EH19: 4855892.1 | EI19: 13808858 | EJ19: 25179163 | EK19: 34894600 | EL19: 9244423.7 | EM19: 2977286.9 | EN19: 8318899.5 | EO19: 8485006.6 | EP19: 5997213.4 | EQ19: 26367470 | ER19: 11445921 | ES19: 45386782 | ET19: 38903315 | FA19: 2 | FB19: 16442955 | FC19: 9026290 | FD19: 4855892.1 | FE19: 13808858 | FF19: 25179163 | FG19: 34894600 | FH19: 9244423.7 | FI19: 2977286.9 | FJ19: 8318899.5 | FK19: 8485006.6 | FL19: 5997213.4 | FM19: 26367470 | FN19: 11445921 | FO19: 45386782 | FP19: 38903315 | FW19: 2 | FX19: 16442955 | FY19: 9026290 | FZ19: 4855892.1 | GA19: 13808858 | GB19: 25179163 | GC19: 34894600 | GD19: 9244423.7 | GE19: 2977286.9 | GF19: 8318899.5 | GG19: 8485006.6 | GH19: 5997213.4 | GI19: 26367470 | GJ19: 11445921 | GK19: 45386782 | GL19: 38903315 | GS19: 2 | GT19: 16442955 | GU19: 9026290 | GV19: 4855892.1 | GW19: 13808858 | GX19: 25179163 | GY19: 34894600 | GZ19: 9244423.7 | HA19: 2977286.9 | HB19: 8318899.5 | HC19: 8485006.6 | HD19: 5997213.4 | HE19: 26367470 | HF19: 11445921 | HG19: 45386782 | HH19: 38903315
C20: 3 | D20: =Supp_Fourth_central_moment_5var!D20 | E20: =Supp_Fourth_central_moment_5var!E20 | F20: =Supp_Fourth_central_moment_5var!F20 | G20: =Supp_Fourth_central_moment_5var!G20 | H20: =Supp_Fourth_central_moment_5var!H20 | I20: =Supp_Fourth_central_moment_5var!I20 | J20: =Supp_Fourth_central_moment_5var!J20 | K20: =Supp_Fourth_central_moment_5var!K20 | ... R20: =Supp_Fourth_central_moment_5var!R20 | Y20: 3 | Z20: 58453271 | AA20: 4551358.7 | AB20: 2885793.1 | AC20: 69307093 | AD20: 5392062.9 | AE20: 65012269 | AF20: 23677849 | AG20: 14290849 | AH20: 5095842.9 | AI20: 5486371 | AJ20: 19131440 | AK20: 11275128 | AL20: 12931980 | AM20: 14603460 | AN20: 26872387 | AU20: 3 | AV20: 58453271 | AW20: 4551358.7 | AX20: 2885793.1 | AY20: 69307093 | AZ20: 5392062.9 | BA20: 65012269 | BB20: 23677849 | BC20: 14290849 | BD20: 5095842.9 | BE20: 5486371 | BF20: 19131440 | BG20: 11275128 | BH20: 12931980 | BI20: 14603460 | BJ20: 26872387 | BQ20: 3 | BR20: 58453271 | BS20: 4551358.7 | BT20: 2885793.1 | BU20: 69307093 | BV20: 5392062.9 | BW20: 65012269 | BX20: 23677849 | BY20: 14290849 | BZ20: 5095842.9 | CA20: 5486371 | CB20: 19131440 | CC20: 11275128 | CD20: 12931980 | CE20: 14603460 | CF20: 26872387 | CM20: 3 | CN20: 58453271 | CO20: 4551358.7 | CP20: 2885793.1 | CQ20: 69307093 | CR20: 5392062.9 | CS20: 65012269 | CT20: 23677849 | CU20: 14290849 | CV20: 5095842.9 | CW20: 5486371 | CX20: 19131440 | CY20: 11275128 | CZ20: 12931980 | DA20: 14603460 | DB20: 26872387 | DI20: 3 | DJ20: 58453271 | DK20: 4551358.7 | DL20: 2885793.1 | DM20: 69307093 | DN20: 5392062.9 | DO20: 65012269 | DP20: 23677849 | DQ20: 14290849 | DR20: 5095842.9 | DS20: 5486371 | DT20: 19131440 | DU20: 11275128 | DV20: 12931980 | DW20: 14603460 | DX20: 26872387 | EE20: 3 | EF20: 58453271 | EG20: 4551358.7 | EH20: 2885793.1 | EI20: 69307093 | EJ20: 5392062.9 | EK20: 65012269 | EL20: 23677849 | EM20: 14290849 | EN20: 5095842.9 | EO20: 5486371 | EP20: 19131440 | EQ20: 11275128 | ER20: 12931980 | ES20: 14603460 | ET20: 26872387 | FA20: 3 | FB20: 58453271 | FC20: 4551358.7 | FD20: 2885793.1 | FE20: 69307093 | FF20: 5392062.9 | FG20: 65012269 | FH20: 23677849 | FI20: 14290849 | FJ20: 5095842.9 | FK20: 5486371 | FL20: 19131440 | FM20: 11275128 | FN20: 12931980 | FO20: 14603460 | FP20: 26872387 | FW20: 3 | FX20: 58453271 | FY20: 4551358.7 | FZ20: 2885793.1 | GA20: 69307093 | GB20: 5392062.9 | GC20: 65012269 | GD20: 23677849 | GE20: 14290849 | GF20: 5095842.9 | GG20: 5486371 | GH20: 19131440 | GI20: 11275128 | GJ20: 12931980 | GK20: 14603460 | GL20: 26872387 | GS20: 3 | GT20: 58453271 | GU20: 4551358.7 | GV20: 2885793.1 | GW20: 69307093 | GX20: 5392062.9 | GY20: 65012269 | GZ20: 23677849 | HA20: 14290849 | HB20: 5095842.9 | HC20: 5486371 | HD20: 19131440 | HE20: 11275128 | HF20: 12931980 | HG20: 14603460 | HH20: 26872387
C22: Var(Var(Cap)) | D22: 1 | E22: 2 | F22: 3 | G22: 4 | H22: 5 | I22: 6 | J22: 7 | K22: 8 | L22: 9 | M22: 10 | N22: 11 | O22: 12 | P22: 13 | Q22: 14 | R22: 15 | Y22: Var(Var(Cap)) | Z22: 1 | AA22: 2 | AB22: 3 | AC22: 4 | AD22: 5 | AE22: 6 | AF22: 7 | AG22: 8 | AH22: 9 | AI22: 10 | AJ22: 11 | AK22: 12 | AL22: 13 | AM22: 14 | AN22: 15 | AU22: Var(Var(Cap)) | AV22: 1 | AW22: 2 | AX22: 3 | AY22: 4 | AZ22: 5 | BA22: 6 | BB22: 7 | BC22: 8 | BD22: 9 | BE22: 10 | BF22: 11 | BG22: 12 | BH22: 13 | BI22: 14 | BJ22: 15 | BQ22: Var(Var(Cap)) | BR22: 1 | BS22: 2 | BT22: 3 | BU22: 4 | BV22: 5 | BW22: 6 | BX22: 7 | BY22: 8 | BZ22: 9 | CA22: 10 | CB22: 11 | CC22: 12 | CD22: 13 | CE22: 14 | CF22: 15 | CM22: Var(Var(Cap)) | CN22: 1 | CO22: 2 | CP22: 3 | CQ22: 4 | CR22: 5 | CS22: 6 | CT22: 7 | CU22: 8 | CV22: 9 | CW22: 10 | CX22: 11 | CY22: 12 | CZ22: 13 | DA22: 14 | DB22: 15 | DI22: Var(Var(Cap)) | DJ22: 1 | DK22: 2 | DL22: 3 | DM22: 4 | DN22: 5 | DO22: 6 | DP22: 7 | DQ22: 8 | DR22: 9 | DS22: 10 | DT22: 11 | DU22: 12 | DV22: 13 | DW22: 14 | DX22: 15 | EE22: Var(Var(Cap)) | EF22: 1 | EG22: 2 | EH22: 3 | EI22: 4 | EJ22: 5 | EK22: 6 | EL22: 7 | EM22: 8 | EN22: 9 | EO22: 10 | EP22: 11 | EQ22: 12 | ER22: 13 | ES22: 14 | ET22: 15 | FA22: Var(Var(Cap)) | FB22: 1 | FC22: 2 | FD22: 3 | FE22: 4 | FF22: 5 | FG22: 6 | FH22: 7 | FI22: 8 | FJ22: 9 | FK22: 10 | FL22: 11 | FM22: 12 | FN22: 13 | FO22: 14 | FP22: 15 | FW22: Var(Var(Cap)) | FX22: 1 | FY22: 2 | FZ22: 3 | GA22: 4 | GB22: 5 | GC22: 6 | GD22: 7 | GE22: 8 | GF22: 9 | GG22: 10 | GH22: 11 | GI22: 12 | GJ22: 13 | GK22: 14 | GL22: 15 | GS22: Var(Var(Cap)) | GT22: 1 | GU22: 2 | GV22: 3 | GW22: 4 | GX22: 5 | GY22: 6 | GZ22: 7 | HA22: 8 | HB22: 9 | HC22: 10 | HD22: 11 | HE22: 12 | HF22: 13 | HG22: 14 | HH22: 15
C23: 1 | D23: =Supp_Fourth_central_moment_5var!D24 | E23: =Supp_Fourth_central_moment_5var!E24 | F23: =Supp_Fourth_central_moment_5var!F24 | G23: =Supp_Fourth_central_moment_5var!G24 | H23: =Supp_Fourth_central_moment_5var!H24 | I23: =Supp_Fourth_central_moment_5var!I24 | J23: =Supp_Fourth_central_moment_5var!J24 | K23: =Supp_Fourth_central_moment_5var!K24 | ... R23: =Supp_Fourth_central_moment_5var!R24 | Y23: 1 | Z23: 8526359.4 | AA23: 12657216 | AB23: 18040924 | AC23: 11831926 | AD23: 27221024 | AE23: 1919326 | AF23: 15405680 | AG23: 11110350 | AH23: 8390576.7 | AI23: 17370807 | AJ23: 31963314 | AK23: 3912563.3 | AL23: 4076126.2 | AM23: 2176888.1 | AN23: 22626377 | AU23: 1 | AV23: 8526359.4 | AW23: 12657216 | AX23: 18040924 | AY23: 11831926 | AZ23: 27221024 | BA23: 1919326 | BB23: 15405680 | BC23: 11110350 | BD23: 8390576.7 | BE23: 17370807 | BF23: 31963314 | BG23: 3912563.3 | BH23: 4076126.2 | BI23: 2176888.1 | BJ23: 22626377 | BQ23: 1 | BR23: 8526359.4 | BS23: 12657216 | BT23: 18040924 | BU23: 11831926 | BV23: 27221024 | BW23: 1919326 | BX23: 15405680 | BY23: 11110350 | BZ23: 8390576.7 | CA23: 17370807 | CB23: 31963314 | CC23: 3912563.3 | CD23: 4076126.2 | CE23: 2176888.1 | CF23: 22626377 | CM23: 1 | CN23: 8526359.4 | CO23: 12657216 | CP23: 18040924 | CQ23: 11831926 | CR23: 27221024 | CS23: 1919326 | CT23: 15405680 | CU23: 11110350 | CV23: 8390576.7 | CW23: 17370807 | CX23: 31963314 | CY23: 3912563.3 | CZ23: 4076126.2 | DA23: 2176888.1 | DB23: 22626377 | DI23: 1 | DJ23: 8526359.4 | DK23: 12657216 | DL23: 18040924 | DM23: 11831926 | DN23: 27221024 | DO23: 1919326 | DP23: 15405680 | DQ23: 11110350 | DR23: 8390576.7 | DS23: 17370807 | DT23: 31963314 | DU23: 3912563.3 | DV23: 4076126.2 | DW23: 2176888.1 | DX23: 22626377 | EE23: 1 | EF23: 8526359.4 | EG23: 12657216 | EH23: 18040924 | EI23: 11831926 | EJ23: 27221024 | EK23: 1919326 | EL23: 15405680 | EM23: 11110350 | EN23: 8390576.7 | EO23: 17370807 | EP23: 31963314 | EQ23: 3912563.3 | ER23: 4076126.2 | ES23: 2176888.1 | ET23: 22626377 | FA23: 1 | FB23: 8526359.4 | FC23: 12657216 | FD23: 18040924 | FE23: 11831926 | FF23: 27221024 | FG23: 1919326 | FH23: 15405680 | FI23: 11110350 | FJ23: 8390576.7 | FK23: 17370807 | FL23: 31963314 | FM23: 3912563.3 | FN23: 4076126.2 | FO23: 2176888.1 | FP23: 22626377 | FW23: 1 | FX23: 8526359.4 | FY23: 12657216 | FZ23: 18040924 | GA23: 11831926 | GB23: 27221024 | GC23: 1919326 | GD23: 15405680 | GE23: 11110350 | GF23: 8390576.7 | GG23: 17370807 | GH23: 31963314 | GI23: 3912563.3 | GJ23: 4076126.2 | GK23: 2176888.1 | GL23: 22626377 | GS23: 1 | GT23: 8526359.4 | GU23: 12657216 | GV23: 18040924 | GW23: 11831926 | GX23: 27221024 | GY23: 1919326 | GZ23: 15405680 | HA23: 11110350 | HB23: 8390576.7 | HC23: 17370807 | HD23: 31963314 | HE23: 3912563.3 | HF23: 4076126.2 | HG23: 2176888.1 | HH23: 22626377
C24: 2 | D24: =Supp_Fourth_central_moment_5var!D25 | E24: =Supp_Fourth_central_moment_5var!E25 | F24: =Supp_Fourth_central_moment_5var!F25 | G24: =Supp_Fourth_central_moment_5var!G25 | H24: =Supp_Fourth_central_moment_5var!H25 | I24: =Supp_Fourth_central_moment_5var!I25 | J24: =Supp_Fourth_central_moment_5var!J25 | K24: =Supp_Fourth_central_moment_5var!K25 | ... R24: =Supp_Fourth_central_moment_5var!R25 | Y24: 2 | Z24: 6878770.2 | AA24: 4160458.1 | AB24: 12301143 | AC24: 1.0452533e+08 | AD24: 17313597 | AE24: 16551330 | AF24: 8533079.4 | AG24: 9406080.4 | AH24: 20459970 | AI24: 2934289.7 | AJ24: 22429145 | AK24: 11754810 | AL24: 4985629.9 | AM24: 27519080 | AN24: 16282301 | AU24: 2 | AV24: 6878770.2 | AW24: 4160458.1 | AX24: 12301143 | AY24: 1.0452533e+08 | AZ24: 17313597 | BA24: 16551330 | BB24: 8533079.4 | BC24: 9406080.4 | BD24: 20459970 | BE24: 2934289.7 | BF24: 22429145 | BG24: 11754810 | BH24: 4985629.9 | BI24: 27519080 | BJ24: 16282301 | BQ24: 2 | BR24: 6878770.2 | BS24: 4160458.1 | BT24: 12301143 | BU24: 1.0452533e+08 | BV24: 17313597 | BW24: 16551330 | BX24: 8533079.4 | BY24: 9406080.4 | BZ24: 20459970 | CA24: 2934289.7 | CB24: 22429145 | CC24: 11754810 | CD24: 4985629.9 | CE24: 27519080 | CF24: 16282301 | CM24: 2 | CN24: 6878770.2 | CO24: 4160458.1 | CP24: 12301143 | CQ24: 1.0452533e+08 | CR24: 17313597 | CS24: 16551330 | CT24: 8533079.4 | CU24: 9406080.4 | CV24: 20459970 | CW24: 2934289.7 | CX24: 22429145 | CY24: 11754810 | CZ24: 4985629.9 | DA24: 27519080 | DB24: 16282301 | DI24: 2 | DJ24: 6878770.2 | DK24: 4160458.1 | DL24: 12301143 | DM24: 1.0452533e+08 | DN24: 17313597 | DO24: 16551330 | DP24: 8533079.4 | DQ24: 9406080.4 | DR24: 20459970 | DS24: 2934289.7 | DT24: 22429145 | DU24: 11754810 | DV24: 4985629.9 | DW24: 27519080 | DX24: 16282301 | EE24: 2 | EF24: 6878770.2 | EG24: 4160458.1 | EH24: 12301143 | EI24: 1.0452533e+08 | EJ24: 17313597 | EK24: 16551330 | EL24: 8533079.4 | EM24: 9406080.4 | EN24: 20459970 | EO24: 2934289.7 | EP24: 22429145 | EQ24: 11754810 | ER24: 4985629.9 | ES24: 27519080 | ET24: 16282301 | FA24: 2 | FB24: 6878770.2 | FC24: 4160458.1 | FD24: 12301143 | FE24: 1.0452533e+08 | FF24: 17313597 | FG24: 16551330 | FH24: 8533079.4 | FI24: 9406080.4 | FJ24: 20459970 | FK24: 2934289.7 | FL24: 22429145 | FM24: 11754810 | FN24: 4985629.9 | FO24: 27519080 | FP24: 16282301 | FW24: 2 | FX24: 6878770.2 | FY24: 4160458.1 | FZ24: 12301143 | GA24: 1.0452533e+08 | GB24: 17313597 | GC24: 16551330 | GD24: 8533079.4 | GE24: 9406080.4 | GF24: 20459970 | GG24: 2934289.7 | GH24: 22429145 | GI24: 11754810 | GJ24: 4985629.9 | GK24: 27519080 | GL24: 16282301 | GS24: 2 | GT24: 6878770.2 | GU24: 4160458.1 | GV24: 12301143 | GW24: 1.0452533e+08 | GX24: 17313597 | GY24: 16551330 | GZ24: 8533079.4 | HA24: 9406080.4 | HB24: 20459970 | HC24: 2934289.7 | HD24: 22429145 | HE24: 11754810 | HF24: 4985629.9 | HG24: 27519080 | HH24: 16282301
C25: 3 | D25: =Supp_Fourth_central_moment_5var!D26 | E25: =Supp_Fourth_central_moment_5var!E26 | F25: =Supp_Fourth_central_moment_5var!F26 | G25: =Supp_Fourth_central_moment_5var!G26 | H25: =Supp_Fourth_central_moment_5var!H26 | I25: =Supp_Fourth_central_moment_5var!I26 | J25: =Supp_Fourth_central_moment_5var!J26 | K25: =Supp_Fourth_central_moment_5var!K26 | ... R25: =Supp_Fourth_central_moment_5var!R26 | Y25: 3 | Z25: 11418019 | AA25: 16496157 | AB25: 26265785 | AC25: 29589068 | AD25: 18192654 | AE25: 8745661 | AF25: 2328698.7 | AG25: 27459813 | AH25: 24860351 | AI25: 8627578.1 | AJ25: 3371880.8 | AK25: 9817630 | AL25: 36082173 | AM25: 23660993 | AN25: 11348486 | AU25: 3 | AV25: 11418019 | AW25: 16496157 | AX25: 26265785 | AY25: 29589068 | AZ25: 18192654 | BA25: 8745661 | BB25: 2328698.7 | BC25: 27459813 | BD25: 24860351 | BE25: 8627578.1 | BF25: 3371880.8 | BG25: 9817630 | BH25: 36082173 | BI25: 23660993 | BJ25: 11348486 | BQ25: 3 | BR25: 11418019 | BS25: 16496157 | BT25: 26265785 | BU25: 29589068 | BV25: 18192654 | BW25: 8745661 | BX25: 2328698.7 | BY25: 27459813 | BZ25: 24860351 | CA25: 8627578.1 | CB25: 3371880.8 | CC25: 9817630 | CD25: 36082173 | CE25: 23660993 | CF25: 11348486 | CM25: 3 | CN25: 11418019 | CO25: 16496157 | CP25: 26265785 | CQ25: 29589068 | CR25: 18192654 | CS25: 8745661 | CT25: 2328698.7 | CU25: 27459813 | CV25: 24860351 | CW25: 8627578.1 | CX25: 3371880.8 | CY25: 9817630 | CZ25: 36082173 | DA25: 23660993 | DB25: 11348486 | DI25: 3 | DJ25: 11418019 | DK25: 16496157 | DL25: 26265785 | DM25: 29589068 | DN25: 18192654 | DO25: 8745661 | DP25: 2328698.7 | DQ25: 27459813 | DR25: 24860351 | DS25: 8627578.1 | DT25: 3371880.8 | DU25: 9817630 | DV25: 36082173 | DW25: 23660993 | DX25: 11348486 | EE25: 3 | EF25: 11418019 | EG25: 16496157 | EH25: 26265785 | EI25: 29589068 | EJ25: 18192654 | EK25: 8745661 | EL25: 2328698.7 | EM25: 27459813 | EN25: 24860351 | EO25: 8627578.1 | EP25: 3371880.8 | EQ25: 9817630 | ER25: 36082173 | ES25: 23660993 | ET25: 11348486 | FA25: 3 | FB25: 11418019 | FC25: 16496157 | FD25: 26265785 | FE25: 29589068 | FF25: 18192654 | FG25: 8745661 | FH25: 2328698.7 | FI25: 27459813 | FJ25: 24860351 | FK25: 8627578.1 | FL25: 3371880.8 | FM25: 9817630 | FN25: 36082173 | FO25: 23660993 | FP25: 11348486 | FW25: 3 | FX25: 11418019 | FY25: 16496157 | FZ25: 26265785 | GA25: 29589068 | GB25: 18192654 | GC25: 8745661 | GD25: 2328698.7 | GE25: 27459813 | GF25: 24860351 | GG25: 8627578.1 | GH25: 3371880.8 | GI25: 9817630 | GJ25: 36082173 | GK25: 23660993 | GL25: 11348486 | GS25: 3 | GT25: 11418019 | GU25: 16496157 | GV25: 26265785 | GW25: 29589068 | GX25: 18192654 | GY25: 8745661 | GZ25: 2328698.7 | HA25: 27459813 | HB25: 24860351 | HC25: 8627578.1 | HD25: 3371880.8 | HE25: 9817630 | HF25: 36082173 | HG25: 23660993 | HH25: 11348486
B27: =Data!D27 | C27: CV | D27: 1 | E27: 2 | F27: 3 | G27: 4 | H27: 5 | I27: 6 | J27: 7 | K27: 8 | L27: 9 | M27: 10 | N27: 11 | O27: 12 | P27: 13 | Q27: 14 | R27: 15 | Y27: CV | Z27: 1 | AA27: 2 | AB27: 3 | AC27: 4 | AD27: 5 | AE27: 6 | AF27: 7 | AG27: 8 | AH27: 9 | AI27: 10 | AJ27: 11 | AK27: 12 | AL27: 13 | AM27: 14 | AN27: 15 | AU27: CV | AV27: 1 | AW27: 2 | AX27: 3 | AY27: 4 | AZ27: 5 | BA27: 6 | BB27: 7 | BC27: 8 | BD27: 9 | BE27: 10 | BF27: 11 | BG27: 12 | BH27: 13 | BI27: 14 | BJ27: 15 | BQ27: CV | BR27: 1 | BS27: 2 | BT27: 3 | BU27: 4 | BV27: 5 | BW27: 6 | BX27: 7 | BY27: 8 | BZ27: 9 | CA27: 10 | CB27: 11 | CC27: 12 | CD27: 13 | CE27: 14 | CF27: 15 | CM27: CV | CN27: 1 | CO27: 2 | CP27: 3 | CQ27: 4 | CR27: 5 | CS27: 6 | CT27: 7 | CU27: 8 | CV27: 9 | CW27: 10 | CX27: 11 | CY27: 12 | CZ27: 13 | DA27: 14 | DB27: 15 | DI27: CV | DJ27: 1 | DK27: 2 | DL27: 3 | DM27: 4 | DN27: 5 | DO27: 6 | DP27: 7 | DQ27: 8 | DR27: 9 | DS27: 10 | DT27: 11 | DU27: 12 | DV27: 13 | DW27: 14 | DX27: 15 | EE27: CV | EF27: 1 | EG27: 2 | EH27: 3 | EI27: 4 | EJ27: 5 | EK27: 6 | EL27: 7 | EM27: 8 | EN27: 9 | EO27: 10 | EP27: 11 | EQ27: 12 | ER27: 13 | ES27: 14 | ET27: 15 | FA27: CV | FB27: 1 | FC27: 2 | FD27: 3 | FE27: 4 | FF27: 5 | FG27: 6 | FH27: 7 | FI27: 8 | FJ27: 9 | FK27: 10 | FL27: 11 | FM27: 12 | FN27: 13 | FO27: 14 | FP27: 15 | FW27: CV | FX27: 1 | FY27: 2 | FZ27: 3 | GA27: 4 | GB27: 5 | GC27: 6 | GD27: 7 | GE27: 8 | GF27: 9 | GG27: 10 | GH27: 11 | GI27: 12 | GJ27: 13 | GK27: 14 | GL27: 15 | GS27: CV | GT27: 1 | GU27: 2 | GV27: 3 | GW27: 4 | GX27: 5 | GY27: 6 | GZ27: 7 | HA27: 8 | HB27: 9 | HC27: 10 | HD27: 11 | HE27: 12 | HF27: 13 | HG27: 14 | HH27: 15
C28: 1 | D28: =$B$27 | E28: =$B$27 | F28: =$B$27 | G28: =$B$27 | H28: =$B$27 | I28: =$B$27 | J28: =$B$27 | K28: =$B$27 | ... R28: =$B$27 | Y28: 1 | Z28: 0.2 | AA28: 0.2 | AB28: 0.2 | AC28: 0.2 | AD28: 0.2 | AE28: 0.2 | AF28: 0.2 | AG28: 0.2 | AH28: 0.2 | AI28: 0.2 | AJ28: 0.2 | AK28: 0.2 | AL28: 0.2 | AM28: 0.2 | AN28: 0.2 | AU28: 1 | AV28: 0.2 | AW28: 0.2 | AX28: 0.2 | AY28: 0.2 | AZ28: 0.2 | BA28: 0.2 | BB28: 0.2 | BC28: 0.2 | BD28: 0.2 | BE28: 0.2 | BF28: 0.2 | BG28: 0.2 | BH28: 0.2 | BI28: 0.2 | BJ28: 0.2 | BQ28: 1 | BR28: 0.2 | BS28: 0.2 | BT28: 0.2 | BU28: 0.2 | BV28: 0.2 | BW28: 0.2 | BX28: 0.2 | BY28: 0.2 | BZ28: 0.2 | CA28: 0.2 | CB28: 0.2 | CC28: 0.2 | CD28: 0.2 | CE28: 0.2 | CF28: 0.2 | CM28: 1 | CN28: 0.2 | CO28: 0.2 | CP28: 0.2 | CQ28: 0.2 | CR28: 0.2 | CS28: 0.2 | CT28: 0.2 | CU28: 0.2 | CV28: 0.2 | CW28: 0.2 | CX28: 0.2 | CY28: 0.2 | CZ28: 0.2 | DA28: 0.2 | DB28: 0.2 | DI28: 1 | DJ28: 0.2 | DK28: 0.2 | DL28: 0.2 | DM28: 0.2 | DN28: 0.2 | DO28: 0.2 | DP28: 0.2 | DQ28: 0.2 | DR28: 0.2 | DS28: 0.2 | DT28: 0.2 | DU28: 0.2 | DV28: 0.2 | DW28: 0.2 | DX28: 0.2 | EE28: 1 | EF28: 0.2 | EG28: 0.2 | EH28: 0.2 | EI28: 0.2 | EJ28: 0.2 | EK28: 0.2 | EL28: 0.2 | EM28: 0.2 | EN28: 0.2 | EO28: 0.2 | EP28: 0.2 | EQ28: 0.2 | ER28: 0.2 | ES28: 0.2 | ET28: 0.2 | FA28: 1 | FB28: 0.2 | FC28: 0.2 | FD28: 0.2 | FE28: 0.2 | FF28: 0.2 | FG28: 0.2 | FH28: 0.2 | FI28: 0.2 | FJ28: 0.2 | FK28: 0.2 | FL28: 0.2 | FM28: 0.2 | FN28: 0.2 | FO28: 0.2 | FP28: 0.2 | FW28: 1 | FX28: 0.2 | FY28: 0.2 | FZ28: 0.2 | GA28: 0.2 | GB28: 0.2 | GC28: 0.2 | GD28: 0.2 | GE28: 0.2 | GF28: 0.2 | GG28: 0.2 | GH28: 0.2 | GI28: 0.2 | GJ28: 0.2 | GK28: 0.2 | GL28: 0.2 | GS28: 1 | GT28: 0.2 | GU28: 0.2 | GV28: 0.2 | GW28: 0.2 | GX28: 0.2 | GY28: 0.2 | GZ28: 0.2 | HA28: 0.2 | HB28: 0.2 | HC28: 0.2 | HD28: 0.2 | HE28: 0.2 | HF28: 0.2 | HG28: 0.2 | HH28: 0.2
C29: 2 | D29: =$B$27 | E29: =$B$27 | F29: =$B$27 | G29: =$B$27 | H29: =$B$27 | I29: =$B$27 | J29: =$B$27 | K29: =$B$27 | ... R29: =$B$27 | Y29: 2 | Z29: 0.2 | AA29: 0.2 | AB29: 0.2 | AC29: 0.2 | AD29: 0.2 | AE29: 0.2 | AF29: 0.2 | AG29: 0.2 | AH29: 0.2 | AI29: 0.2 | AJ29: 0.2 | AK29: 0.2 | AL29: 0.2 | AM29: 0.2 | AN29: 0.2 | AU29: 2 | AV29: 0.2 | AW29: 0.2 | AX29: 0.2 | AY29: 0.2 | AZ29: 0.2 | BA29: 0.2 | BB29: 0.2 | BC29: 0.2 | BD29: 0.2 | BE29: 0.2 | BF29: 0.2 | BG29: 0.2 | BH29: 0.2 | BI29: 0.2 | BJ29: 0.2 | BQ29: 2 | BR29: 0.2 | BS29: 0.2 | BT29: 0.2 | BU29: 0.2 | BV29: 0.2 | BW29: 0.2 | BX29: 0.2 | BY29: 0.2 | BZ29: 0.2 | CA29: 0.2 | CB29: 0.2 | CC29: 0.2 | CD29: 0.2 | CE29: 0.2 | CF29: 0.2 | CM29: 2 | CN29: 0.2 | CO29: 0.2 | CP29: 0.2 | CQ29: 0.2 | CR29: 0.2 | CS29: 0.2 | CT29: 0.2 | CU29: 0.2 | CV29: 0.2 | CW29: 0.2 | CX29: 0.2 | CY29: 0.2 | CZ29: 0.2 | DA29: 0.2 | DB29: 0.2 | DI29: 2 | DJ29: 0.2 | DK29: 0.2 | DL29: 0.2 | DM29: 0.2 | DN29: 0.2 | DO29: 0.2 | DP29: 0.2 | DQ29: 0.2 | DR29: 0.2 | DS29: 0.2 | DT29: 0.2 | DU29: 0.2 | DV29: 0.2 | DW29: 0.2 | DX29: 0.2 | EE29: 2 | EF29: 0.2 | EG29: 0.2 | EH29: 0.2 | EI29: 0.2 | EJ29: 0.2 | EK29: 0.2 | EL29: 0.2 | EM29: 0.2 | EN29: 0.2 | EO29: 0.2 | EP29: 0.2 | EQ29: 0.2 | ER29: 0.2 | ES29: 0.2 | ET29: 0.2 | FA29: 2 | FB29: 0.2 | FC29: 0.2 | FD29: 0.2 | FE29: 0.2 | FF29: 0.2 | FG29: 0.2 | FH29: 0.2 | FI29: 0.2 | FJ29: 0.2 | FK29: 0.2 | FL29: 0.2 | FM29: 0.2 | FN29: 0.2 | FO29: 0.2 | FP29: 0.2 | FW29: 2 | FX29: 0.2 | FY29: 0.2 | FZ29: 0.2 | GA29: 0.2 | GB29: 0.2 | GC29: 0.2 | GD29: 0.2 | GE29: 0.2 | GF29: 0.2 | GG29: 0.2 | GH29: 0.2 | GI29: 0.2 | GJ29: 0.2 | GK29: 0.2 | GL29: 0.2 | GS29: 2 | GT29: 0.2 | GU29: 0.2 | GV29: 0.2 | GW29: 0.2 | GX29: 0.2 | GY29: 0.2 | GZ29: 0.2 | HA29: 0.2 | HB29: 0.2 | HC29: 0.2 | HD29: 0.2 | HE29: 0.2 | HF29: 0.2 | HG29: 0.2 | HH29: 0.2
C30: 3 | D30: =$B$27 | E30: =$B$27 | F30: =$B$27 | G30: =$B$27 | H30: =$B$27 | I30: =$B$27 | J30: =$B$27 | K30: =$B$27 | ... R30: =$B$27 | Y30: 3 | Z30: 0.2 | AA30: 0.2 | AB30: 0.2 | AC30: 0.2 | AD30: 0.2 | AE30: 0.2 | AF30: 0.2 | AG30: 0.2 | AH30: 0.2 | AI30: 0.2 | AJ30: 0.2 | AK30: 0.2 | AL30: 0.2 | AM30: 0.2 | AN30: 0.2 | AU30: 3 | AV30: 0.2 | AW30: 0.2 | AX30: 0.2 | AY30: 0.2 | AZ30: 0.2 | BA30: 0.2 | BB30: 0.2 | BC30: 0.2 | BD30: 0.2 | BE30: 0.2 | BF30: 0.2 | BG30: 0.2 | BH30: 0.2 | BI30: 0.2 | BJ30: 0.2 | BQ30: 3 | BR30: 0.2 | BS30: 0.2 | BT30: 0.2 | BU30: 0.2 | BV30: 0.2 | BW30: 0.2 | BX30: 0.2 | BY30: 0.2 | BZ30: 0.2 | CA30: 0.2 | CB30: 0.2 | CC30: 0.2 | CD30: 0.2 | CE30: 0.2 | CF30: 0.2 | CM30: 3 | CN30: 0.2 | CO30: 0.2 | CP30: 0.2 | CQ30: 0.2 | CR30: 0.2 | CS30: 0.2 | CT30: 0.2 | CU30: 0.2 | CV30: 0.2 | CW30: 0.2 | CX30: 0.2 | CY30: 0.2 | CZ30: 0.2 | DA30: 0.2 | DB30: 0.2 | DI30: 3 | DJ30: 0.2 | DK30: 0.2 | DL30: 0.2 | DM30: 0.2 | DN30: 0.2 | DO30: 0.2 | DP30: 0.2 | DQ30: 0.2 | DR30: 0.2 | DS30: 0.2 | DT30: 0.2 | DU30: 0.2 | DV30: 0.2 | DW30: 0.2 | DX30: 0.2 | EE30: 3 | EF30: 0.2 | EG30: 0.2 | EH30: 0.2 | EI30: 0.2 | EJ30: 0.2 | EK30: 0.2 | EL30: 0.2 | EM30: 0.2 | EN30: 0.2 | EO30: 0.2 | EP30: 0.2 | EQ30: 0.2 | ER30: 0.2 | ES30: 0.2 | ET30: 0.2 | FA30: 3 | FB30: 0.2 | FC30: 0.2 | FD30: 0.2 | FE30: 0.2 | FF30: 0.2 | FG30: 0.2 | FH30: 0.2 | FI30: 0.2 | FJ30: 0.2 | FK30: 0.2 | FL30: 0.2 | FM30: 0.2 | FN30: 0.2 | FO30: 0.2 | FP30: 0.2 | FW30: 3 | FX30: 0.2 | FY30: 0.2 | FZ30: 0.2 | GA30: 0.2 | GB30: 0.2 | GC30: 0.2 | GD30: 0.2 | GE30: 0.2 | GF30: 0.2 | GG30: 0.2 | GH30: 0.2 | GI30: 0.2 | GJ30: 0.2 | GK30: 0.2 | GL30: 0.2 | GS30: 3 | GT30: 0.2 | GU30: 0.2 | GV30: 0.2 | GW30: 0.2 | GX30: 0.2 | GY30: 0.2 | GZ30: 0.2 | HA30: 0.2 | HB30: 0.2 | HC30: 0.2 | HD30: 0.2 | HE30: 0.2 | HF30: 0.2 | HG30: 0.2 | HH30: 0.2
B32: =Data!D31 | C32: Planned Stock | D32: 1 | E32: 2 | F32: 3 | G32: 4 | H32: 5 | I32: 6 | J32: 7 | K32: 8 | L32: 9 | M32: 10 | N32: 11 | O32: 12 | P32: 13 | Q32: 14 | R32: 15 | Y32: Planned Stock | Z32: 1 | AA32: 2 | AB32: 3 | AC32: 4 | AD32: 5 | AE32: 6 | AF32: 7 | AG32: 8 | AH32: 9 | AI32: 10 | AJ32: 11 | AK32: 12 | AL32: 13 | AM32: 14 | AN32: 15 | AU32: Planned Stock | AV32: 1 | AW32: 2 | AX32: 3 | AY32: 4 | AZ32: 5 | BA32: 6 | BB32: 7 | BC32: 8 | BD32: 9 | BE32: 10 | BF32: 11 | BG32: 12 | BH32: 13 | BI32: 14 | BJ32: 15 | BQ32: Planned Stock | BR32: 1 | BS32: 2 | BT32: 3 | BU32: 4 | BV32: 5 | BW32: 6 | BX32: 7 | BY32: 8 | BZ32: 9 | CA32: 10 | CB32: 11 | CC32: 12 | CD32: 13 | CE32: 14 | CF32: 15 | CM32: Planned Stock | CN32: 1 | CO32: 2 | CP32: 3 | CQ32: 4 | CR32: 5 | CS32: 6 | CT32: 7 | CU32: 8 | CV32: 9 | CW32: 10 | CX32: 11 | CY32: 12 | CZ32: 13 | DA32: 14 | DB32: 15 | DI32: Planned Stock | DJ32: 1 | DK32: 2 | DL32: 3 | DM32: 4 | DN32: 5 | DO32: 6 | DP32: 7 | DQ32: 8 | DR32: 9 | DS32: 10 | DT32: 11 | DU32: 12 | DV32: 13 | DW32: 14 | DX32: 15 | EE32: Planned Stock | EF32: 1 | EG32: 2 | EH32: 3 | EI32: 4 | EJ32: 5 | EK32: 6 | EL32: 7 | EM32: 8 | EN32: 9 | EO32: 10 | EP32: 11 | EQ32: 12 | ER32: 13 | ES32: 14 | ET32: 15 | FA32: Planned Stock | FB32: 1 | FC32: 2 | FD32: 3 | FE32: 4 | FF32: 5 | FG32: 6 | FH32: 7 | FI32: 8 | FJ32: 9 | FK32: 10 | FL32: 11 | FM32: 12 | FN32: 13 | FO32: 14 | FP32: 15 | FW32: Planned Stock | FX32: 1 | FY32: 2 | FZ32: 3 | GA32: 4 | GB32: 5 | GC32: 6 | GD32: 7 | GE32: 8 | GF32: 9 | GG32: 10 | GH32: 11 | GI32: 12 | GJ32: 13 | GK32: 14 | GL32: 15 | GS32: Planned Stock | GT32: 1 | GU32: 2 | GV32: 3 | GW32: 4 | GX32: 5 | GY32: 6 | GZ32: 7 | HA32: 8 | HB32: 9 | HC32: 10 | HD32: 11 | HE32: 12 | HF32: 13 | HG32: 14 | HH32: 15
C33: 1 | D33: =$B$32 | E33: =$B$32 | F33: =$B$32 | G33: =$B$32 | H33: =$B$32 | I33: =$B$32 | J33: =$B$32 | K33: =$B$32 | ... R33: =$B$32 | Y33: 1 | Z33: 1 | AA33: 1 | AB33: 1 | AC33: 1 | AD33: 1 | AE33: 1 | AF33: 1 | AG33: 1 | AH33: 1 | AI33: 1 | AJ33: 1 | AK33: 1 | AL33: 1 | AM33: 1 | AN33: 1 | AU33: 1 | AV33: 1 | AW33: 1 | AX33: 1 | AY33: 1 | AZ33: 1 | BA33: 1 | BB33: 1 | BC33: 1 | BD33: 1 | BE33: 1 | BF33: 1 | BG33: 1 | BH33: 1 | BI33: 1 | BJ33: 1 | BQ33: 1 | BR33: 1 | BS33: 1 | BT33: 1 | BU33: 1 | BV33: 1 | BW33: 1 | BX33: 1 | BY33: 1 | BZ33: 1 | CA33: 1 | CB33: 1 | CC33: 1 | CD33: 1 | CE33: 1 | CF33: 1 | CM33: 1 | CN33: 0.7 | CO33: 0.7 | CP33: 0.7 | CQ33: 0.7 | CR33: 0.7 | CS33: 0.7 | CT33: 0.7 | CU33: 0.7 | CV33: 0.7 | CW33: 0.7 | CX33: 0.7 | CY33: 0.7 | CZ33: 0.7 | DA33: 0.7 | DB33: 0.7 | DI33: 1 | DJ33: 0.7 | DK33: 0.7 | DL33: 0.7 | DM33: 0.7 | DN33: 0.7 | DO33: 0.7 | DP33: 0.7 | DQ33: 0.7 | DR33: 0.7 | DS33: 0.7 | DT33: 0.7 | DU33: 0.7 | DV33: 0.7 | DW33: 0.7 | DX33: 0.7 | EE33: 1 | EF33: 0.7 | EG33: 0.7 | EH33: 0.7 | EI33: 0.7 | EJ33: 0.7 | EK33: 0.7 | EL33: 0.7 | EM33: 0.7 | EN33: 0.7 | EO33: 0.7 | EP33: 0.7 | EQ33: 0.7 | ER33: 0.7 | ES33: 0.7 | ET33: 0.7 | FA33: 1 | FB33: 0.4 | FC33: 0.4 | FD33: 0.4 | FE33: 0.4 | FF33: 0.4 | FG33: 0.4 | FH33: 0.4 | FI33: 0.4 | FJ33: 0.4 | FK33: 0.4 | FL33: 0.4 | FM33: 0.4 | FN33: 0.4 | FO33: 0.4 | FP33: 0.4 | FW33: 1 | FX33: 0.4 | FY33: 0.4 | FZ33: 0.4 | GA33: 0.4 | GB33: 0.4 | GC33: 0.4 | GD33: 0.4 | GE33: 0.4 | GF33: 0.4 | GG33: 0.4 | GH33: 0.4 | GI33: 0.4 | GJ33: 0.4 | GK33: 0.4 | GL33: 0.4 | GS33: 1 | GT33: 0.4 | GU33: 0.4 | GV33: 0.4 | GW33: 0.4 | GX33: 0.4 | GY33: 0.4 | GZ33: 0.4 | HA33: 0.4 | HB33: 0.4 | HC33: 0.4 | HD33: 0.4 | HE33: 0.4 | HF33: 0.4 | HG33: 0.4 | HH33: 0.4
C34: 2 | D34: =$B$32 | E34: =$B$32 | F34: =$B$32 | G34: =$B$32 | H34: =$B$32 | I34: =$B$32 | J34: =$B$32 | K34: =$B$32 | ... R34: =$B$32 | Y34: 2 | Z34: 1 | AA34: 1 | AB34: 1 | AC34: 1 | AD34: 1 | AE34: 1 | AF34: 1 | AG34: 1 | AH34: 1 | AI34: 1 | AJ34: 1 | AK34: 1 | AL34: 1 | AM34: 1 | AN34: 1 | AU34: 2 | AV34: 1 | AW34: 1 | AX34: 1 | AY34: 1 | AZ34: 1 | BA34: 1 | BB34: 1 | BC34: 1 | BD34: 1 | BE34: 1 | BF34: 1 | BG34: 1 | BH34: 1 | BI34: 1 | BJ34: 1 | BQ34: 2 | BR34: 1 | BS34: 1 | BT34: 1 | BU34: 1 | BV34: 1 | BW34: 1 | BX34: 1 | BY34: 1 | BZ34: 1 | CA34: 1 | CB34: 1 | CC34: 1 | CD34: 1 | CE34: 1 | CF34: 1 | CM34: 2 | CN34: 0.7 | CO34: 0.7 | CP34: 0.7 | CQ34: 0.7 | CR34: 0.7 | CS34: 0.7 | CT34: 0.7 | CU34: 0.7 | CV34: 0.7 | CW34: 0.7 | CX34: 0.7 | CY34: 0.7 | CZ34: 0.7 | DA34: 0.7 | DB34: 0.7 | DI34: 2 | DJ34: 0.7 | DK34: 0.7 | DL34: 0.7 | DM34: 0.7 | DN34: 0.7 | DO34: 0.7 | DP34: 0.7 | DQ34: 0.7 | DR34: 0.7 | DS34: 0.7 | DT34: 0.7 | DU34: 0.7 | DV34: 0.7 | DW34: 0.7 | DX34: 0.7 | EE34: 2 | EF34: 0.7 | EG34: 0.7 | EH34: 0.7 | EI34: 0.7 | EJ34: 0.7 | EK34: 0.7 | EL34: 0.7 | EM34: 0.7 | EN34: 0.7 | EO34: 0.7 | EP34: 0.7 | EQ34: 0.7 | ER34: 0.7 | ES34: 0.7 | ET34: 0.7 | FA34: 2 | FB34: 0.4 | FC34: 0.4 | FD34: 0.4 | FE34: 0.4 | FF34: 0.4 | FG34: 0.4 | FH34: 0.4 | FI34: 0.4 | FJ34: 0.4 | FK34: 0.4 | FL34: 0.4 | FM34: 0.4 | FN34: 0.4 | FO34: 0.4 | FP34: 0.4 | FW34: 2 | FX34: 0.4 | FY34: 0.4 | FZ34: 0.4 | GA34: 0.4 | GB34: 0.4 | GC34: 0.4 | GD34: 0.4 | GE34: 0.4 | GF34: 0.4 | GG34: 0.4 | GH34: 0.4 | GI34: 0.4 | GJ34: 0.4 | GK34: 0.4 | GL34: 0.4 | GS34: 2 | GT34: 0.4 | GU34: 0.4 | GV34: 0.4 | GW34: 0.4 | GX34: 0.4 | GY34: 0.4 | GZ34: 0.4 | HA34: 0.4 | HB34: 0.4 | HC34: 0.4 | HD34: 0.4 | HE34: 0.4 | HF34: 0.4 | HG34: 0.4 | HH34: 0.4
C35: 3 | D35: =$B$32 | E35: =$B$32 | F35: =$B$32 | G35: =$B$32 | H35: =$B$32 | I35: =$B$32 | J35: =$B$32 | K35: =$B$32 | ... R35: =$B$32 | Y35: 3 | Z35: 1 | AA35: 1 | AB35: 1 | AC35: 1 | AD35: 1 | AE35: 1 | AF35: 1 | AG35: 1 | AH35: 1 | AI35: 1 | AJ35: 1 | AK35: 1 | AL35: 1 | AM35: 1 | AN35: 1 | AU35: 3 | AV35: 1 | AW35: 1 | AX35: 1 | AY35: 1 | AZ35: 1 | BA35: 1 | BB35: 1 | BC35: 1 | BD35: 1 | BE35: 1 | BF35: 1 | BG35: 1 | BH35: 1 | BI35: 1 | BJ35: 1 | BQ35: 3 | BR35: 1 | BS35: 1 | BT35: 1 | BU35: 1 | BV35: 1 | BW35: 1 | BX35: 1 | BY35: 1 | BZ35: 1 | CA35: 1 | CB35: 1 | CC35: 1 | CD35: 1 | CE35: 1 | CF35: 1 | CM35: 3 | CN35: 0.7 | CO35: 0.7 | CP35: 0.7 | CQ35: 0.7 | CR35: 0.7 | CS35: 0.7 | CT35: 0.7 | CU35: 0.7 | CV35: 0.7 | CW35: 0.7 | CX35: 0.7 | CY35: 0.7 | CZ35: 0.7 | DA35: 0.7 | DB35: 0.7 | DI35: 3 | DJ35: 0.7 | DK35: 0.7 | DL35: 0.7 | DM35: 0.7 | DN35: 0.7 | DO35: 0.7 | DP35: 0.7 | DQ35: 0.7 | DR35: 0.7 | DS35: 0.7 | DT35: 0.7 | DU35: 0.7 | DV35: 0.7 | DW35: 0.7 | DX35: 0.7 | EE35: 3 | EF35: 0.7 | EG35: 0.7 | EH35: 0.7 | EI35: 0.7 | EJ35: 0.7 | EK35: 0.7 | EL35: 0.7 | EM35: 0.7 | EN35: 0.7 | EO35: 0.7 | EP35: 0.7 | EQ35: 0.7 | ER35: 0.7 | ES35: 0.7 | ET35: 0.7 | FA35: 3 | FB35: 0.4 | FC35: 0.4 | FD35: 0.4 | FE35: 0.4 | FF35: 0.4 | FG35: 0.4 | FH35: 0.4 | FI35: 0.4 | FJ35: 0.4 | FK35: 0.4 | FL35: 0.4 | FM35: 0.4 | FN35: 0.4 | FO35: 0.4 | FP35: 0.4 | FW35: 3 | FX35: 0.4 | FY35: 0.4 | FZ35: 0.4 | GA35: 0.4 | GB35: 0.4 | GC35: 0.4 | GD35: 0.4 | GE35: 0.4 | GF35: 0.4 | GG35: 0.4 | GH35: 0.4 | GI35: 0.4 | GJ35: 0.4 | GK35: 0.4 | GL35: 0.4 | GS35: 3 | GT35: 0.4 | GU35: 0.4 | GV35: 0.4 | GW35: 0.4 | GX35: 0.4 | GY35: 0.4 | GZ35: 0.4 | HA35: 0.4 | HB35: 0.4 | HC35: 0.4 | HD35: 0.4 | HE35: 0.4 | HF35: 0.4 | HG35: 0.4 | HH35: 0.4
B37: =Data!D34 | C37: Variance coeff - z(S2nd) | D37: 1 | E37: 2 | F37: 3 | G37: 4 | H37: 5 | I37: 6 | J37: 7 | K37: 8 | L37: 9 | M37: 10 | N37: 11 | O37: 12 | P37: 13 | Q37: 14 | R37: 15 | Y37: Variance coeff - z(S2nd) | Z37: 1 | AA37: 2 | AB37: 3 | AC37: 4 | AD37: 5 | AE37: 6 | AF37: 7 | AG37: 8 | AH37: 9 | AI37: 10 | AJ37: 11 | AK37: 12 | AL37: 13 | AM37: 14 | AN37: 15 | AU37: Variance coeff - z(S2nd) | AV37: 1 | AW37: 2 | AX37: 3 | AY37: 4 | AZ37: 5 | BA37: 6 | BB37: 7 | BC37: 8 | BD37: 9 | BE37: 10 | BF37: 11 | BG37: 12 | BH37: 13 | BI37: 14 | BJ37: 15 | BQ37: Variance coeff - z(S2nd) | BR37: 1 | BS37: 2 | BT37: 3 | BU37: 4 | BV37: 5 | BW37: 6 | BX37: 7 | BY37: 8 | BZ37: 9 | CA37: 10 | CB37: 11 | CC37: 12 | CD37: 13 | CE37: 14 | CF37: 15 | CM37: Variance coeff - z(S2nd) | CN37: 1 | CO37: 2 | CP37: 3 | CQ37: 4 | CR37: 5 | CS37: 6 | CT37: 7 | CU37: 8 | CV37: 9 | CW37: 10 | CX37: 11 | CY37: 12 | CZ37: 13 | DA37: 14 | DB37: 15 | DI37: Variance coeff - z(S2nd) | DJ37: 1 | DK37: 2 | DL37: 3 | DM37: 4 | DN37: 5 | DO37: 6 | DP37: 7 | DQ37: 8 | DR37: 9 | DS37: 10 | DT37: 11 | DU37: 12 | DV37: 13 | DW37: 14 | DX37: 15 | EE37: Variance coeff - z(S2nd) | EF37: 1 | EG37: 2 | EH37: 3 | EI37: 4 | EJ37: 5 | EK37: 6 | EL37: 7 | EM37: 8 | EN37: 9 | EO37: 10 | EP37: 11 | EQ37: 12 | ER37: 13 | ES37: 14 | ET37: 15 | FA37: Variance coeff - z(S2nd) | FB37: 1 | FC37: 2 | FD37: 3 | FE37: 4 | FF37: 5 | FG37: 6 | FH37: 7 | FI37: 8 | FJ37: 9 | FK37: 10 | FL37: 11 | FM37: 12 | FN37: 13 | FO37: 14 | FP37: 15 | FW37: Variance coeff - z(S2nd) | FX37: 1 | FY37: 2 | FZ37: 3 | GA37: 4 | GB37: 5 | GC37: 6 | GD37: 7 | GE37: 8 | GF37: 9 | GG37: 10 | GH37: 11 | GI37: 12 | GJ37: 13 | GK37: 14 | GL37: 15 | GS37: Variance coeff - z(S2nd) | GT37: 1 | GU37: 2 | GV37: 3 | GW37: 4 | GX37: 5 | GY37: 6 | GZ37: 7 | HA37: 8 | HB37: 9 | HC37: 10 | HD37: 11 | HE37: 12 | HF37: 13 | HG37: 14 | HH37: 15
C38: 1 | D38: =$B$37 | E38: =$B$37 | F38: =$B$37 | G38: =$B$37 | H38: =$B$37 | I38: =$B$37 | J38: =$B$37 | K38: =$B$37 | ... R38: =$B$37 | Y38: 1 | Z38: 1.8 | AA38: 1.8 | AB38: 1.8 | AC38: 1.8 | AD38: 1.8 | AE38: 1.8 | AF38: 1.8 | AG38: 1.8 | AH38: 1.8 | AI38: 1.8 | AJ38: 1.8 | AK38: 1.8 | AL38: 1.8 | AM38: 1.8 | AN38: 1.8 | AU38: 1 | AV38: 2.001 | AW38: 2.001 | AX38: 2.001 | AY38: 2.001 | AZ38: 2.001 | BA38: 2.001 | BB38: 2.001 | BC38: 2.001 | BD38: 2.001 | BE38: 2.001 | BF38: 2.001 | BG38: 2.001 | BH38: 2.001 | BI38: 2.001 | BJ38: 2.001 | BQ38: 1 | BR38: 3 | BS38: 3 | BT38: 3 | BU38: 3 | BV38: 3 | BW38: 3 | BX38: 3 | BY38: 3 | BZ38: 3 | CA38: 3 | CB38: 3 | CC38: 3 | CD38: 3 | CE38: 3 | CF38: 3 | CM38: 1 | CN38: 1.8 | CO38: 1.8 | CP38: 1.8 | CQ38: 1.8 | CR38: 1.8 | CS38: 1.8 | CT38: 1.8 | CU38: 1.8 | CV38: 1.8 | CW38: 1.8 | CX38: 1.8 | CY38: 1.8 | CZ38: 1.8 | DA38: 1.8 | DB38: 1.8 | DI38: 1 | DJ38: 2.001 | DK38: 2.001 | DL38: 2.001 | DM38: 2.001 | DN38: 2.001 | DO38: 2.001 | DP38: 2.001 | DQ38: 2.001 | DR38: 2.001 | DS38: 2.001 | DT38: 2.001 | DU38: 2.001 | DV38: 2.001 | DW38: 2.001 | DX38: 2.001 | EE38: 1 | EF38: 3 | EG38: 3 | EH38: 3 | EI38: 3 | EJ38: 3 | EK38: 3 | EL38: 3 | EM38: 3 | EN38: 3 | EO38: 3 | EP38: 3 | EQ38: 3 | ER38: 3 | ES38: 3 | ET38: 3 | FA38: 1 | FB38: 1.8 | FC38: 1.8 | FD38: 1.8 | FE38: 1.8 | FF38: 1.8 | FG38: 1.8 | FH38: 1.8 | FI38: 1.8 | FJ38: 1.8 | FK38: 1.8 | FL38: 1.8 | FM38: 1.8 | FN38: 1.8 | FO38: 1.8 | FP38: 1.8 | FW38: 1 | FX38: 2.001 | FY38: 2.001 | FZ38: 2.001 | GA38: 2.001 | GB38: 2.001 | GC38: 2.001 | GD38: 2.001 | GE38: 2.001 | GF38: 2.001 | GG38: 2.001 | GH38: 2.001 | GI38: 2.001 | GJ38: 2.001 | GK38: 2.001 | GL38: 2.001 | GS38: 1 | GT38: 3 | GU38: 3 | GV38: 3 | GW38: 3 | GX38: 3 | GY38: 3 | GZ38: 3 | HA38: 3 | HB38: 3 | HC38: 3 | HD38: 3 | HE38: 3 | HF38: 3 | HG38: 3 | HH38: 3
C39: 2 | D39: =$B$37 | E39: =$B$37 | F39: =$B$37 | G39: =$B$37 | H39: =$B$37 | I39: =$B$37 | J39: =$B$37 | K39: =$B$37 | ... R39: =$B$37 | Y39: 2 | Z39: 1.8 | AA39: 1.8 | AB39: 1.8 | AC39: 1.8 | AD39: 1.8 | AE39: 1.8 | AF39: 1.8 | AG39: 1.8 | AH39: 1.8 | AI39: 1.8 | AJ39: 1.8 | AK39: 1.8 | AL39: 1.8 | AM39: 1.8 | AN39: 1.8 | AU39: 2 | AV39: 2.001 | AW39: 2.001 | AX39: 2.001 | AY39: 2.001 | AZ39: 2.001 | BA39: 2.001 | BB39: 2.001 | BC39: 2.001 | BD39: 2.001 | BE39: 2.001 | BF39: 2.001 | BG39: 2.001 | BH39: 2.001 | BI39: 2.001 | BJ39: 2.001 | BQ39: 2 | BR39: 3 | BS39: 3 | BT39: 3 | BU39: 3 | BV39: 3 | BW39: 3 | BX39: 3 | BY39: 3 | BZ39: 3 | CA39: 3 | CB39: 3 | CC39: 3 | CD39: 3 | CE39: 3 | CF39: 3 | CM39: 2 | CN39: 1.8 | CO39: 1.8 | CP39: 1.8 | CQ39: 1.8 | CR39: 1.8 | CS39: 1.8 | CT39: 1.8 | CU39: 1.8 | CV39: 1.8 | CW39: 1.8 | CX39: 1.8 | CY39: 1.8 | CZ39: 1.8 | DA39: 1.8 | DB39: 1.8 | DI39: 2 | DJ39: 2.001 | DK39: 2.001 | DL39: 2.001 | DM39: 2.001 | DN39: 2.001 | DO39: 2.001 | DP39: 2.001 | DQ39: 2.001 | DR39: 2.001 | DS39: 2.001 | DT39: 2.001 | DU39: 2.001 | DV39: 2.001 | DW39: 2.001 | DX39: 2.001 | EE39: 2 | EF39: 3 | EG39: 3 | EH39: 3 | EI39: 3 | EJ39: 3 | EK39: 3 | EL39: 3 | EM39: 3 | EN39: 3 | EO39: 3 | EP39: 3 | EQ39: 3 | ER39: 3 | ES39: 3 | ET39: 3 | FA39: 2 | FB39: 1.8 | FC39: 1.8 | FD39: 1.8 | FE39: 1.8 | FF39: 1.8 | FG39: 1.8 | FH39: 1.8 | FI39: 1.8 | FJ39: 1.8 | FK39: 1.8 | FL39: 1.8 | FM39: 1.8 | FN39: 1.8 | FO39: 1.8 | FP39: 1.8 | FW39: 2 | FX39: 2.001 | FY39: 2.001 | FZ39: 2.001 | GA39: 2.001 | GB39: 2.001 | GC39: 2.001 | GD39: 2.001 | GE39: 2.001 | GF39: 2.001 | GG39: 2.001 | GH39: 2.001 | GI39: 2.001 | GJ39: 2.001 | GK39: 2.001 | GL39: 2.001 | GS39: 2 | GT39: 3 | GU39: 3 | GV39: 3 | GW39: 3 | GX39: 3 | GY39: 3 | GZ39: 3 | HA39: 3 | HB39: 3 | HC39: 3 | HD39: 3 | HE39: 3 | HF39: 3 | HG39: 3 | HH39: 3
C40: 3 | D40: =$B$37 | E40: =$B$37 | F40: =$B$37 | G40: =$B$37 | H40: =$B$37 | I40: =$B$37 | J40: =$B$37 | K40: =$B$37 | ... R40: =$B$37 | Y40: 3 | Z40: 1.8 | AA40: 1.8 | AB40: 1.8 | AC40: 1.8 | AD40: 1.8 | AE40: 1.8 | AF40: 1.8 | AG40: 1.8 | AH40: 1.8 | AI40: 1.8 | AJ40: 1.8 | AK40: 1.8 | AL40: 1.8 | AM40: 1.8 | AN40: 1.8 | AU40: 3 | AV40: 2.001 | AW40: 2.001 | AX40: 2.001 | AY40: 2.001 | AZ40: 2.001 | BA40: 2.001 | BB40: 2.001 | BC40: 2.001 | BD40: 2.001 | BE40: 2.001 | BF40: 2.001 | BG40: 2.001 | BH40: 2.001 | BI40: 2.001 | BJ40: 2.001 | BQ40: 3 | BR40: 3 | BS40: 3 | BT40: 3 | BU40: 3 | BV40: 3 | BW40: 3 | BX40: 3 | BY40: 3 | BZ40: 3 | CA40: 3 | CB40: 3 | CC40: 3 | CD40: 3 | CE40: 3 | CF40: 3 | CM40: 3 | CN40: 1.8 | CO40: 1.8 | CP40: 1.8 | CQ40: 1.8 | CR40: 1.8 | CS40: 1.8 | CT40: 1.8 | CU40: 1.8 | CV40: 1.8 | CW40: 1.8 | CX40: 1.8 | CY40: 1.8 | CZ40: 1.8 | DA40: 1.8 | DB40: 1.8 | DI40: 3 | DJ40: 2.001 | DK40: 2.001 | DL40: 2.001 | DM40: 2.001 | DN40: 2.001 | DO40: 2.001 | DP40: 2.001 | DQ40: 2.001 | DR40: 2.001 | DS40: 2.001 | DT40: 2.001 | DU40: 2.001 | DV40: 2.001 | DW40: 2.001 | DX40: 2.001 | EE40: 3 | EF40: 3 | EG40: 3 | EH40: 3 | EI40: 3 | EJ40: 3 | EK40: 3 | EL40: 3 | EM40: 3 | EN40: 3 | EO40: 3 | EP40: 3 | EQ40: 3 | ER40: 3 | ES40: 3 | ET40: 3 | FA40: 3 | FB40: 1.8 | FC40: 1.8 | FD40: 1.8 | FE40: 1.8 | FF40: 1.8 | FG40: 1.8 | FH40: 1.8 | FI40: 1.8 | FJ40: 1.8 | FK40: 1.8 | FL40: 1.8 | FM40: 1.8 | FN40: 1.8 | FO40: 1.8 | FP40: 1.8 | FW40: 3 | FX40: 2.001 | FY40: 2.001 | FZ40: 2.001 | GA40: 2.001 | GB40: 2.001 | GC40: 2.001 | GD40: 2.001 | GE40: 2.001 | GF40: 2.001 | GG40: 2.001 | GH40: 2.001 | GI40: 2.001 | GJ40: 2.001 | GK40: 2.001 | GL40: 2.001 | GS40: 3 | GT40: 3 | GU40: 3 | GV40: 3 | GW40: 3 | GX40: 3 | GY40: 3 | GZ40: 3 | HA40: 3 | HB40: 3 | HC40: 3 | HD40: 3 | HE40: 3 | HF40: 3 | HG40: 3 | HH40: 3
B42: Parâmetros p/ μx | C42: demand | D42: 1 | E42: 2 | F42: 3 | G42: 4 | H42: 5 | I42: 6 | J42: 7 | K42: 8 | L42: 9 | M42: 10 | N42: 11 | O42: 12 | P42: 13 | Q42: 14 | R42: 15 | X42: Parâmetros p/ μx | Y42: demand | Z42: 1 | AA42: 2 | AB42: 3 | AC42: 4 | AD42: 5 | AE42: 6 | AF42: 7 | AG42: 8 | AH42: 9 | AI42: 10 | AJ42: 11 | AK42: 12 | AL42: 13 | AM42: 14 | AN42: 15 | AT42: Parâmetros p/ μx | AU42: demand | AV42: 1 | AW42: 2 | AX42: 3 | AY42: 4 | AZ42: 5 | BA42: 6 | BB42: 7 | BC42: 8 | BD42: 9 | BE42: 10 | BF42: 11 | BG42: 12 | BH42: 13 | BI42: 14 | BJ42: 15 | BP42: Parâmetros p/ μx | BQ42: demand | BR42: 1 | BS42: 2 | BT42: 3 | BU42: 4 | BV42: 5 | BW42: 6 | BX42: 7 | BY42: 8 | BZ42: 9 | CA42: 10 | CB42: 11 | CC42: 12 | CD42: 13 | CE42: 14 | CF42: 15 | CL42: Parâmetros p/ μx | CM42: demand | CN42: 1 | CO42: 2 | CP42: 3 | CQ42: 4 | CR42: 5 | CS42: 6 | CT42: 7 | CU42: 8 | CV42: 9 | CW42: 10 | CX42: 11 | CY42: 12 | CZ42: 13 | DA42: 14 | DB42: 15 | DH42: Parâmetros p/ μx | DI42: demand | DJ42: 1 | DK42: 2 | DL42: 3 | DM42: 4 | DN42: 5 | DO42: 6 | DP42: 7 | DQ42: 8 | DR42: 9 | DS42: 10 | DT42: 11 | DU42: 12 | DV42: 13 | DW42: 14 | DX42: 15 | ED42: Parâmetros p/ μx | EE42: demand | EF42: 1 | EG42: 2 | EH42: 3 | EI42: 4 | EJ42: 5 | EK42: 6 | EL42: 7 | EM42: 8 | EN42: 9 | EO42: 10 | EP42: 11 | EQ42: 12 | ER42: 13 | ES42: 14 | ET42: 15 | EZ42: Parâmetros p/ μx | FA42: demand | FB42: 1 | FC42: 2 | FD42: 3 | FE42: 4 | FF42: 5 | FG42: 6 | FH42: 7 | FI42: 8 | FJ42: 9 | FK42: 10 | FL42: 11 | FM42: 12 | FN42: 13 | FO42: 14 | FP42: 15 | FV42: Parâmetros p/ μx | FW42: demand | FX42: 1 | FY42: 2 | FZ42: 3 | GA42: 4 | GB42: 5 | GC42: 6 | GD42: 7 | GE42: 8 | GF42: 9 | GG42: 10 | GH42: 11 | GI42: 12 | GJ42: 13 | GK42: 14 | GL42: 15 | GR42: Parâmetros p/ μx | GS42: demand | GT42: 1 | GU42: 2 | GV42: 3 | GW42: 4 | GX42: 5 | GY42: 6 | GZ42: 7 | HA42: 8 | HB42: 9 | HC42: 10 | HD42: 11 | HE42: 12 | HF42: 13 | HG42: 14 | HH42: 15
B43: D*E(RLT) | C43: 1 | D43: 231.5 | E43: 297.34 | F43: 217.82 | G43: 222.62 | H43: 453.86 | I43: 315.98 | J43: 216.18 | K43: 463.97 | L43: 404.65 | M43: 334.69 | N43: 440.61 | O43: 225.39 | P43: 314.98 | Q43: 305.23 | R43: 541.84 | X43: D*E(RLT) | Y43: 1 | Z43: 231.5 | AA43: 297.34 | AB43: 217.82 | AC43: 222.62 | AD43: 453.86 | AE43: 315.98 | AF43: 216.18 | AG43: 463.97 | AH43: 404.65 | AI43: 334.69 | AJ43: 440.61 | AK43: 225.39 | AL43: 314.98 | AM43: 305.23 | AN43: 541.84 | AT43: D*E(RLT) | AU43: 1 | AV43: 231.5 | AW43: 297.34 | AX43: 217.82 | AY43: 222.62 | AZ43: 453.86 | BA43: 315.98 | BB43: 216.18 | BC43: 463.97 | BD43: 404.65 | BE43: 334.69 | BF43: 440.61 | BG43: 225.39 | BH43: 314.98 | BI43: 305.23 | BJ43: 541.84 | BP43: D*E(RLT) | BQ43: 1 | BR43: 231.5 | BS43: 297.34 | BT43: 217.82 | BU43: 222.62 | BV43: 453.86 | BW43: 315.98 | BX43: 216.18 | BY43: 463.97 | BZ43: 404.65 | CA43: 334.69 | CB43: 440.61 | CC43: 225.39 | CD43: 314.98 | CE43: 305.23 | CF43: 541.84 | CL43: D*E(RLT) | CM43: 1 | CN43: 231.5 | CO43: 297.34 | CP43: 217.82 | CQ43: 222.62 | CR43: 453.86 | CS43: 315.98 | CT43: 216.18 | CU43: 463.97 | CV43: 404.65 | CW43: 334.69 | CX43: 440.61 | CY43: 225.39 | CZ43: 314.98 | DA43: 305.23 | DB43: 541.84 | DH43: D*E(RLT) | DI43: 1 | DJ43: 231.5 | DK43: 297.34 | DL43: 217.82 | DM43: 222.62 | DN43: 453.86 | DO43: 315.98 | DP43: 216.18 | DQ43: 463.97 | DR43: 404.65 | DS43: 334.69 | DT43: 440.61 | DU43: 225.39 | DV43: 314.98 | DW43: 305.23 | DX43: 541.84 | ED43: D*E(RLT) | EE43: 1 | EF43: 231.5 | EG43: 297.34 | EH43: 217.82 | EI43: 222.62 | EJ43: 453.86 | EK43: 315.98 | EL43: 216.18 | EM43: 463.97 | EN43: 404.65 | EO43: 334.69 | EP43: 440.61 | EQ43: 225.39 | ER43: 314.98 | ES43: 305.23 | ET43: 541.84 | EZ43: D*E(RLT) | FA43: 1 | FB43: 231.5 | FC43: 297.34 | FD43: 217.82 | FE43: 222.62 | FF43: 453.86 | FG43: 315.98 | FH43: 216.18 | FI43: 463.97 | FJ43: 404.65 | FK43: 334.69 | FL43: 440.61 | FM43: 225.39 | FN43: 314.98 | FO43: 305.23 | FP43: 541.84 | FV43: D*E(RLT) | FW43: 1 | FX43: 231.5 | FY43: 297.34 | FZ43: 217.82 | GA43: 222.62 | GB43: 453.86 | GC43: 315.98 | GD43: 216.18 | GE43: 463.97 | GF43: 404.65 | GG43: 334.69 | GH43: 440.61 | GI43: 225.39 | GJ43: 314.98 | GK43: 305.23 | GL43: 541.84 | GR43: D*E(RLT) | GS43: 1 | GT43: 231.5 | GU43: 297.34 | GV43: 217.82 | GW43: 222.62 | GX43: 453.86 | GY43: 315.98 | GZ43: 216.18 | HA43: 463.97 | HB43: 404.65 | HC43: 334.69 | HD43: 440.61 | HE43: 225.39 | HF43: 314.98 | HG43: 305.23 | HH43: 541.84
C44: 2 | D44: 358.95 | E44: 308.97 | F44: 264.61 | G44: 343.62 | H44: 399.3 | I44: 433.24 | J44: 310.82 | K44: 234.15 | L44: 302.73 | M44: 304.23 | N44: 278.95 | O44: 403.93 | P44: 327.87 | Q44: 462.67 | R44: 445.18 | Y44: 2 | Z44: 358.95 | AA44: 308.97 | AB44: 264.61 | AC44: 343.62 | AD44: 399.3 | AE44: 433.24 | AF44: 310.82 | AG44: 234.15 | AH44: 302.73 | AI44: 304.23 | AJ44: 278.95 | AK44: 403.93 | AL44: 327.87 | AM44: 462.67 | AN44: 445.18 | AU44: 2 | AV44: 358.95 | AW44: 308.97 | AX44: 264.61 | AY44: 343.62 | AZ44: 399.3 | BA44: 433.24 | BB44: 310.82 | BC44: 234.15 | BD44: 302.73 | BE44: 304.23 | BF44: 278.95 | BG44: 403.93 | BH44: 327.87 | BI44: 462.67 | BJ44: 445.18 | BQ44: 2 | BR44: 358.95 | BS44: 308.97 | BT44: 264.61 | BU44: 343.62 | BV44: 399.3 | BW44: 433.24 | BX44: 310.82 | BY44: 234.15 | BZ44: 302.73 | CA44: 304.23 | CB44: 278.95 | CC44: 403.93 | CD44: 327.87 | CE44: 462.67 | CF44: 445.18 | CM44: 2 | CN44: 358.95 | CO44: 308.97 | CP44: 264.61 | CQ44: 343.62 | CR44: 399.3 | CS44: 433.24 | CT44: 310.82 | CU44: 234.15 | CV44: 302.73 | CW44: 304.23 | CX44: 278.95 | CY44: 403.93 | CZ44: 327.87 | DA44: 462.67 | DB44: 445.18 | DI44: 2 | DJ44: 358.95 | DK44: 308.97 | DL44: 264.61 | DM44: 343.62 | DN44: 399.3 | DO44: 433.24 | DP44: 310.82 | DQ44: 234.15 | DR44: 302.73 | DS44: 304.23 | DT44: 278.95 | DU44: 403.93 | DV44: 327.87 | DW44: 462.67 | DX44: 445.18 | EE44: 2 | EF44: 358.95 | EG44: 308.97 | EH44: 264.61 | EI44: 343.62 | EJ44: 399.3 | EK44: 433.24 | EL44: 310.82 | EM44: 234.15 | EN44: 302.73 | EO44: 304.23 | EP44: 278.95 | EQ44: 403.93 | ER44: 327.87 | ES44: 462.67 | ET44: 445.18 | FA44: 2 | FB44: 358.95 | FC44: 308.97 | FD44: 264.61 | FE44: 343.62 | FF44: 399.3 | FG44: 433.24 | FH44: 310.82 | FI44: 234.15 | FJ44: 302.73 | FK44: 304.23 | FL44: 278.95 | FM44: 403.93 | FN44: 327.87 | FO44: 462.67 | FP44: 445.18 | FW44: 2 | FX44: 358.95 | FY44: 308.97 | FZ44: 264.61 | GA44: 343.62 | GB44: 399.3 | GC44: 433.24 | GD44: 310.82 | GE44: 234.15 | GF44: 302.73 | GG44: 304.23 | GH44: 278.95 | GI44: 403.93 | GJ44: 327.87 | GK44: 462.67 | GL44: 445.18 | GS44: 2 | GT44: 358.95 | GU44: 308.97 | GV44: 264.61 | GW44: 343.62 | GX44: 399.3 | GY44: 433.24 | GZ44: 310.82 | HA44: 234.15 | HB44: 302.73 | HC44: 304.23 | HD44: 278.95 | HE44: 403.93 | HF44: 327.87 | HG44: 462.67 | HH44: 445.18
C45: 3 | D45: 492.88 | E45: 260.36 | F45: 232.33 | G45: 514.32 | H45: 271.63 | I45: 506.16 | J45: 393.21 | K45: 346.58 | L45: 267.82 | M45: 272.81 | N45: 372.8 | O45: 326.64 | P45: 338.03 | Q45: 348.46 | R45: 405.85 | Y45: 3 | Z45: 492.88 | AA45: 260.36 | AB45: 232.33 | AC45: 514.32 | AD45: 271.63 | AE45: 506.16 | AF45: 393.21 | AG45: 346.58 | AH45: 267.82 | AI45: 272.81 | AJ45: 372.8 | AK45: 326.64 | AL45: 338.03 | AM45: 348.46 | AN45: 405.85 | AU45: 3 | AV45: 492.88 | AW45: 260.36 | AX45: 232.33 | AY45: 514.32 | AZ45: 271.63 | BA45: 506.16 | BB45: 393.21 | BC45: 346.58 | BD45: 267.82 | BE45: 272.81 | BF45: 372.8 | BG45: 326.64 | BH45: 338.03 | BI45: 348.46 | BJ45: 405.85 | BQ45: 3 | BR45: 492.88 | BS45: 260.36 | BT45: 232.33 | BU45: 514.32 | BV45: 271.63 | BW45: 506.16 | BX45: 393.21 | BY45: 346.58 | BZ45: 267.82 | CA45: 272.81 | CB45: 372.8 | CC45: 326.64 | CD45: 338.03 | CE45: 348.46 | CF45: 405.85 | CM45: 3 | CN45: 492.88 | CO45: 260.36 | CP45: 232.33 | CQ45: 514.32 | CR45: 271.63 | CS45: 506.16 | CT45: 393.21 | CU45: 346.58 | CV45: 267.82 | CW45: 272.81 | CX45: 372.8 | CY45: 326.64 | CZ45: 338.03 | DA45: 348.46 | DB45: 405.85 | DI45: 3 | DJ45: 492.88 | DK45: 260.36 | DL45: 232.33 | DM45: 514.32 | DN45: 271.63 | DO45: 506.16 | DP45: 393.21 | DQ45: 346.58 | DR45: 267.82 | DS45: 272.81 | DT45: 372.8 | DU45: 326.64 | DV45: 338.03 | DW45: 348.46 | DX45: 405.85 | EE45: 3 | EF45: 492.88 | EG45: 260.36 | EH45: 232.33 | EI45: 514.32 | EJ45: 271.63 | EK45: 506.16 | EL45: 393.21 | EM45: 346.58 | EN45: 267.82 | EO45: 272.81 | EP45: 372.8 | EQ45: 326.64 | ER45: 338.03 | ES45: 348.46 | ET45: 405.85 | FA45: 3 | FB45: 492.88 | FC45: 260.36 | FD45: 232.33 | FE45: 514.32 | FF45: 271.63 | FG45: 506.16 | FH45: 393.21 | FI45: 346.58 | FJ45: 267.82 | FK45: 272.81 | FL45: 372.8 | FM45: 326.64 | FN45: 338.03 | FO45: 348.46 | FP45: 405.85 | FW45: 3 | FX45: 492.88 | FY45: 260.36 | FZ45: 232.33 | GA45: 514.32 | GB45: 271.63 | GC45: 506.16 | GD45: 393.21 | GE45: 346.58 | GF45: 267.82 | GG45: 272.81 | GH45: 372.8 | GI45: 326.64 | GJ45: 338.03 | GK45: 348.46 | GL45: 405.85 | GS45: 3 | GT45: 492.88 | GU45: 260.36 | GV45: 232.33 | GW45: 514.32 | GX45: 271.63 | GY45: 506.16 | GZ45: 393.21 | HA45: 346.58 | HB45: 267.82 | HC45: 272.81 | HD45: 372.8 | HE45: 326.64 | HF45: 338.03 | HG45: 348.46 | HH45: 405.85
B47: Parâmetros p/ μy | C47: Média(E(RLT)) | D47: 1 | E47: 2 | F47: 3 | G47: 4 | H47: 5 | I47: 6 | J47: 7 | K47: 8 | L47: 9 | M47: 10 | N47: 11 | O47: 12 | P47: 13 | Q47: 14 | R47: 15 | X47: Parâmetros p/ μy | Y47: Média(E(RLT)) | Z47: 1 | AA47: 2 | AB47: 3 | AC47: 4 | AD47: 5 | AE47: 6 | AF47: 7 | AG47: 8 | AH47: 9 | AI47: 10 | AJ47: 11 | AK47: 12 | AL47: 13 | AM47: 14 | AN47: 15 | AT47: Parâmetros p/ μy | AU47: Média(E(RLT)) | AV47: 1 | AW47: 2 | AX47: 3 | AY47: 4 | AZ47: 5 | BA47: 6 | BB47: 7 | BC47: 8 | BD47: 9 | BE47: 10 | BF47: 11 | BG47: 12 | BH47: 13 | BI47: 14 | BJ47: 15 | BP47: Parâmetros p/ μy | BQ47: Média(E(RLT)) | BR47: 1 | BS47: 2 | BT47: 3 | BU47: 4 | BV47: 5 | BW47: 6 | BX47: 7 | BY47: 8 | BZ47: 9 | CA47: 10 | CB47: 11 | CC47: 12 | CD47: 13 | CE47: 14 | CF47: 15 | CL47: Parâmetros p/ μy | CM47: Média(E(RLT)) | CN47: 1 | CO47: 2 | CP47: 3 | CQ47: 4 | CR47: 5 | CS47: 6 | CT47: 7 | CU47: 8 | CV47: 9 | CW47: 10 | CX47: 11 | CY47: 12 | CZ47: 13 | DA47: 14 | DB47: 15 | DH47: Parâmetros p/ μy | DI47: Média(E(RLT)) | DJ47: 1 | DK47: 2 | DL47: 3 | DM47: 4 | DN47: 5 | DO47: 6 | DP47: 7 | DQ47: 8 | DR47: 9 | DS47: 10 | DT47: 11 | DU47: 12 | DV47: 13 | DW47: 14 | DX47: 15 | ED47: Parâmetros p/ μy | EE47: Média(E(RLT)) | EF47: 1 | EG47: 2 | EH47: 3 | EI47: 4 | EJ47: 5 | EK47: 6 | EL47: 7 | EM47: 8 | EN47: 9 | EO47: 10 | EP47: 11 | EQ47: 12 | ER47: 13 | ES47: 14 | ET47: 15 | EZ47: Parâmetros p/ μy | FA47: Média(E(RLT)) | FB47: 1 | FC47: 2 | FD47: 3 | FE47: 4 | FF47: 5 | FG47: 6 | FH47: 7 | FI47: 8 | FJ47: 9 | FK47: 10 | FL47: 11 | FM47: 12 | FN47: 13 | FO47: 14 | FP47: 15 | FV47: Parâmetros p/ μy | FW47: Média(E(RLT)) | FX47: 1 | FY47: 2 | FZ47: 3 | GA47: 4 | GB47: 5 | GC47: 6 | GD47: 7 | GE47: 8 | GF47: 9 | GG47: 10 | GH47: 11 | GI47: 12 | GJ47: 13 | GK47: 14 | GL47: 15 | GR47: Parâmetros p/ μy | GS47: Média(E(RLT)) | GT47: 1 | GU47: 2 | GV47: 3 | GW47: 4 | GX47: 5 | GY47: 6 | GZ47: 7 | HA47: 8 | HB47: 9 | HC47: 10 | HD47: 11 | HE47: 12 | HF47: 13 | HG47: 14 | HH47: 15
B48: ND*RLT ; LB ; D*E(RLT) | C48: 1 | D48: 9.45 | E48: 14.92 | F48: 14.79 | G48: 17.69 | H48: 14.79 | I48: 14.31 | J48: 10.15 | K48: 14.45 | L48: 12.52 | M48: 11.45 | N48: 13.36 | O48: 13.38 | P48: 14.59 | Q48: 14.28 | R48: 16.04 | X48: ND*RLT ; LB ; D*E(RLT) | Y48: 1 | Z48: 9.45 | AA48: 14.92 | AB48: 14.79 | AC48: 17.69 | AD48: 14.79 | AE48: 14.31 | AF48: 10.15 | AG48: 14.45 | AH48: 12.52 | AI48: 11.45 | AJ48: 13.36 | AK48: 13.38 | AL48: 14.59 | AM48: 14.28 | AN48: 16.04 | AT48: ND*RLT ; LB ; D*E(RLT) | AU48: 1 | AV48: 9.45 | AW48: 14.92 | AX48: 14.79 | AY48: 17.69 | AZ48: 14.79 | BA48: 14.31 | BB48: 10.15 | BC48: 14.45 | BD48: 12.52 | BE48: 11.45 | BF48: 13.36 | BG48: 13.38 | BH48: 14.59 | BI48: 14.28 | BJ48: 16.04 | BP48: ND*RLT ; LB ; D*E(RLT) | BQ48: 1 | BR48: 9.45 | BS48: 14.92 | BT48: 14.79 | BU48: 17.69 | BV48: 14.79 | BW48: 14.31 | BX48: 10.15 | BY48: 14.45 | BZ48: 12.52 | CA48: 11.45 | CB48: 13.36 | CC48: 13.38 | CD48: 14.59 | CE48: 14.28 | CF48: 16.04 | CL48: ND*RLT ; LB ; D*E(RLT) | CM48: 1 | CN48: 9.45 | CO48: 14.92 | CP48: 14.79 | CQ48: 17.69 | CR48: 14.79 | CS48: 14.31 | CT48: 10.15 | CU48: 14.45 | CV48: 12.52 | CW48: 11.45 | CX48: 13.36 | CY48: 13.38 | CZ48: 14.59 | DA48: 14.28 | DB48: 16.04 | DH48: ND*RLT ; LB ; D*E(RLT) | DI48: 1 | DJ48: 9.45 | DK48: 14.92 | DL48: 14.79 | DM48: 17.69 | DN48: 14.79 | DO48: 14.31 | DP48: 10.15 | DQ48: 14.45 | DR48: 12.52 | DS48: 11.45 | DT48: 13.36 | DU48: 13.38 | DV48: 14.59 | DW48: 14.28 | DX48: 16.04 | ED48: ND*RLT ; LB ; D*E(RLT) | EE48: 1 | EF48: 9.45 | EG48: 14.92 | EH48: 14.79 | EI48: 17.69 | EJ48: 14.79 | EK48: 14.31 | EL48: 10.15 | EM48: 14.45 | EN48: 12.52 | EO48: 11.45 | EP48: 13.36 | EQ48: 13.38 | ER48: 14.59 | ES48: 14.28 | ET48: 16.04 | EZ48: ND*RLT ; LB ; D*E(RLT) | FA48: 1 | FB48: 9.45 | FC48: 14.92 | FD48: 14.79 | FE48: 17.69 | FF48: 14.79 | FG48: 14.31 | FH48: 10.15 | FI48: 14.45 | FJ48: 12.52 | FK48: 11.45 | FL48: 13.36 | FM48: 13.38 | FN48: 14.59 | FO48: 14.28 | FP48: 16.04 | FV48: ND*RLT ; LB ; D*E(RLT) | FW48: 1 | FX48: 9.45 | FY48: 14.92 | FZ48: 14.79 | GA48: 17.69 | GB48: 14.79 | GC48: 14.31 | GD48: 10.15 | GE48: 14.45 | GF48: 12.52 | GG48: 11.45 | GH48: 13.36 | GI48: 13.38 | GJ48: 14.59 | GK48: 14.28 | GL48: 16.04 | GR48: ND*RLT ; LB ; D*E(RLT) | GS48: 1 | GT48: 9.45 | GU48: 14.92 | GV48: 14.79 | GW48: 17.69 | GX48: 14.79 | GY48: 14.31 | GZ48: 10.15 | HA48: 14.45 | HB48: 12.52 | HC48: 11.45 | HD48: 13.36 | HE48: 13.38 | HF48: 14.59 | HG48: 14.28 | HH48: 16.04
C49: 2 | D49: 13.11 | E49: 17.64 | F49: 11.65 | G49: 20.06 | H49: 11.73 | I49: 15.92 | J49: 12.08 | K49: 15.93 | L49: 10.8 | M49: 13.12 | N49: 12.44 | O49: 15.71 | P49: 19.48 | Q49: 17.94 | R49: 13.48 | Y49: 2 | Z49: 13.11 | AA49: 17.64 | AB49: 11.65 | AC49: 20.06 | AD49: 11.73 | AE49: 15.92 | AF49: 12.08 | AG49: 15.93 | AH49: 10.8 | AI49: 13.12 | AJ49: 12.44 | AK49: 15.71 | AL49: 19.48 | AM49: 17.94 | AN49: 13.48 | AU49: 2 | AV49: 13.11 | AW49: 17.64 | AX49: 11.65 | AY49: 20.06 | AZ49: 11.73 | BA49: 15.92 | BB49: 12.08 | BC49: 15.93 | BD49: 10.8 | BE49: 13.12 | BF49: 12.44 | BG49: 15.71 | BH49: 19.48 | BI49: 17.94 | BJ49: 13.48 | BQ49: 2 | BR49: 13.11 | BS49: 17.64 | BT49: 11.65 | BU49: 20.06 | BV49: 11.73 | BW49: 15.92 | BX49: 12.08 | BY49: 15.93 | BZ49: 10.8 | CA49: 13.12 | CB49: 12.44 | CC49: 15.71 | CD49: 19.48 | CE49: 17.94 | CF49: 13.48 | CM49: 2 | CN49: 13.11 | CO49: 17.64 | CP49: 11.65 | CQ49: 20.06 | CR49: 11.73 | CS49: 15.92 | CT49: 12.08 | CU49: 15.93 | CV49: 10.8 | CW49: 13.12 | CX49: 12.44 | CY49: 15.71 | CZ49: 19.48 | DA49: 17.94 | DB49: 13.48 | DI49: 2 | DJ49: 13.11 | DK49: 17.64 | DL49: 11.65 | DM49: 20.06 | DN49: 11.73 | DO49: 15.92 | DP49: 12.08 | DQ49: 15.93 | DR49: 10.8 | DS49: 13.12 | DT49: 12.44 | DU49: 15.71 | DV49: 19.48 | DW49: 17.94 | DX49: 13.48 | EE49: 2 | EF49: 13.11 | EG49: 17.64 | EH49: 11.65 | EI49: 20.06 | EJ49: 11.73 | EK49: 15.92 | EL49: 12.08 | EM49: 15.93 | EN49: 10.8 | EO49: 13.12 | EP49: 12.44 | EQ49: 15.71 | ER49: 19.48 | ES49: 17.94 | ET49: 13.48 | FA49: 2 | FB49: 13.11 | FC49: 17.64 | FD49: 11.65 | FE49: 20.06 | FF49: 11.73 | FG49: 15.92 | FH49: 12.08 | FI49: 15.93 | FJ49: 10.8 | FK49: 13.12 | FL49: 12.44 | FM49: 15.71 | FN49: 19.48 | FO49: 17.94 | FP49: 13.48 | FW49: 2 | FX49: 13.11 | FY49: 17.64 | FZ49: 11.65 | GA49: 20.06 | GB49: 11.73 | GC49: 15.92 | GD49: 12.08 | GE49: 15.93 | GF49: 10.8 | GG49: 13.12 | GH49: 12.44 | GI49: 15.71 | GJ49: 19.48 | GK49: 17.94 | GL49: 13.48 | GS49: 2 | GT49: 13.11 | GU49: 17.64 | GV49: 11.65 | GW49: 20.06 | GX49: 11.73 | GY49: 15.92 | GZ49: 12.08 | HA49: 15.93 | HB49: 10.8 | HC49: 13.12 | HD49: 12.44 | HE49: 15.71 | HF49: 19.48 | HG49: 17.94 | HH49: 13.48
C50: 3 | D50: 18.26 | E50: 19.27 | F50: 20.64 | G50: 13.97 | H50: 13.78 | I50: 17.6 | J50: 12.66 | K50: 13.15 | L50: 16.36 | M50: 15.94 | N50: 10.35 | O50: 14.02 | P50: 14.06 | Q50: 12.12 | R50: 12.77 | Y50: 3 | Z50: 18.26 | AA50: 19.27 | AB50: 20.64 | AC50: 13.97 | AD50: 13.78 | AE50: 17.6 | AF50: 12.66 | AG50: 13.15 | AH50: 16.36 | AI50: 15.94 | AJ50: 10.35 | AK50: 14.02 | AL50: 14.06 | AM50: 12.12 | AN50: 12.77 | AU50: 3 | AV50: 18.26 | AW50: 19.27 | AX50: 20.64 | AY50: 13.97 | AZ50: 13.78 | BA50: 17.6 | BB50: 12.66 | BC50: 13.15 | BD50: 16.36 | BE50: 15.94 | BF50: 10.35 | BG50: 14.02 | BH50: 14.06 | BI50: 12.12 | BJ50: 12.77 | BQ50: 3 | BR50: 18.26 | BS50: 19.27 | BT50: 20.64 | BU50: 13.97 | BV50: 13.78 | BW50: 17.6 | BX50: 12.66 | BY50: 13.15 | BZ50: 16.36 | CA50: 15.94 | CB50: 10.35 | CC50: 14.02 | CD50: 14.06 | CE50: 12.12 | CF50: 12.77 | CM50: 3 | CN50: 18.26 | CO50: 19.27 | CP50: 20.64 | CQ50: 13.97 | CR50: 13.78 | CS50: 17.6 | CT50: 12.66 | CU50: 13.15 | CV50: 16.36 | CW50: 15.94 | CX50: 10.35 | CY50: 14.02 | CZ50: 14.06 | DA50: 12.12 | DB50: 12.77 | DI50: 3 | DJ50: 18.26 | DK50: 19.27 | DL50: 20.64 | DM50: 13.97 | DN50: 13.78 | DO50: 17.6 | DP50: 12.66 | DQ50: 13.15 | DR50: 16.36 | DS50: 15.94 | DT50: 10.35 | DU50: 14.02 | DV50: 14.06 | DW50: 12.12 | DX50: 12.77 | EE50: 3 | EF50: 18.26 | EG50: 19.27 | EH50: 20.64 | EI50: 13.97 | EJ50: 13.78 | EK50: 17.6 | EL50: 12.66 | EM50: 13.15 | EN50: 16.36 | EO50: 15.94 | EP50: 10.35 | EQ50: 14.02 | ER50: 14.06 | ES50: 12.12 | ET50: 12.77 | FA50: 3 | FB50: 18.26 | FC50: 19.27 | FD50: 20.64 | FE50: 13.97 | FF50: 13.78 | FG50: 17.6 | FH50: 12.66 | FI50: 13.15 | FJ50: 16.36 | FK50: 15.94 | FL50: 10.35 | FM50: 14.02 | FN50: 14.06 | FO50: 12.12 | FP50: 12.77 | FW50: 3 | FX50: 18.26 | FY50: 19.27 | FZ50: 20.64 | GA50: 13.97 | GB50: 13.78 | GC50: 17.6 | GD50: 12.66 | GE50: 13.15 | GF50: 16.36 | GG50: 15.94 | GH50: 10.35 | GI50: 14.02 | GJ50: 14.06 | GK50: 12.12 | GL50: 12.77 | GS50: 3 | GT50: 18.26 | GU50: 19.27 | GV50: 20.64 | GW50: 13.97 | GX50: 13.78 | GY50: 17.6 | GZ50: 12.66 | HA50: 13.15 | HB50: 16.36 | HC50: 15.94 | HD50: 10.35 | HE50: 14.02 | HF50: 14.06 | HG50: 12.12 | HH50: 12.77
C52: Cap | D52: 1 | E52: 2 | F52: 3 | G52: 4 | H52: 5 | I52: 6 | J52: 7 | K52: 8 | L52: 9 | M52: 10 | N52: 11 | O52: 12 | P52: 13 | Q52: 14 | R52: 15 | Y52: Cap | Z52: 1 | AA52: 2 | AB52: 3 | AC52: 4 | AD52: 5 | AE52: 6 | AF52: 7 | AG52: 8 | AH52: 9 | AI52: 10 | AJ52: 11 | AK52: 12 | AL52: 13 | AM52: 14 | AN52: 15 | AU52: Cap | AV52: 1 | AW52: 2 | AX52: 3 | AY52: 4 | AZ52: 5 | BA52: 6 | BB52: 7 | BC52: 8 | BD52: 9 | BE52: 10 | BF52: 11 | BG52: 12 | BH52: 13 | BI52: 14 | BJ52: 15 | BQ52: Cap | BR52: 1 | BS52: 2 | BT52: 3 | BU52: 4 | BV52: 5 | BW52: 6 | BX52: 7 | BY52: 8 | BZ52: 9 | CA52: 10 | CB52: 11 | CC52: 12 | CD52: 13 | CE52: 14 | CF52: 15 | CM52: Cap | CN52: 1 | CO52: 2 | CP52: 3 | CQ52: 4 | CR52: 5 | CS52: 6 | CT52: 7 | CU52: 8 | CV52: 9 | CW52: 10 | CX52: 11 | CY52: 12 | CZ52: 13 | DA52: 14 | DB52: 15 | DI52: Cap | DJ52: 1 | DK52: 2 | DL52: 3 | DM52: 4 | DN52: 5 | DO52: 6 | DP52: 7 | DQ52: 8 | DR52: 9 | DS52: 10 | DT52: 11 | DU52: 12 | DV52: 13 | DW52: 14 | DX52: 15 | EE52: Cap | EF52: 1 | EG52: 2 | EH52: 3 | EI52: 4 | EJ52: 5 | EK52: 6 | EL52: 7 | EM52: 8 | EN52: 9 | EO52: 10 | EP52: 11 | EQ52: 12 | ER52: 13 | ES52: 14 | ET52: 15 | FA52: Cap | FB52: 1 | FC52: 2 | FD52: 3 | FE52: 4 | FF52: 5 | FG52: 6 | FH52: 7 | FI52: 8 | FJ52: 9 | FK52: 10 | FL52: 11 | FM52: 12 | FN52: 13 | FO52: 14 | FP52: 15 | FW52: Cap | FX52: 1 | FY52: 2 | FZ52: 3 | GA52: 4 | GB52: 5 | GC52: 6 | GD52: 7 | GE52: 8 | GF52: 9 | GG52: 10 | GH52: 11 | GI52: 12 | GJ52: 13 | GK52: 14 | GL52: 15 | GS52: Cap | GT52: 1 | GU52: 2 | GV52: 3 | GW52: 4 | GX52: 5 | GY52: 6 | GZ52: 7 | HA52: 8 | HB52: 9 | HC52: 10 | HD52: 11 | HE52: 12 | HF52: 13 | HG52: 14 | HH52: 15
C53: 1 | D53: =Suppliers_Cap!F14 | E53: =Suppliers_Cap!G14 | F53: =Suppliers_Cap!H14 | G53: =Suppliers_Cap!I14 | H53: =Suppliers_Cap!J14 | I53: =Suppliers_Cap!K14 | J53: =Suppliers_Cap!L14 | K53: =Suppliers_Cap!M14 | ... R53: =Suppliers_Cap!T14 | Y53: 1 | Z53: 304.6 | AA53: 336.22 | AB53: 367.37 | AC53: 330.6 | AD53: 407.16 | AE53: 209.81 | AF53: 353.15 | AG53: 325.44 | AH53: 303.38 | AI53: 363.91 | AJ53: 423.84 | AK53: 250.7 | AL53: 253.28 | AM53: 216.52 | AN53: 388.77 | AU53: 1 | AV53: 304.6 | AW53: 336.22 | AX53: 367.37 | AY53: 330.6 | AZ53: 407.16 | BA53: 209.81 | BB53: 353.15 | BC53: 325.44 | BD53: 303.38 | BE53: 363.91 | BF53: 423.84 | BG53: 250.7 | BH53: 253.28 | BI53: 216.52 | BJ53: 388.77 | BQ53: 1 | BR53: 304.6 | BS53: 336.22 | BT53: 367.37 | BU53: 330.6 | BV53: 407.16 | BW53: 209.81 | BX53: 353.15 | BY53: 325.44 | BZ53: 303.38 | CA53: 363.91 | CB53: 423.84 | CC53: 250.7 | CD53: 253.28 | CE53: 216.52 | CF53: 388.77 | CM53: 1 | CN53: 304.6 | CO53: 336.22 | CP53: 367.37 | CQ53: 330.6 | CR53: 407.16 | CS53: 209.81 | CT53: 353.15 | CU53: 325.44 | CV53: 303.38 | CW53: 363.91 | CX53: 423.84 | CY53: 250.7 | CZ53: 253.28 | DA53: 216.52 | DB53: 388.77 | DI53: 1 | DJ53: 304.6 | DK53: 336.22 | DL53: 367.37 | DM53: 330.6 | DN53: 407.16 | DO53: 209.81 | DP53: 353.15 | DQ53: 325.44 | DR53: 303.38 | DS53: 363.91 | DT53: 423.84 | DU53: 250.7 | DV53: 253.28 | DW53: 216.52 | DX53: 388.77 | EE53: 1 | EF53: 304.6 | EG53: 336.22 | EH53: 367.37 | EI53: 330.6 | EJ53: 407.16 | EK53: 209.81 | EL53: 353.15 | EM53: 325.44 | EN53: 303.38 | EO53: 363.91 | EP53: 423.84 | EQ53: 250.7 | ER53: 253.28 | ES53: 216.52 | ET53: 388.77 | FA53: 1 | FB53: 304.6 | FC53: 336.22 | FD53: 367.37 | FE53: 330.6 | FF53: 407.16 | FG53: 209.81 | FH53: 353.15 | FI53: 325.44 | FJ53: 303.38 | FK53: 363.91 | FL53: 423.84 | FM53: 250.7 | FN53: 253.28 | FO53: 216.52 | FP53: 388.77 | FW53: 1 | FX53: 304.6 | FY53: 336.22 | FZ53: 367.37 | GA53: 330.6 | GB53: 407.16 | GC53: 209.81 | GD53: 353.15 | GE53: 325.44 | GF53: 303.38 | GG53: 363.91 | GH53: 423.84 | GI53: 250.7 | GJ53: 253.28 | GK53: 216.52 | GL53: 388.77 | GS53: 1 | GT53: 304.6 | GU53: 336.22 | GV53: 367.37 | GW53: 330.6 | GX53: 407.16 | GY53: 209.81 | GZ53: 353.15 | HA53: 325.44 | HB53: 303.38 | HC53: 363.91 | HD53: 423.84 | HE53: 250.7 | HF53: 253.28 | HG53: 216.52 | HH53: 388.77
C54: 2 | D54: =Suppliers_Cap!F15 | E54: =Suppliers_Cap!G15 | F54: =Suppliers_Cap!H15 | G54: =Suppliers_Cap!I15 | H54: =Suppliers_Cap!J15 | I54: =Suppliers_Cap!K15 | J54: =Suppliers_Cap!L15 | K54: =Suppliers_Cap!M15 | ... R54: =Suppliers_Cap!T15 | Y54: 2 | Z54: 288.68 | AA54: 254.58 | AB54: 333.83 | AC54: 569.96 | AD54: 363.61 | AE54: 359.54 | AF54: 304.66 | AG54: 312.17 | AH54: 379.11 | AI54: 233.3 | AJ54: 387.92 | AK54: 330.06 | AL54: 266.36 | AM54: 408.27 | AN54: 358.07 | AU54: 2 | AV54: 288.68 | AW54: 254.58 | AX54: 333.83 | AY54: 569.96 | AZ54: 363.61 | BA54: 359.54 | BB54: 304.66 | BC54: 312.17 | BD54: 379.11 | BE54: 233.3 | BF54: 387.92 | BG54: 330.06 | BH54: 266.36 | BI54: 408.27 | BJ54: 358.07 | BQ54: 2 | BR54: 288.68 | BS54: 254.58 | BT54: 333.83 | BU54: 569.96 | BV54: 363.61 | BW54: 359.54 | BX54: 304.66 | BY54: 312.17 | BZ54: 379.11 | CA54: 233.3 | CB54: 387.92 | CC54: 330.06 | CD54: 266.36 | CE54: 408.27 | CF54: 358.07 | CM54: 2 | CN54: 288.68 | CO54: 254.58 | CP54: 333.83 | CQ54: 569.96 | CR54: 363.61 | CS54: 359.54 | CT54: 304.66 | CU54: 312.17 | CV54: 379.11 | CW54: 233.3 | CX54: 387.92 | CY54: 330.06 | CZ54: 266.36 | DA54: 408.27 | DB54: 358.07 | DI54: 2 | DJ54: 288.68 | DK54: 254.58 | DL54: 333.83 | DM54: 569.96 | DN54: 363.61 | DO54: 359.54 | DP54: 304.66 | DQ54: 312.17 | DR54: 379.11 | DS54: 233.3 | DT54: 387.92 | DU54: 330.06 | DV54: 266.36 | DW54: 408.27 | DX54: 358.07 | EE54: 2 | EF54: 288.68 | EG54: 254.58 | EH54: 333.83 | EI54: 569.96 | EJ54: 363.61 | EK54: 359.54 | EL54: 304.66 | EM54: 312.17 | EN54: 379.11 | EO54: 233.3 | EP54: 387.92 | EQ54: 330.06 | ER54: 266.36 | ES54: 408.27 | ET54: 358.07 | FA54: 2 | FB54: 288.68 | FC54: 254.58 | FD54: 333.83 | FE54: 569.96 | FF54: 363.61 | FG54: 359.54 | FH54: 304.66 | FI54: 312.17 | FJ54: 379.11 | FK54: 233.3 | FL54: 387.92 | FM54: 330.06 | FN54: 266.36 | FO54: 408.27 | FP54: 358.07 | FW54: 2 | FX54: 288.68 | FY54: 254.58 | FZ54: 333.83 | GA54: 569.96 | GB54: 363.61 | GC54: 359.54 | GD54: 304.66 | GE54: 312.17 | GF54: 379.11 | GG54: 233.3 | GH54: 387.92 | GI54: 330.06 | GJ54: 266.36 | GK54: 408.27 | GL54: 358.07 | GS54: 2 | GT54: 288.68 | GU54: 254.58 | GV54: 333.83 | GW54: 569.96 | GX54: 363.61 | GY54: 359.54 | GZ54: 304.66 | HA54: 312.17 | HB54: 379.11 | HC54: 233.3 | HD54: 387.92 | HE54: 330.06 | HF54: 266.36 | HG54: 408.27 | HH54: 358.07
C55: 3 | D55: =Suppliers_Cap!F16 | E55: =Suppliers_Cap!G16 | F55: =Suppliers_Cap!H16 | G55: =Suppliers_Cap!I16 | H55: =Suppliers_Cap!J16 | I55: =Suppliers_Cap!K16 | J55: =Suppliers_Cap!L16 | K55: =Suppliers_Cap!M16 | ... R55: =Suppliers_Cap!T16 | Y55: 3 | Z55: 327.67 | AA55: 359.24 | AB55: 403.54 | AC55: 415.74 | AD55: 368.14 | AE55: 306.54 | AF55: 220.2 | AG55: 408.05 | AH55: 398.03 | AI55: 305.5 | AJ55: 241.55 | AK55: 315.53 | AL55: 436.88 | AM55: 393.14 | AN55: 327.17 | AU55: 3 | AV55: 327.67 | AW55: 359.24 | AX55: 403.54 | AY55: 415.74 | AZ55: 368.14 | BA55: 306.54 | BB55: 220.2 | BC55: 408.05 | BD55: 398.03 | BE55: 305.5 | BF55: 241.55 | BG55: 315.53 | BH55: 436.88 | BI55: 393.14 | BJ55: 327.17 | BQ55: 3 | BR55: 327.67 | BS55: 359.24 | BT55: 403.54 | BU55: 415.74 | BV55: 368.14 | BW55: 306.54 | BX55: 220.2 | BY55: 408.05 | BZ55: 398.03 | CA55: 305.5 | CB55: 241.55 | CC55: 315.53 | CD55: 436.88 | CE55: 393.14 | CF55: 327.17 | CM55: 3 | CN55: 327.67 | CO55: 359.24 | CP55: 403.54 | CQ55: 415.74 | CR55: 368.14 | CS55: 306.54 | CT55: 220.2 | CU55: 408.05 | CV55: 398.03 | CW55: 305.5 | CX55: 241.55 | CY55: 315.53 | CZ55: 436.88 | DA55: 393.14 | DB55: 327.17 | DI55: 3 | DJ55: 327.67 | DK55: 359.24 | DL55: 403.54 | DM55: 415.74 | DN55: 368.14 | DO55: 306.54 | DP55: 220.2 | DQ55: 408.05 | DR55: 398.03 | DS55: 305.5 | DT55: 241.55 | DU55: 315.53 | DV55: 436.88 | DW55: 393.14 | DX55: 327.17 | EE55: 3 | EF55: 327.67 | EG55: 359.24 | EH55: 403.54 | EI55: 415.74 | EJ55: 368.14 | EK55: 306.54 | EL55: 220.2 | EM55: 408.05 | EN55: 398.03 | EO55: 305.5 | EP55: 241.55 | EQ55: 315.53 | ER55: 436.88 | ES55: 393.14 | ET55: 327.17 | FA55: 3 | FB55: 327.67 | FC55: 359.24 | FD55: 403.54 | FE55: 415.74 | FF55: 368.14 | FG55: 306.54 | FH55: 220.2 | FI55: 408.05 | FJ55: 398.03 | FK55: 305.5 | FL55: 241.55 | FM55: 315.53 | FN55: 436.88 | FO55: 393.14 | FP55: 327.17 | FW55: 3 | FX55: 327.67 | FY55: 359.24 | FZ55: 403.54 | GA55: 415.74 | GB55: 368.14 | GC55: 306.54 | GD55: 220.2 | GE55: 408.05 | GF55: 398.03 | GG55: 305.5 | GH55: 241.55 | GI55: 315.53 | GJ55: 436.88 | GK55: 393.14 | GL55: 327.17 | GS55: 3 | GT55: 327.67 | GU55: 359.24 | GV55: 403.54 | GW55: 415.74 | GX55: 368.14 | GY55: 306.54 | GZ55: 220.2 | HA55: 408.05 | HB55: 398.03 | HC55: 305.5 | HD55: 241.55 | HE55: 315.53 | HF55: 436.88 | HG55: 393.14 | HH55: 327.17
B57: Parâmetros p/ μx | C57: Var(d-cap) | D57: 1 | E57: 2 | F57: 3 | G57: 4 | H57: 5 | I57: 6 | J57: 7 | K57: 8 | L57: 9 | M57: 10 | N57: 11 | O57: 12 | P57: 13 | Q57: 14 | R57: 15 | X57: Parâmetros p/ μx | Y57: Var(d-cap) | Z57: 1 | AA57: 2 | AB57: 3 | AC57: 4 | AD57: 5 | AE57: 6 | AF57: 7 | AG57: 8 | AH57: 9 | AI57: 10 | AJ57: 11 | AK57: 12 | AL57: 13 | AM57: 14 | AN57: 15 | AT57: Parâmetros p/ μx | AU57: Var(d-cap) | AV57: 1 | AW57: 2 | AX57: 3 | AY57: 4 | AZ57: 5 | BA57: 6 | BB57: 7 | BC57: 8 | BD57: 9 | BE57: 10 | BF57: 11 | BG57: 12 | BH57: 13 | BI57: 14 | BJ57: 15 | BP57: Parâmetros p/ μx | BQ57: Var(d-cap) | BR57: 1 | BS57: 2 | BT57: 3 | BU57: 4 | BV57: 5 | BW57: 6 | BX57: 7 | BY57: 8 | BZ57: 9 | CA57: 10 | CB57: 11 | CC57: 12 | CD57: 13 | CE57: 14 | CF57: 15 | CL57: Parâmetros p/ μx | CM57: Var(d-cap) | CN57: 1 | CO57: 2 | CP57: 3 | CQ57: 4 | CR57: 5 | CS57: 6 | CT57: 7 | CU57: 8 | CV57: 9 | CW57: 10 | CX57: 11 | CY57: 12 | CZ57: 13 | DA57: 14 | DB57: 15 | DH57: Parâmetros p/ μx | DI57: Var(d-cap) | DJ57: 1 | DK57: 2 | DL57: 3 | DM57: 4 | DN57: 5 | DO57: 6 | DP57: 7 | DQ57: 8 | DR57: 9 | DS57: 10 | DT57: 11 | DU57: 12 | DV57: 13 | DW57: 14 | DX57: 15 | ED57: Parâmetros p/ μx | EE57: Var(d-cap) | EF57: 1 | EG57: 2 | EH57: 3 | EI57: 4 | EJ57: 5 | EK57: 6 | EL57: 7 | EM57: 8 | EN57: 9 | EO57: 10 | EP57: 11 | EQ57: 12 | ER57: 13 | ES57: 14 | ET57: 15 | EZ57: Parâmetros p/ μx | FA57: Var(d-cap) | FB57: 1 | FC57: 2 | FD57: 3 | FE57: 4 | FF57: 5 | FG57: 6 | FH57: 7 | FI57: 8 | FJ57: 9 | FK57: 10 | FL57: 11 | FM57: 12 | FN57: 13 | FO57: 14 | FP57: 15 | FV57: Parâmetros p/ μx | FW57: Var(d-cap) | FX57: 1 | FY57: 2 | FZ57: 3 | GA57: 4 | GB57: 5 | GC57: 6 | GD57: 7 | GE57: 8 | GF57: 9 | GG57: 10 | GH57: 11 | GI57: 12 | GJ57: 13 | GK57: 14 | GL57: 15 | GR57: Parâmetros p/ μx | GS57: Var(d-cap) | GT57: 1 | GU57: 2 | GV57: 3 | GW57: 4 | GX57: 5 | GY57: 6 | GZ57: 7 | HA57: 8 | HB57: 9 | HC57: 10 | HD57: 11 | HE57: 12 | HF57: 13 | HG57: 14 | HH57: 15
B58: LB | C58: 1 | D58: 195.14972 | E58: 268.59932 | F58: 243.19779 | G58: 211.78981 | H58: 495.67679 | I58: 191.80865 | J58: 228.58718 | K58: 428.22922 | L58: 341.0264 | M58: 325.91803 | N58: 498.35651 | O58: 151.52871 | P58: 217.80742 | Q58: 186.71856 | R58: 592.96633 | X58: LB | Y58: 1 | Z58: 195.14972 | AA58: 268.59932 | AB58: 243.19779 | AC58: 211.78981 | AD58: 495.67679 | AE58: 191.80865 | AF58: 228.58718 | AG58: 428.22922 | AH58: 341.0264 | AI58: 325.91803 | AJ58: 498.35651 | AK58: 151.52871 | AL58: 217.80742 | AM58: 186.71856 | AN58: 592.96633 | AT58: LB | AU58: 1 | AV58: 195.14972 | AW58: 268.59932 | AX58: 243.19779 | AY58: 211.78981 | AZ58: 495.67679 | BA58: 191.80865 | BB58: 228.58718 | BC58: 428.22922 | BD58: 341.0264 | BE58: 325.91803 | BF58: 498.35651 | BG58: 151.52871 | BH58: 217.80742 | BI58: 186.71856 | BJ58: 592.96633 | BP58: LB | BQ58: 1 | BR58: 195.14972 | BS58: 268.59932 | BT58: 243.19779 | BU58: 211.78981 | BV58: 495.67679 | BW58: 191.80865 | BX58: 228.58718 | BY58: 428.22922 | BZ58: 341.0264 | CA58: 325.91803 | CB58: 498.35651 | CC58: 151.52871 | CD58: 217.80742 | CE58: 186.71856 | CF58: 592.96633 | CL58: LB | CM58: 1 | CN58: 195.14972 | CO58: 268.59932 | CP58: 243.19779 | CQ58: 211.78981 | CR58: 495.67679 | CS58: 191.80865 | CT58: 228.58718 | CU58: 428.22922 | CV58: 341.0264 | CW58: 325.91803 | CX58: 498.35651 | CY58: 151.52871 | CZ58: 217.80742 | DA58: 186.71856 | DB58: 592.96633 | DH58: LB | DI58: 1 | DJ58: 195.14972 | DK58: 268.59932 | DL58: 243.19779 | DM58: 211.78981 | DN58: 495.67679 | DO58: 191.80865 | DP58: 228.58718 | DQ58: 428.22922 | DR58: 341.0264 | DS58: 325.91803 | DT58: 498.35651 | DU58: 151.52871 | DV58: 217.80742 | DW58: 186.71856 | DX58: 592.96633 | ED58: LB | EE58: 1 | EF58: 195.14972 | EG58: 268.59932 | EH58: 243.19779 | EI58: 211.78981 | EJ58: 495.67679 | EK58: 191.80865 | EL58: 228.58718 | EM58: 428.22922 | EN58: 341.0264 | EO58: 325.91803 | EP58: 498.35651 | EQ58: 151.52871 | ER58: 217.80742 | ES58: 186.71856 | ET58: 592.96633 | EZ58: LB | FA58: 1 | FB58: 195.14972 | FC58: 268.59932 | FD58: 243.19779 | FE58: 211.78981 | FF58: 495.67679 | FG58: 191.80865 | FH58: 228.58718 | FI58: 428.22922 | FJ58: 341.0264 | FK58: 325.91803 | FL58: 498.35651 | FM58: 151.52871 | FN58: 217.80742 | FO58: 186.71856 | FP58: 592.96633 | FV58: LB | FW58: 1 | FX58: 195.14972 | FY58: 268.59932 | FZ58: 243.19779 | GA58: 211.78981 | GB58: 495.67679 | GC58: 191.80865 | GD58: 228.58718 | GE58: 428.22922 | GF58: 341.0264 | GG58: 325.91803 | GH58: 498.35651 | GI58: 151.52871 | GJ58: 217.80742 | GK58: 186.71856 | GL58: 592.96633 | GR58: LB | GS58: 1 | GT58: 195.14972 | GU58: 268.59932 | GV58: 243.19779 | GW58: 211.78981 | GX58: 495.67679 | GY58: 191.80865 | GZ58: 228.58718 | HA58: 428.22922 | HB58: 341.0264 | HC58: 325.91803 | HD58: 498.35651 | HE58: 151.52871 | HF58: 217.80742 | HG58: 186.71856 | HH58: 592.96633
C59: 2 | D59: 282.89894 | E59: 213.68885 | F59: 241.92692 | G59: 590.55804 | H59: 388.85868 | I59: 422.60669 | J59: 252.55884 | K59: 203.0283 | L59: 313.81768 | M59: 195.9692 | N59: 304.38734 | O59: 362.78821 | P59: 237.91829 | Q59: 507.64596 | R59: 435.18967 | Y59: 2 | Z59: 282.89894 | AA59: 213.68885 | AB59: 241.92692 | AC59: 590.55804 | AD59: 388.85868 | AE59: 422.60669 | AF59: 252.55884 | AG59: 203.0283 | AH59: 313.81768 | AI59: 195.9692 | AJ59: 304.38734 | AK59: 362.78821 | AL59: 237.91829 | AM59: 507.64596 | AN59: 435.18967 | AU59: 2 | AV59: 282.89894 | AW59: 213.68885 | AX59: 241.92692 | AY59: 590.55804 | AZ59: 388.85868 | BA59: 422.60669 | BB59: 252.55884 | BC59: 203.0283 | BD59: 313.81768 | BE59: 195.9692 | BF59: 304.38734 | BG59: 362.78821 | BH59: 237.91829 | BI59: 507.64596 | BJ59: 435.18967 | BQ59: 2 | BR59: 282.89894 | BS59: 213.68885 | BT59: 241.92692 | BU59: 590.55804 | BV59: 388.85868 | BW59: 422.60669 | BX59: 252.55884 | BY59: 203.0283 | BZ59: 313.81768 | CA59: 195.9692 | CB59: 304.38734 | CC59: 362.78821 | CD59: 237.91829 | CE59: 507.64596 | CF59: 435.18967 | CM59: 2 | CN59: 282.89894 | CO59: 213.68885 | CP59: 241.92692 | CQ59: 590.55804 | CR59: 388.85868 | CS59: 422.60669 | CT59: 252.55884 | CU59: 203.0283 | CV59: 313.81768 | CW59: 195.9692 | CX59: 304.38734 | CY59: 362.78821 | CZ59: 237.91829 | DA59: 507.64596 | DB59: 435.18967 | DI59: 2 | DJ59: 282.89894 | DK59: 213.68885 | DL59: 241.92692 | DM59: 590.55804 | DN59: 388.85868 | DO59: 422.60669 | DP59: 252.55884 | DQ59: 203.0283 | DR59: 313.81768 | DS59: 195.9692 | DT59: 304.38734 | DU59: 362.78821 | DV59: 237.91829 | DW59: 507.64596 | DX59: 435.18967 | EE59: 2 | EF59: 282.89894 | EG59: 213.68885 | EH59: 241.92692 | EI59: 590.55804 | EJ59: 388.85868 | EK59: 422.60669 | EL59: 252.55884 | EM59: 203.0283 | EN59: 313.81768 | EO59: 195.9692 | EP59: 304.38734 | EQ59: 362.78821 | ER59: 237.91829 | ES59: 507.64596 | ET59: 435.18967 | FA59: 2 | FB59: 282.89894 | FC59: 213.68885 | FD59: 241.92692 | FE59: 590.55804 | FF59: 388.85868 | FG59: 422.60669 | FH59: 252.55884 | FI59: 203.0283 | FJ59: 313.81768 | FK59: 195.9692 | FL59: 304.38734 | FM59: 362.78821 | FN59: 237.91829 | FO59: 507.64596 | FP59: 435.18967 | FW59: 2 | FX59: 282.89894 | FY59: 213.68885 | FZ59: 241.92692 | GA59: 590.55804 | GB59: 388.85868 | GC59: 422.60669 | GD59: 252.55884 | GE59: 203.0283 | GF59: 313.81768 | GG59: 195.9692 | GH59: 304.38734 | GI59: 362.78821 | GJ59: 237.91829 | GK59: 507.64596 | GL59: 435.18967 | GS59: 2 | GT59: 282.89894 | GU59: 213.68885 | GV59: 241.92692 | GW59: 590.55804 | GX59: 388.85868 | GY59: 422.60669 | GZ59: 252.55884 | HA59: 203.0283 | HB59: 313.81768 | HC59: 195.9692 | HD59: 304.38734 | HE59: 362.78821 | HF59: 237.91829 | HG59: 507.64596 | HH59: 435.18967
C60: 3 | D60: 467.04829 | E60: 262.44972 | F60: 289.07821 | G60: 583.14522 | H60: 279.06705 | I60: 466.86677 | J60: 270.79994 | K60: 382.14776 | L60: 306.8593 | M60: 223.66997 | N60: 263.0884 | O60: 274.98926 | P60: 406.8289 | Q60: 367.9568 | R60: 362.32742 | Y60: 3 | Z60: 467.04829 | AA60: 262.44972 | AB60: 289.07821 | AC60: 583.14522 | AD60: 279.06705 | AE60: 466.86677 | AF60: 270.79994 | AG60: 382.14776 | AH60: 306.8593 | AI60: 223.66997 | AJ60: 263.0884 | AK60: 274.98926 | AL60: 406.8289 | AM60: 367.9568 | AN60: 362.32742 | AU60: 3 | AV60: 467.04829 | AW60: 262.44972 | AX60: 289.07821 | AY60: 583.14522 | AZ60: 279.06705 | BA60: 466.86677 | BB60: 270.79994 | BC60: 382.14776 | BD60: 306.8593 | BE60: 223.66997 | BF60: 263.0884 | BG60: 274.98926 | BH60: 406.8289 | BI60: 367.9568 | BJ60: 362.32742 | BQ60: 3 | BR60: 467.04829 | BS60: 262.44972 | BT60: 289.07821 | BU60: 583.14522 | BV60: 279.06705 | BW60: 466.86677 | BX60: 270.79994 | BY60: 382.14776 | BZ60: 306.8593 | CA60: 223.66997 | CB60: 263.0884 | CC60: 274.98926 | CD60: 406.8289 | CE60: 367.9568 | CF60: 362.32742 | CM60: 3 | CN60: 467.04829 | CO60: 262.44972 | CP60: 289.07821 | CQ60: 583.14522 | CR60: 279.06705 | CS60: 466.86677 | CT60: 270.79994 | CU60: 382.14776 | CV60: 306.8593 | CW60: 223.66997 | CX60: 263.0884 | CY60: 274.98926 | CZ60: 406.8289 | DA60: 367.9568 | DB60: 362.32742 | DI60: 3 | DJ60: 467.04829 | DK60: 262.44972 | DL60: 289.07821 | DM60: 583.14522 | DN60: 279.06705 | DO60: 466.86677 | DP60: 270.79994 | DQ60: 382.14776 | DR60: 306.8593 | DS60: 223.66997 | DT60: 263.0884 | DU60: 274.98926 | DV60: 406.8289 | DW60: 367.9568 | DX60: 362.32742 | EE60: 3 | EF60: 467.04829 | EG60: 262.44972 | EH60: 289.07821 | EI60: 583.14522 | EJ60: 279.06705 | EK60: 466.86677 | EL60: 270.79994 | EM60: 382.14776 | EN60: 306.8593 | EO60: 223.66997 | EP60: 263.0884 | EQ60: 274.98926 | ER60: 406.8289 | ES60: 367.9568 | ET60: 362.32742 | FA60: 3 | FB60: 467.04829 | FC60: 262.44972 | FD60: 289.07821 | FE60: 583.14522 | FF60: 279.06705 | FG60: 466.86677 | FH60: 270.79994 | FI60: 382.14776 | FJ60: 306.8593 | FK60: 223.66997 | FL60: 263.0884 | FM60: 274.98926 | FN60: 406.8289 | FO60: 367.9568 | FP60: 362.32742 | FW60: 3 | FX60: 467.04829 | FY60: 262.44972 | FZ60: 289.07821 | GA60: 583.14522 | GB60: 279.06705 | GC60: 466.86677 | GD60: 270.79994 | GE60: 382.14776 | GF60: 306.8593 | GG60: 223.66997 | GH60: 263.0884 | GI60: 274.98926 | GJ60: 406.8289 | GK60: 367.9568 | GL60: 362.32742 | GS60: 3 | GT60: 467.04829 | GU60: 262.44972 | GV60: 289.07821 | GW60: 583.14522 | GX60: 279.06705 | GY60: 466.86677 | GZ60: 270.79994 | HA60: 382.14776 | HB60: 306.8593 | HC60: 223.66997 | HD60: 263.0884 | HE60: 274.98926 | HF60: 406.8289 | HG60: 367.9568 | HH60: 362.32742
B62: Parâmetros p/ σx | C62: Desvpad(Var(S2nd)) | D62: 1 | E62: 2 | F62: 3 | G62: 4 | H62: 5 | I62: 6 | J62: 7 | K62: 8 | L62: 9 | M62: 10 | N62: 11 | O62: 12 | P62: 13 | Q62: 14 | R62: 15 | X62: Parâmetros p/ σx | Y62: Desvpad(Var(S2nd)) | Z62: 1 | AA62: 2 | AB62: 3 | AC62: 4 | AD62: 5 | AE62: 6 | AF62: 7 | AG62: 8 | AH62: 9 | AI62: 10 | AJ62: 11 | AK62: 12 | AL62: 13 | AM62: 14 | AN62: 15 | AT62: Parâmetros p/ σx | AU62: Desvpad(Var(S2nd)) | AV62: 1 | AW62: 2 | AX62: 3 | AY62: 4 | AZ62: 5 | BA62: 6 | BB62: 7 | BC62: 8 | BD62: 9 | BE62: 10 | BF62: 11 | BG62: 12 | BH62: 13 | BI62: 14 | BJ62: 15 | BP62: Parâmetros p/ σx | BQ62: Desvpad(Var(S2nd)) | BR62: 1 | BS62: 2 | BT62: 3 | BU62: 4 | BV62: 5 | BW62: 6 | BX62: 7 | BY62: 8 | BZ62: 9 | CA62: 10 | CB62: 11 | CC62: 12 | CD62: 13 | CE62: 14 | CF62: 15 | CL62: Parâmetros p/ σx | CM62: Desvpad(Var(S2nd)) | CN62: 1 | CO62: 2 | CP62: 3 | CQ62: 4 | CR62: 5 | CS62: 6 | CT62: 7 | CU62: 8 | CV62: 9 | CW62: 10 | CX62: 11 | CY62: 12 | CZ62: 13 | DA62: 14 | DB62: 15 | DH62: Parâmetros p/ σx | DI62: Desvpad(Var(S2nd)) | DJ62: 1 | DK62: 2 | DL62: 3 | DM62: 4 | DN62: 5 | DO62: 6 | DP62: 7 | DQ62: 8 | DR62: 9 | DS62: 10 | DT62: 11 | DU62: 12 | DV62: 13 | DW62: 14 | DX62: 15 | ED62: Parâmetros p/ σx | EE62: Desvpad(Var(S2nd)) | EF62: 1 | EG62: 2 | EH62: 3 | EI62: 4 | EJ62: 5 | EK62: 6 | EL62: 7 | EM62: 8 | EN62: 9 | EO62: 10 | EP62: 11 | EQ62: 12 | ER62: 13 | ES62: 14 | ET62: 15 | EZ62: Parâmetros p/ σx | FA62: Desvpad(Var(S2nd)) | FB62: 1 | FC62: 2 | FD62: 3 | FE62: 4 | FF62: 5 | FG62: 6 | FH62: 7 | FI62: 8 | FJ62: 9 | FK62: 10 | FL62: 11 | FM62: 12 | FN62: 13 | FO62: 14 | FP62: 15 | FV62: Parâmetros p/ σx | FW62: Desvpad(Var(S2nd)) | FX62: 1 | FY62: 2 | FZ62: 3 | GA62: 4 | GB62: 5 | GC62: 6 | GD62: 7 | GE62: 8 | GF62: 9 | GG62: 10 | GH62: 11 | GI62: 12 | GJ62: 13 | GK62: 14 | GL62: 15 | GR62: Parâmetros p/ σx | GS62: Desvpad(Var(S2nd)) | GT62: 1 | GU62: 2 | GV62: 3 | GW62: 4 | GX62: 5 | GY62: 6 | GZ62: 7 | HA62: 8 | HB62: 9 | HC62: 10 | HD62: 11 | HE62: 12 | HF62: 13 | HG62: 14 | HH62: 15
B63: LB | C63: 1 | D63: 112.4037 | E63: 150.5519 | F63: 150.0761 | G63: 125.8954 | H63: 277.3852 | I63: 114.4701 | J63: 139.7176 | K63: 251.6818 | L63: 197.052 | M63: 181.9621 | N63: 277.4759 | O63: 84.7787 | P63: 123.9421 | Q63: 109.4126 | R63: 346.4116 | X63: LB | Y63: 1 | Z63: 112.4037 | AA63: 150.5519 | AB63: 150.0761 | AC63: 125.8954 | AD63: 277.3852 | AE63: 114.4701 | AF63: 139.7176 | AG63: 251.6818 | AH63: 197.052 | AI63: 181.9621 | AJ63: 277.4759 | AK63: 84.7787 | AL63: 123.9421 | AM63: 109.4126 | AN63: 346.4116 | AT63: LB | AU63: 1 | AV63: 112.4037 | AW63: 150.5519 | AX63: 150.0761 | AY63: 125.8954 | AZ63: 277.3852 | BA63: 114.4701 | BB63: 139.7176 | BC63: 251.6818 | BD63: 197.052 | BE63: 181.9621 | BF63: 277.4759 | BG63: 84.7787 | BH63: 123.9421 | BI63: 109.4126 | BJ63: 346.4116 | BP63: LB | BQ63: 1 | BR63: 112.4037 | BS63: 150.5519 | BT63: 150.0761 | BU63: 125.8954 | BV63: 277.3852 | BW63: 114.4701 | BX63: 139.7176 | BY63: 251.6818 | BZ63: 197.052 | CA63: 181.9621 | CB63: 277.4759 | CC63: 84.7787 | CD63: 123.9421 | CE63: 109.4126 | CF63: 346.4116 | CL63: LB | CM63: 1 | CN63: 112.4037 | CO63: 150.5519 | CP63: 150.0761 | CQ63: 125.8954 | CR63: 277.3852 | CS63: 114.4701 | CT63: 139.7176 | CU63: 251.6818 | CV63: 197.052 | CW63: 181.9621 | CX63: 277.4759 | CY63: 84.7787 | CZ63: 123.9421 | DA63: 109.4126 | DB63: 346.4116 | DH63: LB | DI63: 1 | DJ63: 112.4037 | DK63: 150.5519 | DL63: 150.0761 | DM63: 125.8954 | DN63: 277.3852 | DO63: 114.4701 | DP63: 139.7176 | DQ63: 251.6818 | DR63: 197.052 | DS63: 181.9621 | DT63: 277.4759 | DU63: 84.7787 | DV63: 123.9421 | DW63: 109.4126 | DX63: 346.4116 | ED63: LB | EE63: 1 | EF63: 112.4037 | EG63: 150.5519 | EH63: 150.0761 | EI63: 125.8954 | EJ63: 277.3852 | EK63: 114.4701 | EL63: 139.7176 | EM63: 251.6818 | EN63: 197.052 | EO63: 181.9621 | EP63: 277.4759 | EQ63: 84.7787 | ER63: 123.9421 | ES63: 109.4126 | ET63: 346.4116 | EZ63: LB | FA63: 1 | FB63: 112.4037 | FC63: 150.5519 | FD63: 150.0761 | FE63: 125.8954 | FF63: 277.3852 | FG63: 114.4701 | FH63: 139.7176 | FI63: 251.6818 | FJ63: 197.052 | FK63: 181.9621 | FL63: 277.4759 | FM63: 84.7787 | FN63: 123.9421 | FO63: 109.4126 | FP63: 346.4116 | FV63: LB | FW63: 1 | FX63: 112.4037 | FY63: 150.5519 | FZ63: 150.0761 | GA63: 125.8954 | GB63: 277.3852 | GC63: 114.4701 | GD63: 139.7176 | GE63: 251.6818 | GF63: 197.052 | GG63: 181.9621 | GH63: 277.4759 | GI63: 84.7787 | GJ63: 123.9421 | GK63: 109.4126 | GL63: 346.4116 | GR63: LB | GS63: 1 | GT63: 112.4037 | GU63: 150.5519 | GV63: 150.0761 | GW63: 125.8954 | GX63: 277.3852 | GY63: 114.4701 | GZ63: 139.7176 | HA63: 251.6818 | HB63: 197.052 | HC63: 181.9621 | HD63: 277.4759 | HE63: 84.7787 | HF63: 123.9421 | HG63: 109.4126 | HH63: 346.4116
C64: 2 | D64: 160.9752 | E64: 121.0452 | F64: 138.0701 | G64: 362.605 | H64: 217.2882 | I64: 239.086 | J64: 140.5445 | K64: 117.3 | L64: 178.8198 | M64: 112.6414 | N64: 177.7212 | O64: 205.8108 | P64: 135.1194 | Q64: 284.6164 | R64: 247.6234 | Y64: 2 | Z64: 160.9752 | AA64: 121.0452 | AB64: 138.0701 | AC64: 362.605 | AD64: 217.2882 | AE64: 239.086 | AF64: 140.5445 | AG64: 117.3 | AH64: 178.8198 | AI64: 112.6414 | AJ64: 177.7212 | AK64: 205.8108 | AL64: 135.1194 | AM64: 284.6164 | AN64: 247.6234 | AU64: 2 | AV64: 160.9752 | AW64: 121.0452 | AX64: 138.0701 | AY64: 362.605 | AZ64: 217.2882 | BA64: 239.086 | BB64: 140.5445 | BC64: 117.3 | BD64: 178.8198 | BE64: 112.6414 | BF64: 177.7212 | BG64: 205.8108 | BH64: 135.1194 | BI64: 284.6164 | BJ64: 247.6234 | BQ64: 2 | BR64: 160.9752 | BS64: 121.0452 | BT64: 138.0701 | BU64: 362.605 | BV64: 217.2882 | BW64: 239.086 | BX64: 140.5445 | BY64: 117.3 | BZ64: 178.8198 | CA64: 112.6414 | CB64: 177.7212 | CC64: 205.8108 | CD64: 135.1194 | CE64: 284.6164 | CF64: 247.6234 | CM64: 2 | CN64: 160.9752 | CO64: 121.0452 | CP64: 138.0701 | CQ64: 362.605 | CR64: 217.2882 | CS64: 239.086 | CT64: 140.5445 | CU64: 117.3 | CV64: 178.8198 | CW64: 112.6414 | CX64: 177.7212 | CY64: 205.8108 | CZ64: 135.1194 | DA64: 284.6164 | DB64: 247.6234 | DI64: 2 | DJ64: 160.9752 | DK64: 121.0452 | DL64: 138.0701 | DM64: 362.605 | DN64: 217.2882 | DO64: 239.086 | DP64: 140.5445 | DQ64: 117.3 | DR64: 178.8198 | DS64: 112.6414 | DT64: 177.7212 | DU64: 205.8108 | DV64: 135.1194 | DW64: 284.6164 | DX64: 247.6234 | EE64: 2 | EF64: 160.9752 | EG64: 121.0452 | EH64: 138.0701 | EI64: 362.605 | EJ64: 217.2882 | EK64: 239.086 | EL64: 140.5445 | EM64: 117.3 | EN64: 178.8198 | EO64: 112.6414 | EP64: 177.7212 | EQ64: 205.8108 | ER64: 135.1194 | ES64: 284.6164 | ET64: 247.6234 | FA64: 2 | FB64: 160.9752 | FC64: 121.0452 | FD64: 138.0701 | FE64: 362.605 | FF64: 217.2882 | FG64: 239.086 | FH64: 140.5445 | FI64: 117.3 | FJ64: 178.8198 | FK64: 112.6414 | FL64: 177.7212 | FM64: 205.8108 | FN64: 135.1194 | FO64: 284.6164 | FP64: 247.6234 | FW64: 2 | FX64: 160.9752 | FY64: 121.0452 | FZ64: 138.0701 | GA64: 362.605 | GB64: 217.2882 | GC64: 239.086 | GD64: 140.5445 | GE64: 117.3 | GF64: 178.8198 | GG64: 112.6414 | GH64: 177.7212 | GI64: 205.8108 | GJ64: 135.1194 | GK64: 284.6164 | GL64: 247.6234 | GS64: 2 | GT64: 160.9752 | GU64: 121.0452 | GV64: 138.0701 | GW64: 362.605 | GX64: 217.2882 | GY64: 239.086 | GZ64: 140.5445 | HA64: 117.3 | HB64: 178.8198 | HC64: 112.6414 | HD64: 177.7212 | HE64: 205.8108 | HF64: 135.1194 | HG64: 284.6164 | HH64: 247.6234
C65: 3 | D65: 278.6301 | E65: 152.9252 | F65: 179.974 | G65: 331.4884 | H65: 161.8803 | I65: 286.2747 | J65: 169.9887 | K65: 215.3825 | L65: 182.4408 | M65: 125.2284 | N65: 158.1255 | O65: 153.0895 | P65: 233.367 | Q65: 206.1942 | R65: 206.0767 | Y65: 3 | Z65: 278.6301 | AA65: 152.9252 | AB65: 179.974 | AC65: 331.4884 | AD65: 161.8803 | AE65: 286.2747 | AF65: 169.9887 | AG65: 215.3825 | AH65: 182.4408 | AI65: 125.2284 | AJ65: 158.1255 | AK65: 153.0895 | AL65: 233.367 | AM65: 206.1942 | AN65: 206.0767 | AU65: 3 | AV65: 278.6301 | AW65: 152.9252 | AX65: 179.974 | AY65: 331.4884 | AZ65: 161.8803 | BA65: 286.2747 | BB65: 169.9887 | BC65: 215.3825 | BD65: 182.4408 | BE65: 125.2284 | BF65: 158.1255 | BG65: 153.0895 | BH65: 233.367 | BI65: 206.1942 | BJ65: 206.0767 | BQ65: 3 | BR65: 278.6301 | BS65: 152.9252 | BT65: 179.974 | BU65: 331.4884 | BV65: 161.8803 | BW65: 286.2747 | BX65: 169.9887 | BY65: 215.3825 | BZ65: 182.4408 | CA65: 125.2284 | CB65: 158.1255 | CC65: 153.0895 | CD65: 233.367 | CE65: 206.1942 | CF65: 206.0767 | CM65: 3 | CN65: 278.6301 | CO65: 152.9252 | CP65: 179.974 | CQ65: 331.4884 | CR65: 161.8803 | CS65: 286.2747 | CT65: 169.9887 | CU65: 215.3825 | CV65: 182.4408 | CW65: 125.2284 | CX65: 158.1255 | CY65: 153.0895 | CZ65: 233.367 | DA65: 206.1942 | DB65: 206.0767 | DI65: 3 | DJ65: 278.6301 | DK65: 152.9252 | DL65: 179.974 | DM65: 331.4884 | DN65: 161.8803 | DO65: 286.2747 | DP65: 169.9887 | DQ65: 215.3825 | DR65: 182.4408 | DS65: 125.2284 | DT65: 158.1255 | DU65: 153.0895 | DV65: 233.367 | DW65: 206.1942 | DX65: 206.0767 | EE65: 3 | EF65: 278.6301 | EG65: 152.9252 | EH65: 179.974 | EI65: 331.4884 | EJ65: 161.8803 | EK65: 286.2747 | EL65: 169.9887 | EM65: 215.3825 | EN65: 182.4408 | EO65: 125.2284 | EP65: 158.1255 | EQ65: 153.0895 | ER65: 233.367 | ES65: 206.1942 | ET65: 206.0767 | FA65: 3 | FB65: 278.6301 | FC65: 152.9252 | FD65: 179.974 | FE65: 331.4884 | FF65: 161.8803 | FG65: 286.2747 | FH65: 169.9887 | FI65: 215.3825 | FJ65: 182.4408 | FK65: 125.2284 | FL65: 158.1255 | FM65: 153.0895 | FN65: 233.367 | FO65: 206.1942 | FP65: 206.0767 | FW65: 3 | FX65: 278.6301 | FY65: 152.9252 | FZ65: 179.974 | GA65: 331.4884 | GB65: 161.8803 | GC65: 286.2747 | GD65: 169.9887 | GE65: 215.3825 | GF65: 182.4408 | GG65: 125.2284 | GH65: 158.1255 | GI65: 153.0895 | GJ65: 233.367 | GK65: 206.1942 | GL65: 206.0767 | GS65: 3 | GT65: 278.6301 | GU65: 152.9252 | GV65: 179.974 | GW65: 331.4884 | GX65: 161.8803 | GY65: 286.2747 | GZ65: 169.9887 | HA65: 215.3825 | HB65: 182.4408 | HC65: 125.2284 | HD65: 158.1255 | HE65: 153.0895 | HF65: 233.367 | HG65: 206.1942 | HH65: 206.0767
B67: Parâmetros p/ σy | C67: DesvPad(Var(E(RLT))) | D67: 1 | E67: 2 | F67: 3 | G67: 4 | H67: 5 | I67: 6 | J67: 7 | K67: 8 | L67: 9 | M67: 10 | N67: 11 | O67: 12 | P67: 13 | Q67: 14 | R67: 15 | X67: Parâmetros p/ σy | Y67: DesvPad(Var(E(RLT))) | Z67: 1 | AA67: 2 | AB67: 3 | AC67: 4 | AD67: 5 | AE67: 6 | AF67: 7 | AG67: 8 | AH67: 9 | AI67: 10 | AJ67: 11 | AK67: 12 | AL67: 13 | AM67: 14 | AN67: 15 | AT67: Parâmetros p/ σy | AU67: DesvPad(Var(E(RLT))) | AV67: 1 | AW67: 2 | AX67: 3 | AY67: 4 | AZ67: 5 | BA67: 6 | BB67: 7 | BC67: 8 | BD67: 9 | BE67: 10 | BF67: 11 | BG67: 12 | BH67: 13 | BI67: 14 | BJ67: 15 | BP67: Parâmetros p/ σy | BQ67: DesvPad(Var(E(RLT))) | BR67: 1 | BS67: 2 | BT67: 3 | BU67: 4 | BV67: 5 | BW67: 6 | BX67: 7 | BY67: 8 | BZ67: 9 | CA67: 10 | CB67: 11 | CC67: 12 | CD67: 13 | CE67: 14 | CF67: 15 | CL67: Parâmetros p/ σy | CM67: DesvPad(Var(E(RLT))) | CN67: 1 | CO67: 2 | CP67: 3 | CQ67: 4 | CR67: 5 | CS67: 6 | CT67: 7 | CU67: 8 | CV67: 9 | CW67: 10 | CX67: 11 | CY67: 12 | CZ67: 13 | DA67: 14 | DB67: 15 | DH67: Parâmetros p/ σy | DI67: DesvPad(Var(E(RLT))) | DJ67: 1 | DK67: 2 | DL67: 3 | DM67: 4 | DN67: 5 | DO67: 6 | DP67: 7 | DQ67: 8 | DR67: 9 | DS67: 10 | DT67: 11 | DU67: 12 | DV67: 13 | DW67: 14 | DX67: 15 | ED67: Parâmetros p/ σy | EE67: DesvPad(Var(E(RLT))) | EF67: 1 | EG67: 2 | EH67: 3 | EI67: 4 | EJ67: 5 | EK67: 6 | EL67: 7 | EM67: 8 | EN67: 9 | EO67: 10 | EP67: 11 | EQ67: 12 | ER67: 13 | ES67: 14 | ET67: 15 | EZ67: Parâmetros p/ σy | FA67: DesvPad(Var(E(RLT))) | FB67: 1 | FC67: 2 | FD67: 3 | FE67: 4 | FF67: 5 | FG67: 6 | FH67: 7 | FI67: 8 | FJ67: 9 | FK67: 10 | FL67: 11 | FM67: 12 | FN67: 13 | FO67: 14 | FP67: 15 | FV67: Parâmetros p/ σy | FW67: DesvPad(Var(E(RLT))) | FX67: 1 | FY67: 2 | FZ67: 3 | GA67: 4 | GB67: 5 | GC67: 6 | GD67: 7 | GE67: 8 | GF67: 9 | GG67: 10 | GH67: 11 | GI67: 12 | GJ67: 13 | GK67: 14 | GL67: 15 | GR67: Parâmetros p/ σy | GS67: DesvPad(Var(E(RLT))) | GT67: 1 | GU67: 2 | GV67: 3 | GW67: 4 | GX67: 5 | GY67: 6 | GZ67: 7 | HA67: 8 | HB67: 9 | HC67: 10 | HD67: 11 | HE67: 12 | HF67: 13 | HG67: 14 | HH67: 15
B68: ND*RLT ; LB | C68: 1 | D68: 0.3449 | E68: 0.5447 | F68: 0.54 | G68: 0.6459 | H68: 0.54 | I68: 0.5224 | J68: 0.3705 | K68: 0.5276 | L68: 0.4571 | M68: 0.418 | N68: 0.4877 | O68: 0.4884 | P68: 0.5327 | Q68: 0.5213 | R68: 0.5856 | X68: ND*RLT ; LB | Y68: 1 | Z68: 0.3449 | AA68: 0.5447 | AB68: 0.54 | AC68: 0.6459 | AD68: 0.54 | AE68: 0.5224 | AF68: 0.3705 | AG68: 0.5276 | AH68: 0.4571 | AI68: 0.418 | AJ68: 0.4877 | AK68: 0.4884 | AL68: 0.5327 | AM68: 0.5213 | AN68: 0.5856 | AT68: ND*RLT ; LB | AU68: 1 | AV68: 0.3449 | AW68: 0.5447 | AX68: 0.54 | AY68: 0.6459 | AZ68: 0.54 | BA68: 0.5224 | BB68: 0.3705 | BC68: 0.5276 | BD68: 0.4571 | BE68: 0.418 | BF68: 0.4877 | BG68: 0.4884 | BH68: 0.5327 | BI68: 0.5213 | BJ68: 0.5856 | BP68: ND*RLT ; LB | BQ68: 1 | BR68: 0.3449 | BS68: 0.5447 | BT68: 0.54 | BU68: 0.6459 | BV68: 0.54 | BW68: 0.5224 | BX68: 0.3705 | BY68: 0.5276 | BZ68: 0.4571 | CA68: 0.418 | CB68: 0.4877 | CC68: 0.4884 | CD68: 0.5327 | CE68: 0.5213 | CF68: 0.5856 | CL68: ND*RLT ; LB | CM68: 1 | CN68: 0.3449 | CO68: 0.5447 | CP68: 0.54 | CQ68: 0.6459 | CR68: 0.54 | CS68: 0.5224 | CT68: 0.3705 | CU68: 0.5276 | CV68: 0.4571 | CW68: 0.418 | CX68: 0.4877 | CY68: 0.4884 | CZ68: 0.5327 | DA68: 0.5213 | DB68: 0.5856 | DH68: ND*RLT ; LB | DI68: 1 | DJ68: 0.3449 | DK68: 0.5447 | DL68: 0.54 | DM68: 0.6459 | DN68: 0.54 | DO68: 0.5224 | DP68: 0.3705 | DQ68: 0.5276 | DR68: 0.4571 | DS68: 0.418 | DT68: 0.4877 | DU68: 0.4884 | DV68: 0.5327 | DW68: 0.5213 | DX68: 0.5856 | ED68: ND*RLT ; LB | EE68: 1 | EF68: 0.3449 | EG68: 0.5447 | EH68: 0.54 | EI68: 0.6459 | EJ68: 0.54 | EK68: 0.5224 | EL68: 0.3705 | EM68: 0.5276 | EN68: 0.4571 | EO68: 0.418 | EP68: 0.4877 | EQ68: 0.4884 | ER68: 0.5327 | ES68: 0.5213 | ET68: 0.5856 | EZ68: ND*RLT ; LB | FA68: 1 | FB68: 0.3449 | FC68: 0.5447 | FD68: 0.54 | FE68: 0.6459 | FF68: 0.54 | FG68: 0.5224 | FH68: 0.3705 | FI68: 0.5276 | FJ68: 0.4571 | FK68: 0.418 | FL68: 0.4877 | FM68: 0.4884 | FN68: 0.5327 | FO68: 0.5213 | FP68: 0.5856 | FV68: ND*RLT ; LB | FW68: 1 | FX68: 0.3449 | FY68: 0.5447 | FZ68: 0.54 | GA68: 0.6459 | GB68: 0.54 | GC68: 0.5224 | GD68: 0.3705 | GE68: 0.5276 | GF68: 0.4571 | GG68: 0.418 | GH68: 0.4877 | GI68: 0.4884 | GJ68: 0.5327 | GK68: 0.5213 | GL68: 0.5856 | GR68: ND*RLT ; LB | GS68: 1 | GT68: 0.3449 | GU68: 0.5447 | GV68: 0.54 | GW68: 0.6459 | GX68: 0.54 | GY68: 0.5224 | GZ68: 0.3705 | HA68: 0.5276 | HB68: 0.4571 | HC68: 0.418 | HD68: 0.4877 | HE68: 0.4884 | HF68: 0.5327 | HG68: 0.5213 | HH68: 0.5856
C69: 2 | D69: 0.4786 | E69: 0.644 | F69: 0.4253 | G69: 0.7324 | H69: 0.4282 | I69: 0.5812 | J69: 0.441 | K69: 0.5816 | L69: 0.3943 | M69: 0.479 | N69: 0.4542 | O69: 0.5735 | P69: 0.7112 | Q69: 0.655 | R69: 0.4921 | Y69: 2 | Z69: 0.4786 | AA69: 0.644 | AB69: 0.4253 | AC69: 0.7324 | AD69: 0.4282 | AE69: 0.5812 | AF69: 0.441 | AG69: 0.5816 | AH69: 0.3943 | AI69: 0.479 | AJ69: 0.4542 | AK69: 0.5735 | AL69: 0.7112 | AM69: 0.655 | AN69: 0.4921 | AU69: 2 | AV69: 0.4786 | AW69: 0.644 | AX69: 0.4253 | AY69: 0.7324 | AZ69: 0.4282 | BA69: 0.5812 | BB69: 0.441 | BC69: 0.5816 | BD69: 0.3943 | BE69: 0.479 | BF69: 0.4542 | BG69: 0.5735 | BH69: 0.7112 | BI69: 0.655 | BJ69: 0.4921 | BQ69: 2 | BR69: 0.4786 | BS69: 0.644 | BT69: 0.4253 | BU69: 0.7324 | BV69: 0.4282 | BW69: 0.5812 | BX69: 0.441 | BY69: 0.5816 | BZ69: 0.3943 | CA69: 0.479 | CB69: 0.4542 | CC69: 0.5735 | CD69: 0.7112 | CE69: 0.655 | CF69: 0.4921 | CM69: 2 | CN69: 0.4786 | CO69: 0.644 | CP69: 0.4253 | CQ69: 0.7324 | CR69: 0.4282 | CS69: 0.5812 | CT69: 0.441 | CU69: 0.5816 | CV69: 0.3943 | CW69: 0.479 | CX69: 0.4542 | CY69: 0.5735 | CZ69: 0.7112 | DA69: 0.655 | DB69: 0.4921 | DI69: 2 | DJ69: 0.4786 | DK69: 0.644 | DL69: 0.4253 | DM69: 0.7324 | DN69: 0.4282 | DO69: 0.5812 | DP69: 0.441 | DQ69: 0.5816 | DR69: 0.3943 | DS69: 0.479 | DT69: 0.4542 | DU69: 0.5735 | DV69: 0.7112 | DW69: 0.655 | DX69: 0.4921 | EE69: 2 | EF69: 0.4786 | EG69: 0.644 | EH69: 0.4253 | EI69: 0.7324 | EJ69: 0.4282 | EK69: 0.5812 | EL69: 0.441 | EM69: 0.5816 | EN69: 0.3943 | EO69: 0.479 | EP69: 0.4542 | EQ69: 0.5735 | ER69: 0.7112 | ES69: 0.655 | ET69: 0.4921 | FA69: 2 | FB69: 0.4786 | FC69: 0.644 | FD69: 0.4253 | FE69: 0.7324 | FF69: 0.4282 | FG69: 0.5812 | FH69: 0.441 | FI69: 0.5816 | FJ69: 0.3943 | FK69: 0.479 | FL69: 0.4542 | FM69: 0.5735 | FN69: 0.7112 | FO69: 0.655 | FP69: 0.4921 | FW69: 2 | FX69: 0.4786 | FY69: 0.644 | FZ69: 0.4253 | GA69: 0.7324 | GB69: 0.4282 | GC69: 0.5812 | GD69: 0.441 | GE69: 0.5816 | GF69: 0.3943 | GG69: 0.479 | GH69: 0.4542 | GI69: 0.5735 | GJ69: 0.7112 | GK69: 0.655 | GL69: 0.4921 | GS69: 2 | GT69: 0.4786 | GU69: 0.644 | GV69: 0.4253 | GW69: 0.7324 | GX69: 0.4282 | GY69: 0.5812 | GZ69: 0.441 | HA69: 0.5816 | HB69: 0.3943 | HC69: 0.479 | HD69: 0.4542 | HE69: 0.5735 | HF69: 0.7112 | HG69: 0.655 | HH69: 0.4921
C70: 3 | D70: 0.6667 | E70: 0.7036 | F70: 0.7536 | G70: 0.51 | H70: 0.503 | I70: 0.6426 | J70: 0.4622 | K70: 0.4801 | L70: 0.5973 | M70: 0.5819 | N70: 0.3778 | O70: 0.5118 | P70: 0.5133 | Q70: 0.4424 | R70: 0.4662 | Y70: 3 | Z70: 0.6667 | AA70: 0.7036 | AB70: 0.7536 | AC70: 0.51 | AD70: 0.503 | AE70: 0.6426 | AF70: 0.4622 | AG70: 0.4801 | AH70: 0.5973 | AI70: 0.5819 | AJ70: 0.3778 | AK70: 0.5118 | AL70: 0.5133 | AM70: 0.4424 | AN70: 0.4662 | AU70: 3 | AV70: 0.6667 | AW70: 0.7036 | AX70: 0.7536 | AY70: 0.51 | AZ70: 0.503 | BA70: 0.6426 | BB70: 0.4622 | BC70: 0.4801 | BD70: 0.5973 | BE70: 0.5819 | BF70: 0.3778 | BG70: 0.5118 | BH70: 0.5133 | BI70: 0.4424 | BJ70: 0.4662 | BQ70: 3 | BR70: 0.6667 | BS70: 0.7036 | BT70: 0.7536 | BU70: 0.51 | BV70: 0.503 | BW70: 0.6426 | BX70: 0.4622 | BY70: 0.4801 | BZ70: 0.5973 | CA70: 0.5819 | CB70: 0.3778 | CC70: 0.5118 | CD70: 0.5133 | CE70: 0.4424 | CF70: 0.4662 | CM70: 3 | CN70: 0.6667 | CO70: 0.7036 | CP70: 0.7536 | CQ70: 0.51 | CR70: 0.503 | CS70: 0.6426 | CT70: 0.4622 | CU70: 0.4801 | CV70: 0.5973 | CW70: 0.5819 | CX70: 0.3778 | CY70: 0.5118 | CZ70: 0.5133 | DA70: 0.4424 | DB70: 0.4662 | DI70: 3 | DJ70: 0.6667 | DK70: 0.7036 | DL70: 0.7536 | DM70: 0.51 | DN70: 0.503 | DO70: 0.6426 | DP70: 0.4622 | DQ70: 0.4801 | DR70: 0.5973 | DS70: 0.5819 | DT70: 0.3778 | DU70: 0.5118 | DV70: 0.5133 | DW70: 0.4424 | DX70: 0.4662 | EE70: 3 | EF70: 0.6667 | EG70: 0.7036 | EH70: 0.7536 | EI70: 0.51 | EJ70: 0.503 | EK70: 0.6426 | EL70: 0.4622 | EM70: 0.4801 | EN70: 0.5973 | EO70: 0.5819 | EP70: 0.3778 | EQ70: 0.5118 | ER70: 0.5133 | ES70: 0.4424 | ET70: 0.4662 | FA70: 3 | FB70: 0.6667 | FC70: 0.7036 | FD70: 0.7536 | FE70: 0.51 | FF70: 0.503 | FG70: 0.6426 | FH70: 0.4622 | FI70: 0.4801 | FJ70: 0.5973 | FK70: 0.5819 | FL70: 0.3778 | FM70: 0.5118 | FN70: 0.5133 | FO70: 0.4424 | FP70: 0.4662 | FW70: 3 | FX70: 0.6667 | FY70: 0.7036 | FZ70: 0.7536 | GA70: 0.51 | GB70: 0.503 | GC70: 0.6426 | GD70: 0.4622 | GE70: 0.4801 | GF70: 0.5973 | GG70: 0.5819 | GH70: 0.3778 | GI70: 0.5118 | GJ70: 0.5133 | GK70: 0.4424 | GL70: 0.4662 | GS70: 3 | GT70: 0.6667 | GU70: 0.7036 | GV70: 0.7536 | GW70: 0.51 | GX70: 0.503 | GY70: 0.6426 | GZ70: 0.4622 | HA70: 0.4801 | HB70: 0.5973 | HC70: 0.5819 | HD70: 0.3778 | HE70: 0.5118 | HF70: 0.5133 | HG70: 0.4424 | HH70: 0.4662
B72: Parâmetros p/ μx | C72: Média(d-Cap) | D72: 1 | E72: 2 | F72: 3 | G72: 4 | H72: 5 | I72: 6 | J72: 7 | K72: 8 | L72: 9 | M72: 10 | N72: 11 | O72: 12 | P72: 13 | Q72: 14 | R72: 15 | X72: Parâmetros p/ μx | Y72: Média(d-Cap) | Z72: 1 | AA72: 2 | AB72: 3 | AC72: 4 | AD72: 5 | AE72: 6 | AF72: 7 | AG72: 8 | AH72: 9 | AI72: 10 | AJ72: 11 | AK72: 12 | AL72: 13 | AM72: 14 | AN72: 15 | AT72: Parâmetros p/ μx | AU72: Média(d-Cap) | AV72: 1 | AW72: 2 | AX72: 3 | AY72: 4 | AZ72: 5 | BA72: 6 | BB72: 7 | BC72: 8 | BD72: 9 | BE72: 10 | BF72: 11 | BG72: 12 | BH72: 13 | BI72: 14 | BJ72: 15 | BP72: Parâmetros p/ μx | BQ72: Média(d-Cap) | BR72: 1 | BS72: 2 | BT72: 3 | BU72: 4 | BV72: 5 | BW72: 6 | BX72: 7 | BY72: 8 | BZ72: 9 | CA72: 10 | CB72: 11 | CC72: 12 | CD72: 13 | CE72: 14 | CF72: 15 | CL72: Parâmetros p/ μx | CM72: Média(d-Cap) | CN72: 1 | CO72: 2 | CP72: 3 | CQ72: 4 | CR72: 5 | CS72: 6 | CT72: 7 | CU72: 8 | CV72: 9 | CW72: 10 | CX72: 11 | CY72: 12 | CZ72: 13 | DA72: 14 | DB72: 15 | DH72: Parâmetros p/ μx | DI72: Média(d-Cap) | DJ72: 1 | DK72: 2 | DL72: 3 | DM72: 4 | DN72: 5 | DO72: 6 | DP72: 7 | DQ72: 8 | DR72: 9 | DS72: 10 | DT72: 11 | DU72: 12 | DV72: 13 | DW72: 14 | DX72: 15 | ED72: Parâmetros p/ μx | EE72: Média(d-Cap) | EF72: 1 | EG72: 2 | EH72: 3 | EI72: 4 | EJ72: 5 | EK72: 6 | EL72: 7 | EM72: 8 | EN72: 9 | EO72: 10 | EP72: 11 | EQ72: 12 | ER72: 13 | ES72: 14 | ET72: 15 | EZ72: Parâmetros p/ μx | FA72: Média(d-Cap) | FB72: 1 | FC72: 2 | FD72: 3 | FE72: 4 | FF72: 5 | FG72: 6 | FH72: 7 | FI72: 8 | FJ72: 9 | FK72: 10 | FL72: 11 | FM72: 12 | FN72: 13 | FO72: 14 | FP72: 15 | FV72: Parâmetros p/ μx | FW72: Média(d-Cap) | FX72: 1 | FY72: 2 | FZ72: 3 | GA72: 4 | GB72: 5 | GC72: 6 | GD72: 7 | GE72: 8 | GF72: 9 | GG72: 10 | GH72: 11 | GI72: 12 | GJ72: 13 | GK72: 14 | GL72: 15 | GR72: Parâmetros p/ μx | GS72: Média(d-Cap) | GT72: 1 | GU72: 2 | GV72: 3 | GW72: 4 | GX72: 5 | GY72: 6 | GZ72: 7 | HA72: 8 | HB72: 9 | HC72: 10 | HD72: 11 | HE72: 12 | HF72: 13 | HG72: 14 | HH72: 15
B73: ND*RLT | C73: 1 | D73: -73.1 | E73: -38.88 | F73: -149.55 | G73: -107.98 | H73: 46.7 | I73: 106.17 | J73: -136.97 | K73: 138.53 | L73: 101.27 | M73: -29.22 | N73: 16.77 | O73: -25.31 | P73: 61.7 | Q73: 88.71 | R73: 153.07 | X73: ND*RLT | Y73: 1 | Z73: -73.1 | AA73: -38.88 | AB73: -149.55 | AC73: -107.98 | AD73: 46.7 | AE73: 106.17 | AF73: -136.97 | AG73: 138.53 | AH73: 101.27 | AI73: -29.22 | AJ73: 16.77 | AK73: -25.31 | AL73: 61.7 | AM73: 88.71 | AN73: 153.07 | AT73: ND*RLT | AU73: 1 | AV73: -73.1 | AW73: -38.88 | AX73: -149.55 | AY73: -107.98 | AZ73: 46.7 | BA73: 106.17 | BB73: -136.97 | BC73: 138.53 | BD73: 101.27 | BE73: -29.22 | BF73: 16.77 | BG73: -25.31 | BH73: 61.7 | BI73: 88.71 | BJ73: 153.07 | BP73: ND*RLT | BQ73: 1 | BR73: -73.1 | BS73: -38.88 | BT73: -149.55 | BU73: -107.98 | BV73: 46.7 | BW73: 106.17 | BX73: -136.97 | BY73: 138.53 | BZ73: 101.27 | CA73: -29.22 | CB73: 16.77 | CC73: -25.31 | CD73: 61.7 | CE73: 88.71 | CF73: 153.07 | CL73: ND*RLT | CM73: 1 | CN73: -73.1 | CO73: -38.88 | CP73: -149.55 | CQ73: -107.98 | CR73: 46.7 | CS73: 106.17 | CT73: -136.97 | CU73: 138.53 | CV73: 101.27 | CW73: -29.22 | CX73: 16.77 | CY73: -25.31 | CZ73: 61.7 | DA73: 88.71 | DB73: 153.07 | DH73: ND*RLT | DI73: 1 | DJ73: -73.1 | DK73: -38.88 | DL73: -149.55 | DM73: -107.98 | DN73: 46.7 | DO73: 106.17 | DP73: -136.97 | DQ73: 138.53 | DR73: 101.27 | DS73: -29.22 | DT73: 16.77 | DU73: -25.31 | DV73: 61.7 | DW73: 88.71 | DX73: 153.07 | ED73: ND*RLT | EE73: 1 | EF73: -73.1 | EG73: -38.88 | EH73: -149.55 | EI73: -107.98 | EJ73: 46.7 | EK73: 106.17 | EL73: -136.97 | EM73: 138.53 | EN73: 101.27 | EO73: -29.22 | EP73: 16.77 | EQ73: -25.31 | ER73: 61.7 | ES73: 88.71 | ET73: 153.07 | EZ73: ND*RLT | FA73: 1 | FB73: -73.1 | FC73: -38.88 | FD73: -149.55 | FE73: -107.98 | FF73: 46.7 | FG73: 106.17 | FH73: -136.97 | FI73: 138.53 | FJ73: 101.27 | FK73: -29.22 | FL73: 16.77 | FM73: -25.31 | FN73: 61.7 | FO73: 88.71 | FP73: 153.07 | FV73: ND*RLT | FW73: 1 | FX73: -73.1 | FY73: -38.88 | FZ73: -149.55 | GA73: -107.98 | GB73: 46.7 | GC73: 106.17 | GD73: -136.97 | GE73: 138.53 | GF73: 101.27 | GG73: -29.22 | GH73: 16.77 | GI73: -25.31 | GJ73: 61.7 | GK73: 88.71 | GL73: 153.07 | GR73: ND*RLT | GS73: 1 | GT73: -73.1 | GU73: -38.88 | GV73: -149.55 | GW73: -107.98 | GX73: 46.7 | GY73: 106.17 | GZ73: -136.97 | HA73: 138.53 | HB73: 101.27 | HC73: -29.22 | HD73: 16.77 | HE73: -25.31 | HF73: 61.7 | HG73: 88.71 | HH73: 153.07
C74: 2 | D74: 70.27 | E74: 54.39 | F74: -69.22 | G74: -226.34 | H74: 35.69 | I74: 73.7 | J74: 6.16 | K74: -78.02 | L74: -76.38 | M74: 70.93 | N74: -108.97 | O74: 73.87 | P74: 61.51 | Q74: 54.4 | R74: 87.11 | Y74: 2 | Z74: 70.27 | AA74: 54.39 | AB74: -69.22 | AC74: -226.34 | AD74: 35.69 | AE74: 73.7 | AF74: 6.16 | AG74: -78.02 | AH74: -76.38 | AI74: 70.93 | AJ74: -108.97 | AK74: 73.87 | AL74: 61.51 | AM74: 54.4 | AN74: 87.11 | AU74: 2 | AV74: 70.27 | AW74: 54.39 | AX74: -69.22 | AY74: -226.34 | AZ74: 35.69 | BA74: 73.7 | BB74: 6.16 | BC74: -78.02 | BD74: -76.38 | BE74: 70.93 | BF74: -108.97 | BG74: 73.87 | BH74: 61.51 | BI74: 54.4 | BJ74: 87.11 | BQ74: 2 | BR74: 70.27 | BS74: 54.39 | BT74: -69.22 | BU74: -226.34 | BV74: 35.69 | BW74: 73.7 | BX74: 6.16 | BY74: -78.02 | BZ74: -76.38 | CA74: 70.93 | CB74: -108.97 | CC74: 73.87 | CD74: 61.51 | CE74: 54.4 | CF74: 87.11 | CM74: 2 | CN74: 70.27 | CO74: 54.39 | CP74: -69.22 | CQ74: -226.34 | CR74: 35.69 | CS74: 73.7 | CT74: 6.16 | CU74: -78.02 | CV74: -76.38 | CW74: 70.93 | CX74: -108.97 | CY74: 73.87 | CZ74: 61.51 | DA74: 54.4 | DB74: 87.11 | DI74: 2 | DJ74: 70.27 | DK74: 54.39 | DL74: -69.22 | DM74: -226.34 | DN74: 35.69 | DO74: 73.7 | DP74: 6.16 | DQ74: -78.02 | DR74: -76.38 | DS74: 70.93 | DT74: -108.97 | DU74: 73.87 | DV74: 61.51 | DW74: 54.4 | DX74: 87.11 | EE74: 2 | EF74: 70.27 | EG74: 54.39 | EH74: -69.22 | EI74: -226.34 | EJ74: 35.69 | EK74: 73.7 | EL74: 6.16 | EM74: -78.02 | EN74: -76.38 | EO74: 70.93 | EP74: -108.97 | EQ74: 73.87 | ER74: 61.51 | ES74: 54.4 | ET74: 87.11 | FA74: 2 | FB74: 70.27 | FC74: 54.39 | FD74: -69.22 | FE74: -226.34 | FF74: 35.69 | FG74: 73.7 | FH74: 6.16 | FI74: -78.02 | FJ74: -76.38 | FK74: 70.93 | FL74: -108.97 | FM74: 73.87 | FN74: 61.51 | FO74: 54.4 | FP74: 87.11 | FW74: 2 | FX74: 70.27 | FY74: 54.39 | FZ74: -69.22 | GA74: -226.34 | GB74: 35.69 | GC74: 73.7 | GD74: 6.16 | GE74: -78.02 | GF74: -76.38 | GG74: 70.93 | GH74: -108.97 | GI74: 73.87 | GJ74: 61.51 | GK74: 54.4 | GL74: 87.11 | GS74: 2 | GT74: 70.27 | GU74: 54.39 | GV74: -69.22 | GW74: -226.34 | GX74: 35.69 | GY74: 73.7 | GZ74: 6.16 | HA74: -78.02 | HB74: -76.38 | HC74: 70.93 | HD74: -108.97 | HE74: 73.87 | HF74: 61.51 | HG74: 54.4 | HH74: 87.11
C75: 3 | D75: 165.21 | E75: -98.88 | F75: -171.21 | G75: 98.58 | H75: -96.51 | I75: 199.62 | J75: 173.01 | K75: -61.47 | L75: -130.21 | M75: -32.69 | N75: 131.25 | O75: 11.11 | P75: -98.85 | Q75: -44.68 | R75: 78.68 | Y75: 3 | Z75: 165.21 | AA75: -98.88 | AB75: -171.21 | AC75: 98.58 | AD75: -96.51 | AE75: 199.62 | AF75: 173.01 | AG75: -61.47 | AH75: -130.21 | AI75: -32.69 | AJ75: 131.25 | AK75: 11.11 | AL75: -98.85 | AM75: -44.68 | AN75: 78.68 | AU75: 3 | AV75: 165.21 | AW75: -98.88 | AX75: -171.21 | AY75: 98.58 | AZ75: -96.51 | BA75: 199.62 | BB75: 173.01 | BC75: -61.47 | BD75: -130.21 | BE75: -32.69 | BF75: 131.25 | BG75: 11.11 | BH75: -98.85 | BI75: -44.68 | BJ75: 78.68 | BQ75: 3 | BR75: 165.21 | BS75: -98.88 | BT75: -171.21 | BU75: 98.58 | BV75: -96.51 | BW75: 199.62 | BX75: 173.01 | BY75: -61.47 | BZ75: -130.21 | CA75: -32.69 | CB75: 131.25 | CC75: 11.11 | CD75: -98.85 | CE75: -44.68 | CF75: 78.68 | CM75: 3 | CN75: 165.21 | CO75: -98.88 | CP75: -171.21 | CQ75: 98.58 | CR75: -96.51 | CS75: 199.62 | CT75: 173.01 | CU75: -61.47 | CV75: -130.21 | CW75: -32.69 | CX75: 131.25 | CY75: 11.11 | CZ75: -98.85 | DA75: -44.68 | DB75: 78.68 | DI75: 3 | DJ75: 165.21 | DK75: -98.88 | DL75: -171.21 | DM75: 98.58 | DN75: -96.51 | DO75: 199.62 | DP75: 173.01 | DQ75: -61.47 | DR75: -130.21 | DS75: -32.69 | DT75: 131.25 | DU75: 11.11 | DV75: -98.85 | DW75: -44.68 | DX75: 78.68 | EE75: 3 | EF75: 165.21 | EG75: -98.88 | EH75: -171.21 | EI75: 98.58 | EJ75: -96.51 | EK75: 199.62 | EL75: 173.01 | EM75: -61.47 | EN75: -130.21 | EO75: -32.69 | EP75: 131.25 | EQ75: 11.11 | ER75: -98.85 | ES75: -44.68 | ET75: 78.68 | FA75: 3 | FB75: 165.21 | FC75: -98.88 | FD75: -171.21 | FE75: 98.58 | FF75: -96.51 | FG75: 199.62 | FH75: 173.01 | FI75: -61.47 | FJ75: -130.21 | FK75: -32.69 | FL75: 131.25 | FM75: 11.11 | FN75: -98.85 | FO75: -44.68 | FP75: 78.68 | FW75: 3 | FX75: 165.21 | FY75: -98.88 | FZ75: -171.21 | GA75: 98.58 | GB75: -96.51 | GC75: 199.62 | GD75: 173.01 | GE75: -61.47 | GF75: -130.21 | GG75: -32.69 | GH75: 131.25 | GI75: 11.11 | GJ75: -98.85 | GK75: -44.68 | GL75: 78.68 | GS75: 3 | GT75: 165.21 | GU75: -98.88 | GV75: -171.21 | GW75: 98.58 | GX75: -96.51 | GY75: 199.62 | GZ75: 173.01 | HA75: -61.47 | HB75: -130.21 | HC75: -32.69 | HD75: 131.25 | HE75: 11.11 | HF75: -98.85 | HG75: -44.68 | HH75: 78.68
B77: Parâmetros p/ σx | C77: DesvPad(Var(d-cap)) | D77: 1 | E77: 2 | F77: 3 | G77: 4 | H77: 5 | I77: 6 | J77: 7 | K77: 8 | L77: 9 | M77: 10 | N77: 11 | O77: 12 | P77: 13 | Q77: 14 | R77: 15 | X77: Parâmetros p/ σx | Y77: DesvPad(Var(d-cap)) | Z77: 1 | AA77: 2 | AB77: 3 | AC77: 4 | AD77: 5 | AE77: 6 | AF77: 7 | AG77: 8 | AH77: 9 | AI77: 10 | AJ77: 11 | AK77: 12 | AL77: 13 | AM77: 14 | AN77: 15 | AT77: Parâmetros p/ σx | AU77: DesvPad(Var(d-cap)) | AV77: 1 | AW77: 2 | AX77: 3 | AY77: 4 | AZ77: 5 | BA77: 6 | BB77: 7 | BC77: 8 | BD77: 9 | BE77: 10 | BF77: 11 | BG77: 12 | BH77: 13 | BI77: 14 | BJ77: 15 | BP77: Parâmetros p/ σx | BQ77: DesvPad(Var(d-cap)) | BR77: 1 | BS77: 2 | BT77: 3 | BU77: 4 | BV77: 5 | BW77: 6 | BX77: 7 | BY77: 8 | BZ77: 9 | CA77: 10 | CB77: 11 | CC77: 12 | CD77: 13 | CE77: 14 | CF77: 15 | CL77: Parâmetros p/ σx | CM77: DesvPad(Var(d-cap)) | CN77: 1 | CO77: 2 | CP77: 3 | CQ77: 4 | CR77: 5 | CS77: 6 | CT77: 7 | CU77: 8 | CV77: 9 | CW77: 10 | CX77: 11 | CY77: 12 | CZ77: 13 | DA77: 14 | DB77: 15 | DH77: Parâmetros p/ σx | DI77: DesvPad(Var(d-cap)) | DJ77: 1 | DK77: 2 | DL77: 3 | DM77: 4 | DN77: 5 | DO77: 6 | DP77: 7 | DQ77: 8 | DR77: 9 | DS77: 10 | DT77: 11 | DU77: 12 | DV77: 13 | DW77: 14 | DX77: 15 | ED77: Parâmetros p/ σx | EE77: DesvPad(Var(d-cap)) | EF77: 1 | EG77: 2 | EH77: 3 | EI77: 4 | EJ77: 5 | EK77: 6 | EL77: 7 | EM77: 8 | EN77: 9 | EO77: 10 | EP77: 11 | EQ77: 12 | ER77: 13 | ES77: 14 | ET77: 15 | EZ77: Parâmetros p/ σx | FA77: DesvPad(Var(d-cap)) | FB77: 1 | FC77: 2 | FD77: 3 | FE77: 4 | FF77: 5 | FG77: 6 | FH77: 7 | FI77: 8 | FJ77: 9 | FK77: 10 | FL77: 11 | FM77: 12 | FN77: 13 | FO77: 14 | FP77: 15 | FV77: Parâmetros p/ σx | FW77: DesvPad(Var(d-cap)) | FX77: 1 | FY77: 2 | FZ77: 3 | GA77: 4 | GB77: 5 | GC77: 6 | GD77: 7 | GE77: 8 | GF77: 9 | GG77: 10 | GH77: 11 | GI77: 12 | GJ77: 13 | GK77: 14 | GL77: 15 | GR77: Parâmetros p/ σx | GS77: DesvPad(Var(d-cap)) | GT77: 1 | GU77: 2 | GV77: 3 | GW77: 4 | GX77: 5 | GY77: 6 | GZ77: 7 | HA77: 8 | HB77: 9 | HC77: 10 | HD77: 11 | HE77: 12 | HF77: 13 | HG77: 14 | HH77: 15
B78: ND*RLT | C78: 1 | D78: 13.9696 | E78: 16.389 | F78: 15.5948 | G78: 14.553 | H78: 22.2638 | I78: 13.8495 | J78: 15.1191 | K78: 20.6937 | L78: 18.4669 | M78: 18.0532 | N78: 22.3239 | O78: 12.3097 | P78: 14.7583 | Q78: 13.6645 | R78: 24.3509 | X78: ND*RLT | Y78: 1 | Z78: 13.9696 | AA78: 16.389 | AB78: 15.5948 | AC78: 14.553 | AD78: 22.2638 | AE78: 13.8495 | AF78: 15.1191 | AG78: 20.6937 | AH78: 18.4669 | AI78: 18.0532 | AJ78: 22.3239 | AK78: 12.3097 | AL78: 14.7583 | AM78: 13.6645 | AN78: 24.3509 | AT78: ND*RLT | AU78: 1 | AV78: 13.9696 | AW78: 16.389 | AX78: 15.5948 | AY78: 14.553 | AZ78: 22.2638 | BA78: 13.8495 | BB78: 15.1191 | BC78: 20.6937 | BD78: 18.4669 | BE78: 18.0532 | BF78: 22.3239 | BG78: 12.3097 | BH78: 14.7583 | BI78: 13.6645 | BJ78: 24.3509 | BP78: ND*RLT | BQ78: 1 | BR78: 13.9696 | BS78: 16.389 | BT78: 15.5948 | BU78: 14.553 | BV78: 22.2638 | BW78: 13.8495 | BX78: 15.1191 | BY78: 20.6937 | BZ78: 18.4669 | CA78: 18.0532 | CB78: 22.3239 | CC78: 12.3097 | CD78: 14.7583 | CE78: 13.6645 | CF78: 24.3509 | CL78: ND*RLT | CM78: 1 | CN78: 13.9696 | CO78: 16.389 | CP78: 15.5948 | CQ78: 14.553 | CR78: 22.2638 | CS78: 13.8495 | CT78: 15.1191 | CU78: 20.6937 | CV78: 18.4669 | CW78: 18.0532 | CX78: 22.3239 | CY78: 12.3097 | CZ78: 14.7583 | DA78: 13.6645 | DB78: 24.3509 | DH78: ND*RLT | DI78: 1 | DJ78: 13.9696 | DK78: 16.389 | DL78: 15.5948 | DM78: 14.553 | DN78: 22.2638 | DO78: 13.8495 | DP78: 15.1191 | DQ78: 20.6937 | DR78: 18.4669 | DS78: 18.0532 | DT78: 22.3239 | DU78: 12.3097 | DV78: 14.7583 | DW78: 13.6645 | DX78: 24.3509 | ED78: ND*RLT | EE78: 1 | EF78: 13.9696 | EG78: 16.389 | EH78: 15.5948 | EI78: 14.553 | EJ78: 22.2638 | EK78: 13.8495 | EL78: 15.1191 | EM78: 20.6937 | EN78: 18.4669 | EO78: 18.0532 | EP78: 22.3239 | EQ78: 12.3097 | ER78: 14.7583 | ES78: 13.6645 | ET78: 24.3509 | EZ78: ND*RLT | FA78: 1 | FB78: 13.9696 | FC78: 16.389 | FD78: 15.5948 | FE78: 14.553 | FF78: 22.2638 | FG78: 13.8495 | FH78: 15.1191 | FI78: 20.6937 | FJ78: 18.4669 | FK78: 18.0532 | FL78: 22.3239 | FM78: 12.3097 | FN78: 14.7583 | FO78: 13.6645 | FP78: 24.3509 | FV78: ND*RLT | FW78: 1 | FX78: 13.9696 | FY78: 16.389 | FZ78: 15.5948 | GA78: 14.553 | GB78: 22.2638 | GC78: 13.8495 | GD78: 15.1191 | GE78: 20.6937 | GF78: 18.4669 | GG78: 18.0532 | GH78: 22.3239 | GI78: 12.3097 | GJ78: 14.7583 | GK78: 13.6645 | GL78: 24.3509 | GR78: ND*RLT | GS78: 1 | GT78: 13.9696 | GU78: 16.389 | GV78: 15.5948 | GW78: 14.553 | GX78: 22.2638 | GY78: 13.8495 | GZ78: 15.1191 | HA78: 20.6937 | HB78: 18.4669 | HC78: 18.0532 | HD78: 22.3239 | HE78: 12.3097 | HF78: 14.7583 | HG78: 13.6645 | HH78: 24.3509
C79: 2 | D79: 16.8196 | E79: 14.6181 | F79: 15.554 | G79: 24.3014 | H79: 19.7195 | I79: 20.5574 | J79: 15.8921 | K79: 14.2488 | L79: 17.7149 | M79: 13.9989 | N79: 17.4467 | O79: 19.047 | P79: 15.4246 | Q79: 22.531 | R79: 20.8612 | Y79: 2 | Z79: 16.8196 | AA79: 14.6181 | AB79: 15.554 | AC79: 24.3014 | AD79: 19.7195 | AE79: 20.5574 | AF79: 15.8921 | AG79: 14.2488 | AH79: 17.7149 | AI79: 13.9989 | AJ79: 17.4467 | AK79: 19.047 | AL79: 15.4246 | AM79: 22.531 | AN79: 20.8612 | AU79: 2 | AV79: 16.8196 | AW79: 14.6181 | AX79: 15.554 | AY79: 24.3014 | AZ79: 19.7195 | BA79: 20.5574 | BB79: 15.8921 | BC79: 14.2488 | BD79: 17.7149 | BE79: 13.9989 | BF79: 17.4467 | BG79: 19.047 | BH79: 15.4246 | BI79: 22.531 | BJ79: 20.8612 | BQ79: 2 | BR79: 16.8196 | BS79: 14.6181 | BT79: 15.554 | BU79: 24.3014 | BV79: 19.7195 | BW79: 20.5574 | BX79: 15.8921 | BY79: 14.2488 | BZ79: 17.7149 | CA79: 13.9989 | CB79: 17.4467 | CC79: 19.047 | CD79: 15.4246 | CE79: 22.531 | CF79: 20.8612 | CM79: 2 | CN79: 16.8196 | CO79: 14.6181 | CP79: 15.554 | CQ79: 24.3014 | CR79: 19.7195 | CS79: 20.5574 | CT79: 15.8921 | CU79: 14.2488 | CV79: 17.7149 | CW79: 13.9989 | CX79: 17.4467 | CY79: 19.047 | CZ79: 15.4246 | DA79: 22.531 | DB79: 20.8612 | DI79: 2 | DJ79: 16.8196 | DK79: 14.6181 | DL79: 15.554 | DM79: 24.3014 | DN79: 19.7195 | DO79: 20.5574 | DP79: 15.8921 | DQ79: 14.2488 | DR79: 17.7149 | DS79: 13.9989 | DT79: 17.4467 | DU79: 19.047 | DV79: 15.4246 | DW79: 22.531 | DX79: 20.8612 | EE79: 2 | EF79: 16.8196 | EG79: 14.6181 | EH79: 15.554 | EI79: 24.3014 | EJ79: 19.7195 | EK79: 20.5574 | EL79: 15.8921 | EM79: 14.2488 | EN79: 17.7149 | EO79: 13.9989 | EP79: 17.4467 | EQ79: 19.047 | ER79: 15.4246 | ES79: 22.531 | ET79: 20.8612 | FA79: 2 | FB79: 16.8196 | FC79: 14.6181 | FD79: 15.554 | FE79: 24.3014 | FF79: 19.7195 | FG79: 20.5574 | FH79: 15.8921 | FI79: 14.2488 | FJ79: 17.7149 | FK79: 13.9989 | FL79: 17.4467 | FM79: 19.047 | FN79: 15.4246 | FO79: 22.531 | FP79: 20.8612 | FW79: 2 | FX79: 16.8196 | FY79: 14.6181 | FZ79: 15.554 | GA79: 24.3014 | GB79: 19.7195 | GC79: 20.5574 | GD79: 15.8921 | GE79: 14.2488 | GF79: 17.7149 | GG79: 13.9989 | GH79: 17.4467 | GI79: 19.047 | GJ79: 15.4246 | GK79: 22.531 | GL79: 20.8612 | GS79: 2 | GT79: 16.8196 | GU79: 14.6181 | GV79: 15.554 | GW79: 24.3014 | GX79: 19.7195 | GY79: 20.5574 | GZ79: 15.8921 | HA79: 14.2488 | HB79: 17.7149 | HC79: 13.9989 | HD79: 17.4467 | HE79: 19.047 | HF79: 15.4246 | HG79: 22.531 | HH79: 20.8612
C80: 3 | D80: 21.6113 | E80: 16.2003 | F80: 17.0023 | G80: 24.1484 | H80: 16.7053 | I80: 21.6071 | J80: 16.456 | K80: 19.5486 | L80: 17.5174 | M80: 14.9556 | N80: 16.22 | O80: 16.5828 | P80: 20.17 | Q80: 19.1822 | R80: 19.0349 | Y80: 3 | Z80: 21.6113 | AA80: 16.2003 | AB80: 17.0023 | AC80: 24.1484 | AD80: 16.7053 | AE80: 21.6071 | AF80: 16.456 | AG80: 19.5486 | AH80: 17.5174 | AI80: 14.9556 | AJ80: 16.22 | AK80: 16.5828 | AL80: 20.17 | AM80: 19.1822 | AN80: 19.0349 | AU80: 3 | AV80: 21.6113 | AW80: 16.2003 | AX80: 17.0023 | AY80: 24.1484 | AZ80: 16.7053 | BA80: 21.6071 | BB80: 16.456 | BC80: 19.5486 | BD80: 17.5174 | BE80: 14.9556 | BF80: 16.22 | BG80: 16.5828 | BH80: 20.17 | BI80: 19.1822 | BJ80: 19.0349 | BQ80: 3 | BR80: 21.6113 | BS80: 16.2003 | BT80: 17.0023 | BU80: 24.1484 | BV80: 16.7053 | BW80: 21.6071 | BX80: 16.456 | BY80: 19.5486 | BZ80: 17.5174 | CA80: 14.9556 | CB80: 16.22 | CC80: 16.5828 | CD80: 20.17 | CE80: 19.1822 | CF80: 19.0349 | CM80: 3 | CN80: 21.6113 | CO80: 16.2003 | CP80: 17.0023 | CQ80: 24.1484 | CR80: 16.7053 | CS80: 21.6071 | CT80: 16.456 | CU80: 19.5486 | CV80: 17.5174 | CW80: 14.9556 | CX80: 16.22 | CY80: 16.5828 | CZ80: 20.17 | DA80: 19.1822 | DB80: 19.0349 | DI80: 3 | DJ80: 21.6113 | DK80: 16.2003 | DL80: 17.0023 | DM80: 24.1484 | DN80: 16.7053 | DO80: 21.6071 | DP80: 16.456 | DQ80: 19.5486 | DR80: 17.5174 | DS80: 14.9556 | DT80: 16.22 | DU80: 16.5828 | DV80: 20.17 | DW80: 19.1822 | DX80: 19.0349 | EE80: 3 | EF80: 21.6113 | EG80: 16.2003 | EH80: 17.0023 | EI80: 24.1484 | EJ80: 16.7053 | EK80: 21.6071 | EL80: 16.456 | EM80: 19.5486 | EN80: 17.5174 | EO80: 14.9556 | EP80: 16.22 | EQ80: 16.5828 | ER80: 20.17 | ES80: 19.1822 | ET80: 19.0349 | FA80: 3 | FB80: 21.6113 | FC80: 16.2003 | FD80: 17.0023 | FE80: 24.1484 | FF80: 16.7053 | FG80: 21.6071 | FH80: 16.456 | FI80: 19.5486 | FJ80: 17.5174 | FK80: 14.9556 | FL80: 16.22 | FM80: 16.5828 | FN80: 20.17 | FO80: 19.1822 | FP80: 19.0349 | FW80: 3 | FX80: 21.6113 | FY80: 16.2003 | FZ80: 17.0023 | GA80: 24.1484 | GB80: 16.7053 | GC80: 21.6071 | GD80: 16.456 | GE80: 19.5486 | GF80: 17.5174 | GG80: 14.9556 | GH80: 16.22 | GI80: 16.5828 | GJ80: 20.17 | GK80: 19.1822 | GL80: 19.0349 | GS80: 3 | GT80: 21.6113 | GU80: 16.2003 | GV80: 17.0023 | GW80: 24.1484 | GX80: 16.7053 | GY80: 21.6071 | GZ80: 16.456 | HA80: 19.5486 | HB80: 17.5174 | HC80: 14.9556 | HD80: 16.22 | HE80: 16.5828 | HF80: 20.17 | HG80: 19.1822 | HH80: 19.0349
C82: LB | D82: 1 | E82: 2 | F82: 3 | G82: 4 | H82: 5 | I82: 6 | J82: 7 | K82: 8 | L82: 9 | M82: 10 | N82: 11 | O82: 12 | P82: 13 | Q82: 14 | R82: 15 | Y82: LB | Z82: 1 | AA82: 2 | AB82: 3 | AC82: 4 | AD82: 5 | AE82: 6 | AF82: 7 | AG82: 8 | AH82: 9 | AI82: 10 | AJ82: 11 | AK82: 12 | AL82: 13 | AM82: 14 | AN82: 15 | AU82: LB | AV82: 1 | AW82: 2 | AX82: 3 | AY82: 4 | AZ82: 5 | BA82: 6 | BB82: 7 | BC82: 8 | BD82: 9 | BE82: 10 | BF82: 11 | BG82: 12 | BH82: 13 | BI82: 14 | BJ82: 15 | BQ82: LB | BR82: 1 | BS82: 2 | BT82: 3 | BU82: 4 | BV82: 5 | BW82: 6 | BX82: 7 | BY82: 8 | BZ82: 9 | CA82: 10 | CB82: 11 | CC82: 12 | CD82: 13 | CE82: 14 | CF82: 15 | CM82: LB | CN82: 1 | CO82: 2 | CP82: 3 | CQ82: 4 | CR82: 5 | CS82: 6 | CT82: 7 | CU82: 8 | CV82: 9 | CW82: 10 | CX82: 11 | CY82: 12 | CZ82: 13 | DA82: 14 | DB82: 15 | DI82: LB | DJ82: 1 | DK82: 2 | DL82: 3 | DM82: 4 | DN82: 5 | DO82: 6 | DP82: 7 | DQ82: 8 | DR82: 9 | DS82: 10 | DT82: 11 | DU82: 12 | DV82: 13 | DW82: 14 | DX82: 15 | EE82: LB | EF82: 1 | EG82: 2 | EH82: 3 | EI82: 4 | EJ82: 5 | EK82: 6 | EL82: 7 | EM82: 8 | EN82: 9 | EO82: 10 | EP82: 11 | EQ82: 12 | ER82: 13 | ES82: 14 | ET82: 15 | FA82: LB | FB82: 1 | FC82: 2 | FD82: 3 | FE82: 4 | FF82: 5 | FG82: 6 | FH82: 7 | FI82: 8 | FJ82: 9 | FK82: 10 | FL82: 11 | FM82: 12 | FN82: 13 | FO82: 14 | FP82: 15 | FW82: LB | FX82: 1 | FY82: 2 | FZ82: 3 | GA82: 4 | GB82: 5 | GC82: 6 | GD82: 7 | GE82: 8 | GF82: 9 | GG82: 10 | GH82: 11 | GI82: 12 | GJ82: 13 | GK82: 14 | GL82: 15 | GS82: LB | GT82: 1 | GU82: 2 | GV82: 3 | GW82: 4 | GX82: 5 | GY82: 6 | GZ82: 7 | HA82: 8 | HB82: 9 | HC82: 10 | HD82: 11 | HE82: 12 | HF82: 13 | HG82: 14 | HH82: 15
C83: 1 | Y83: 1 | Z83: 4041.1046 | AA83: 8654.2915 | AB83: 8185.4364 | AC83: 8351.7318 | AD83: 15818.083 | AE83: 6131.8694 | AF83: 5251.9913 | AG83: 13708.697 | AH83: 9372.1457 | AI83: 8041.9622 | AJ83: 14327.273 | AK83: 4374.0916 | AL83: 6918.2442 | AM83: 5897.4189 | AN83: 21002.206 | AU83: 1 | AV83: 4041.1046 | AW83: 8654.2915 | AX83: 8185.4364 | AY83: 8351.7318 | AZ83: 15818.083 | BA83: 6131.8694 | BB83: 5251.9913 | BC83: 13708.697 | BD83: 9372.1457 | BE83: 8041.9622 | BF83: 14327.273 | BG83: 4374.0916 | BH83: 6918.2442 | BI83: 5897.4189 | BJ83: 21002.206 | BQ83: 1 | BR83: 4041.1046 | BS83: 8654.2915 | BT83: 8185.4364 | BU83: 8351.7318 | BV83: 15818.083 | BW83: 6131.8694 | BX83: 5251.9913 | BY83: 13708.697 | BZ83: 9372.1457 | CA83: 8041.9622 | CB83: 14327.273 | CC83: 4374.0916 | CD83: 6918.2442 | CE83: 5897.4189 | CF83: 21002.206 | CM83: 1 | CN83: 4041.1046 | CO83: 8654.2915 | CP83: 8185.4364 | CQ83: 8351.7318 | CR83: 15818.083 | CS83: 6131.8694 | CT83: 5251.9913 | CU83: 13708.697 | CV83: 9372.1457 | CW83: 8041.9622 | CX83: 14327.273 | CY83: 4374.0916 | CZ83: 6918.2442 | DA83: 5897.4189 | DB83: 21002.206 | DI83: 1 | DJ83: 4041.1046 | DK83: 8654.2915 | DL83: 8185.4364 | DM83: 8351.7318 | DN83: 15818.083 | DO83: 6131.8694 | DP83: 5251.9913 | DQ83: 13708.697 | DR83: 9372.1457 | DS83: 8041.9622 | DT83: 14327.273 | DU83: 4374.0916 | DV83: 6918.2442 | DW83: 5897.4189 | DX83: 21002.206 | EE83: 1 | EF83: 4041.1046 | EG83: 8654.2915 | EH83: 8185.4364 | EI83: 8351.7318 | EJ83: 15818.083 | EK83: 6131.8694 | EL83: 5251.9913 | EM83: 13708.697 | EN83: 9372.1457 | EO83: 8041.9622 | EP83: 14327.273 | EQ83: 4374.0916 | ER83: 6918.2442 | ES83: 5897.4189 | ET83: 21002.206 | FA83: 1 | FB83: 4041.1046 | FC83: 8654.2915 | FD83: 8185.4364 | FE83: 8351.7318 | FF83: 15818.083 | FG83: 6131.8694 | FH83: 5251.9913 | FI83: 13708.697 | FJ83: 9372.1457 | FK83: 8041.9622 | FL83: 14327.273 | FM83: 4374.0916 | FN83: 6918.2442 | FO83: 5897.4189 | FP83: 21002.206 | FW83: 1 | FX83: 4041.1046 | FY83: 8654.2915 | FZ83: 8185.4364 | GA83: 8351.7318 | GB83: 15818.083 | GC83: 6131.8694 | GD83: 5251.9913 | GE83: 13708.697 | GF83: 9372.1457 | GG83: 8041.9622 | GH83: 14327.273 | GI83: 4374.0916 | GJ83: 6918.2442 | GK83: 5897.4189 | GL83: 21002.206 | GS83: 1 | GT83: 4041.1046 | GU83: 8654.2915 | GV83: 8185.4364 | GW83: 8351.7318 | GX83: 15818.083 | GY83: 6131.8694 | GZ83: 5251.9913 | HA83: 13708.697 | HB83: 9372.1457 | HC83: 8041.9622 | HD83: 14327.273 | HE83: 4374.0916 | HF83: 6918.2442 | HG83: 5897.4189 | HH83: 21002.206
C84: 2 | Y84: 2 | Z84: 8074.0523 | AA84: 8186.28 | AB84: 6145.5262 | AC84: 26884.049 | AD84: 9834.1207 | AE84: 14601.325 | AF84: 6563.3034 | AG84: 7098.9038 | AH84: 7383.9142 | AI84: 5627.7702 | AJ84: 8358.7645 | AK84: 12387.481 | AL84: 10079.182 | AM84: 19669.987 | AN84: 12770.802 | AU84: 2 | AV84: 8074.0523 | AW84: 8186.28 | AX84: 6145.5262 | AY84: 26884.049 | AZ84: 9834.1207 | BA84: 14601.325 | BB84: 6563.3034 | BC84: 7098.9038 | BD84: 7383.9142 | BE84: 5627.7702 | BF84: 8358.7645 | BG84: 12387.481 | BH84: 10079.182 | BI84: 19669.987 | BJ84: 12770.802 | BQ84: 2 | BR84: 8074.0523 | BS84: 8186.28 | BT84: 6145.5262 | BU84: 26884.049 | BV84: 9834.1207 | BW84: 14601.325 | BX84: 6563.3034 | BY84: 7098.9038 | BZ84: 7383.9142 | CA84: 5627.7702 | CB84: 8358.7645 | CC84: 12387.481 | CD84: 10079.182 | CE84: 19669.987 | CF84: 12770.802 | CM84: 2 | CN84: 8074.0523 | CO84: 8186.28 | CP84: 6145.5262 | CQ84: 26884.049 | CR84: 9834.1207 | CS84: 14601.325 | CT84: 6563.3034 | CU84: 7098.9038 | CV84: 7383.9142 | CW84: 5627.7702 | CX84: 8358.7645 | CY84: 12387.481 | CZ84: 10079.182 | DA84: 19669.987 | DB84: 12770.802 | DI84: 2 | DJ84: 8074.0523 | DK84: 8186.28 | DL84: 6145.5262 | DM84: 26884.049 | DN84: 9834.1207 | DO84: 14601.325 | DP84: 6563.3034 | DQ84: 7098.9038 | DR84: 7383.9142 | DS84: 5627.7702 | DT84: 8358.7645 | DU84: 12387.481 | DV84: 10079.182 | DW84: 19669.987 | DX84: 12770.802 | EE84: 2 | EF84: 8074.0523 | EG84: 8186.28 | EH84: 6145.5262 | EI84: 26884.049 | EJ84: 9834.1207 | EK84: 14601.325 | EL84: 6563.3034 | EM84: 7098.9038 | EN84: 7383.9142 | EO84: 5627.7702 | EP84: 8358.7645 | EQ84: 12387.481 | ER84: 10079.182 | ES84: 19669.987 | ET84: 12770.802 | FA84: 2 | FB84: 8074.0523 | FC84: 8186.28 | FD84: 6145.5262 | FE84: 26884.049 | FF84: 9834.1207 | FG84: 14601.325 | FH84: 6563.3034 | FI84: 7098.9038 | FJ84: 7383.9142 | FK84: 5627.7702 | FL84: 8358.7645 | FM84: 12387.481 | FN84: 10079.182 | FO84: 19669.987 | FP84: 12770.802 | FW84: 2 | FX84: 8074.0523 | FY84: 8186.28 | FZ84: 6145.5262 | GA84: 26884.049 | GB84: 9834.1207 | GC84: 14601.325 | GD84: 6563.3034 | GE84: 7098.9038 | GF84: 7383.9142 | GG84: 5627.7702 | GH84: 8358.7645 | GI84: 12387.481 | GJ84: 10079.182 | GK84: 19669.987 | GL84: 12770.802 | GS84: 2 | GT84: 8074.0523 | GU84: 8186.28 | GV84: 6145.5262 | GW84: 26884.049 | GX84: 9834.1207 | GY84: 14601.325 | GZ84: 6563.3034 | HA84: 7098.9038 | HB84: 7383.9142 | HC84: 5627.7702 | HD84: 8358.7645 | HE84: 12387.481 | HF84: 10079.182 | HG84: 19669.987 | HH84: 12770.802
C85: 3 | Y85: 3 | Z85: 19048.539 | AA85: 11151.817 | AB85: 13645.291 | AC85: 17725.431 | AD85: 8459.0048 | AE85: 18633.056 | AF85: 7876.6757 | AG85: 10884.138 | AH85: 11192.025 | AI85: 7694.752 | AJ85: 6106.8431 | AK85: 8295.6666 | AL85: 12506.511 | AM85: 9629.4718 | AN85: 10070.301 | AU85: 3 | AV85: 19048.539 | AW85: 11151.817 | AX85: 13645.291 | AY85: 17725.431 | AZ85: 8459.0048 | BA85: 18633.056 | BB85: 7876.6757 | BC85: 10884.138 | BD85: 11192.025 | BE85: 7694.752 | BF85: 6106.8431 | BG85: 8295.6666 | BH85: 12506.511 | BI85: 9629.4718 | BJ85: 10070.301 | BQ85: 3 | BR85: 19048.539 | BS85: 11151.817 | BT85: 13645.291 | BU85: 17725.431 | BV85: 8459.0048 | BW85: 18633.056 | BX85: 7876.6757 | BY85: 10884.138 | BZ85: 11192.025 | CA85: 7694.752 | CB85: 6106.8431 | CC85: 8295.6666 | CD85: 12506.511 | CE85: 9629.4718 | CF85: 10070.301 | CM85: 3 | CN85: 19048.539 | CO85: 11151.817 | CP85: 13645.291 | CQ85: 17725.431 | CR85: 8459.0048 | CS85: 18633.056 | CT85: 7876.6757 | CU85: 10884.138 | CV85: 11192.025 | CW85: 7694.752 | CX85: 6106.8431 | CY85: 8295.6666 | CZ85: 12506.511 | DA85: 9629.4718 | DB85: 10070.301 | DI85: 3 | DJ85: 19048.539 | DK85: 11151.817 | DL85: 13645.291 | DM85: 17725.431 | DN85: 8459.0048 | DO85: 18633.056 | DP85: 7876.6757 | DQ85: 10884.138 | DR85: 11192.025 | DS85: 7694.752 | DT85: 6106.8431 | DU85: 8295.6666 | DV85: 12506.511 | DW85: 9629.4718 | DX85: 10070.301 | EE85: 3 | EF85: 19048.539 | EG85: 11151.817 | EH85: 13645.291 | EI85: 17725.431 | EJ85: 8459.0048 | EK85: 18633.056 | EL85: 7876.6757 | EM85: 10884.138 | EN85: 11192.025 | EO85: 7694.752 | EP85: 6106.8431 | EQ85: 8295.6666 | ER85: 12506.511 | ES85: 9629.4718 | ET85: 10070.301 | FA85: 3 | FB85: 19048.539 | FC85: 11151.817 | FD85: 13645.291 | FE85: 17725.431 | FF85: 8459.0048 | FG85: 18633.056 | FH85: 7876.6757 | FI85: 10884.138 | FJ85: 11192.025 | FK85: 7694.752 | FL85: 6106.8431 | FM85: 8295.6666 | FN85: 12506.511 | FO85: 9629.4718 | FP85: 10070.301 | FW85: 3 | FX85: 19048.539 | FY85: 11151.817 | FZ85: 13645.291 | GA85: 17725.431 | GB85: 8459.0048 | GC85: 18633.056 | GD85: 7876.6757 | GE85: 10884.138 | GF85: 11192.025 | GG85: 7694.752 | GH85: 6106.8431 | GI85: 8295.6666 | GJ85: 12506.511 | GK85: 9629.4718 | GL85: 10070.301 | GS85: 3 | GT85: 19048.539 | GU85: 11151.817 | GV85: 13645.291 | GW85: 17725.431 | GX85: 8459.0048 | GY85: 18633.056 | GZ85: 7876.6757 | HA85: 10884.138 | HB85: 11192.025 | HC85: 7694.752 | HD85: 6106.8431 | HE85: 8295.6666 | HF85: 12506.511 | HG85: 9629.4718 | HH85: 10070.301
C87: DesvPad(ND*ELT) | D87: 1 | E87: 2 | F87: 3 | G87: 4 | H87: 5 | I87: 6 | J87: 7 | K87: 8 | L87: 9 | M87: 10 | N87: 11 | O87: 12 | P87: 13 | Q87: 14 | R87: 15 | Y87: DesvPad(ND*ELT) | Z87: 1 | AA87: 2 | AB87: 3 | AC87: 4 | AD87: 5 | AE87: 6 | AF87: 7 | AG87: 8 | AH87: 9 | AI87: 10 | AJ87: 11 | AK87: 12 | AL87: 13 | AM87: 14 | AN87: 15 | AU87: DesvPad(ND*ELT) | AV87: 1 | AW87: 2 | AX87: 3 | AY87: 4 | AZ87: 5 | BA87: 6 | BB87: 7 | BC87: 8 | BD87: 9 | BE87: 10 | BF87: 11 | BG87: 12 | BH87: 13 | BI87: 14 | BJ87: 15 | BQ87: DesvPad(ND*ELT) | BR87: 1 | BS87: 2 | BT87: 3 | BU87: 4 | BV87: 5 | BW87: 6 | BX87: 7 | BY87: 8 | BZ87: 9 | CA87: 10 | CB87: 11 | CC87: 12 | CD87: 13 | CE87: 14 | CF87: 15 | CM87: DesvPad(ND*ELT) | CN87: 1 | CO87: 2 | CP87: 3 | CQ87: 4 | CR87: 5 | CS87: 6 | CT87: 7 | CU87: 8 | CV87: 9 | CW87: 10 | CX87: 11 | CY87: 12 | CZ87: 13 | DA87: 14 | DB87: 15 | DI87: DesvPad(ND*ELT) | DJ87: 1 | DK87: 2 | DL87: 3 | DM87: 4 | DN87: 5 | DO87: 6 | DP87: 7 | DQ87: 8 | DR87: 9 | DS87: 10 | DT87: 11 | DU87: 12 | DV87: 13 | DW87: 14 | DX87: 15 | EE87: DesvPad(ND*ELT) | EF87: 1 | EG87: 2 | EH87: 3 | EI87: 4 | EJ87: 5 | EK87: 6 | EL87: 7 | EM87: 8 | EN87: 9 | EO87: 10 | EP87: 11 | EQ87: 12 | ER87: 13 | ES87: 14 | ET87: 15 | FA87: DesvPad(ND*ELT) | FB87: 1 | FC87: 2 | FD87: 3 | FE87: 4 | FF87: 5 | FG87: 6 | FH87: 7 | FI87: 8 | FJ87: 9 | FK87: 10 | FL87: 11 | FM87: 12 | FN87: 13 | FO87: 14 | FP87: 15 | FW87: DesvPad(ND*ELT) | FX87: 1 | FY87: 2 | FZ87: 3 | GA87: 4 | GB87: 5 | GC87: 6 | GD87: 7 | GE87: 8 | GF87: 9 | GG87: 10 | GH87: 11 | GI87: 12 | GJ87: 13 | GK87: 14 | GL87: 15 | GS87: DesvPad(ND*ELT) | GT87: 1 | GU87: 2 | GV87: 3 | GW87: 4 | GX87: 5 | GY87: 6 | GZ87: 7 | HA87: 8 | HB87: 9 | HC87: 10 | HD87: 11 | HE87: 12 | HF87: 13 | HG87: 14 | HH87: 15
C88: 1 | Y88: 1 | Z88: 134.48504 | AA88: 245.60156 | AB88: 244.52135 | AC88: 266.88817 | AD88: 330.46461 | AE88: 205.928 | AF88: 161.72909 | AG88: 308.02022 | AH88: 235.9451 | AI88: 207.20713 | AJ88: 298.558 | AK88: 165.27639 | AL88: 217.95949 | AM88: 200.66053 | AN88: 400.99577 | AU88: 1 | AV88: 134.48504 | AW88: 245.60156 | AX88: 244.52135 | AY88: 266.88817 | AZ88: 330.46461 | BA88: 205.928 | BB88: 161.72909 | BC88: 308.02022 | BD88: 235.9451 | BE88: 207.20713 | BF88: 298.558 | BG88: 165.27639 | BH88: 217.95949 | BI88: 200.66053 | BJ88: 400.99577 | BQ88: 1 | BR88: 134.48504 | BS88: 245.60156 | BT88: 244.52135 | BU88: 266.88817 | BV88: 330.46461 | BW88: 205.928 | BX88: 161.72909 | BY88: 308.02022 | BZ88: 235.9451 | CA88: 207.20713 | CB88: 298.558 | CC88: 165.27639 | CD88: 217.95949 | CE88: 200.66053 | CF88: 400.99577 | CM88: 1 | CN88: 134.48504 | CO88: 245.60156 | CP88: 244.52135 | CQ88: 266.88817 | CR88: 330.46461 | CS88: 205.928 | CT88: 161.72909 | CU88: 308.02022 | CV88: 235.9451 | CW88: 207.20713 | CX88: 298.558 | CY88: 165.27639 | CZ88: 217.95949 | DA88: 200.66053 | DB88: 400.99577 | DI88: 1 | DJ88: 134.48504 | DK88: 245.60156 | DL88: 244.52135 | DM88: 266.88817 | DN88: 330.46461 | DO88: 205.928 | DP88: 161.72909 | DQ88: 308.02022 | DR88: 235.9451 | DS88: 207.20713 | DT88: 298.558 | DU88: 165.27639 | DV88: 217.95949 | DW88: 200.66053 | DX88: 400.99577 | EE88: 1 | EF88: 134.48504 | EG88: 245.60156 | EH88: 244.52135 | EI88: 266.88817 | EJ88: 330.46461 | EK88: 205.928 | EL88: 161.72909 | EM88: 308.02022 | EN88: 235.9451 | EO88: 207.20713 | EP88: 298.558 | EQ88: 165.27639 | ER88: 217.95949 | ES88: 200.66053 | ET88: 400.99577 | FA88: 1 | FB88: 134.48504 | FC88: 245.60156 | FD88: 244.52135 | FE88: 266.88817 | FF88: 330.46461 | FG88: 205.928 | FH88: 161.72909 | FI88: 308.02022 | FJ88: 235.9451 | FK88: 207.20713 | FL88: 298.558 | FM88: 165.27639 | FN88: 217.95949 | FO88: 200.66053 | FP88: 400.99577 | FW88: 1 | FX88: 134.48504 | FY88: 245.60156 | FZ88: 244.52135 | GA88: 266.88817 | GB88: 330.46461 | GC88: 205.928 | GD88: 161.72909 | GE88: 308.02022 | GF88: 235.9451 | GG88: 207.20713 | GH88: 298.558 | GI88: 165.27639 | GJ88: 217.95949 | GK88: 200.66053 | GL88: 400.99577 | GS88: 1 | GT88: 134.48504 | GU88: 245.60156 | GV88: 244.52135 | GW88: 266.88817 | GX88: 330.46461 | GY88: 205.928 | GZ88: 161.72909 | HA88: 308.02022 | HB88: 235.9451 | HC88: 207.20713 | HD88: 298.558 | HE88: 165.27639 | HF88: 217.95949 | HG88: 200.66053 | HH88: 400.99577
C89: 2 | Y89: 2 | Z89: 223.20012 | AA89: 260.40161 | AB89: 183.69909 | AC89: 515.20833 | AD89: 231.96777 | AE89: 330.28123 | AF89: 192.12366 | AG89: 231.62287 | AH89: 193.80273 | AI89: 186.90194 | AJ89: 222.74987 | AK89: 302.4098 | AL89: 303.83711 | AM89: 406.04191 | AN89: 284.64265 | AU89: 2 | AV89: 223.20012 | AW89: 260.40161 | AX89: 183.69909 | AY89: 515.20833 | AZ89: 231.96777 | BA89: 330.28123 | BB89: 192.12366 | BC89: 231.62287 | BD89: 193.80273 | BE89: 186.90194 | BF89: 222.74987 | BG89: 302.4098 | BH89: 303.83711 | BI89: 406.04191 | BJ89: 284.64265 | BQ89: 2 | BR89: 223.20012 | BS89: 260.40161 | BT89: 183.69909 | BU89: 515.20833 | BV89: 231.96777 | BW89: 330.28123 | BX89: 192.12366 | BY89: 231.62287 | BZ89: 193.80273 | CA89: 186.90194 | CB89: 222.74987 | CC89: 302.4098 | CD89: 303.83711 | CE89: 406.04191 | CF89: 284.64265 | CM89: 2 | CN89: 223.20012 | CO89: 260.40161 | CP89: 183.69909 | CQ89: 515.20833 | CR89: 231.96777 | CS89: 330.28123 | CT89: 192.12366 | CU89: 231.62287 | CV89: 193.80273 | CW89: 186.90194 | CX89: 222.74987 | CY89: 302.4098 | CZ89: 303.83711 | DA89: 406.04191 | DB89: 284.64265 | DI89: 2 | DJ89: 223.20012 | DK89: 260.40161 | DL89: 183.69909 | DM89: 515.20833 | DN89: 231.96777 | DO89: 330.28123 | DP89: 192.12366 | DQ89: 231.62287 | DR89: 193.80273 | DS89: 186.90194 | DT89: 222.74987 | DU89: 302.4098 | DV89: 303.83711 | DW89: 406.04191 | DX89: 284.64265 | EE89: 2 | EF89: 223.20012 | EG89: 260.40161 | EH89: 183.69909 | EI89: 515.20833 | EJ89: 231.96777 | EK89: 330.28123 | EL89: 192.12366 | EM89: 231.62287 | EN89: 193.80273 | EO89: 186.90194 | EP89: 222.74987 | EQ89: 302.4098 | ER89: 303.83711 | ES89: 406.04191 | ET89: 284.64265 | FA89: 2 | FB89: 223.20012 | FC89: 260.40161 | FD89: 183.69909 | FE89: 515.20833 | FF89: 231.96777 | FG89: 330.28123 | FH89: 192.12366 | FI89: 231.62287 | FJ89: 193.80273 | FK89: 186.90194 | FL89: 222.74987 | FM89: 302.4098 | FN89: 303.83711 | FO89: 406.04191 | FP89: 284.64265 | FW89: 2 | FX89: 223.20012 | FY89: 260.40161 | FZ89: 183.69909 | GA89: 515.20833 | GB89: 231.96777 | GC89: 330.28123 | GD89: 192.12366 | GE89: 231.62287 | GF89: 193.80273 | GG89: 186.90194 | GH89: 222.74987 | GI89: 302.4098 | GJ89: 303.83711 | GK89: 406.04191 | GL89: 284.64265 | GS89: 2 | GT89: 223.20012 | GU89: 260.40161 | GV89: 183.69909 | GW89: 515.20833 | GX89: 231.96777 | GY89: 330.28123 | GZ89: 192.12366 | HA89: 231.62287 | HB89: 193.80273 | HC89: 186.90194 | HD89: 222.74987 | HE89: 302.4098 | HF89: 303.83711 | HG89: 406.04191 | HH89: 284.64265
C90: 3 | Y90: 3 | Z90: 409.95905 | AA90: 320.04125 | AB90: 374.11418 | AC90: 341.30115 | AD90: 235.41192 | AE90: 401.57704 | AF90: 223.28213 | AG90: 258.92272 | AH90: 297.13483 | AI90: 239.30829 | AJ90: 175.15432 | AK90: 232.71519 | AL90: 288.27957 | AM90: 233.48131 | AN90: 245.9878 | AU90: 3 | AV90: 409.95905 | AW90: 320.04125 | AX90: 374.11418 | AY90: 341.30115 | AZ90: 235.41192 | BA90: 401.57704 | BB90: 223.28213 | BC90: 258.92272 | BD90: 297.13483 | BE90: 239.30829 | BF90: 175.15432 | BG90: 232.71519 | BH90: 288.27957 | BI90: 233.48131 | BJ90: 245.9878 | BQ90: 3 | BR90: 409.95905 | BS90: 320.04125 | BT90: 374.11418 | BU90: 341.30115 | BV90: 235.41192 | BW90: 401.57704 | BX90: 223.28213 | BY90: 258.92272 | BZ90: 297.13483 | CA90: 239.30829 | CB90: 175.15432 | CC90: 232.71519 | CD90: 288.27957 | CE90: 233.48131 | CF90: 245.9878 | CM90: 3 | CN90: 409.95905 | CO90: 320.04125 | CP90: 374.11418 | CQ90: 341.30115 | CR90: 235.41192 | CS90: 401.57704 | CT90: 223.28213 | CU90: 258.92272 | CV90: 297.13483 | CW90: 239.30829 | CX90: 175.15432 | CY90: 232.71519 | CZ90: 288.27957 | DA90: 233.48131 | DB90: 245.9878 | DI90: 3 | DJ90: 409.95905 | DK90: 320.04125 | DL90: 374.11418 | DM90: 341.30115 | DN90: 235.41192 | DO90: 401.57704 | DP90: 223.28213 | DQ90: 258.92272 | DR90: 297.13483 | DS90: 239.30829 | DT90: 175.15432 | DU90: 232.71519 | DV90: 288.27957 | DW90: 233.48131 | DX90: 245.9878 | EE90: 3 | EF90: 409.95905 | EG90: 320.04125 | EH90: 374.11418 | EI90: 341.30115 | EJ90: 235.41192 | EK90: 401.57704 | EL90: 223.28213 | EM90: 258.92272 | EN90: 297.13483 | EO90: 239.30829 | EP90: 175.15432 | EQ90: 232.71519 | ER90: 288.27957 | ES90: 233.48131 | ET90: 245.9878 | FA90: 3 | FB90: 409.95905 | FC90: 320.04125 | FD90: 374.11418 | FE90: 341.30115 | FF90: 235.41192 | FG90: 401.57704 | FH90: 223.28213 | FI90: 258.92272 | FJ90: 297.13483 | FK90: 239.30829 | FL90: 175.15432 | FM90: 232.71519 | FN90: 288.27957 | FO90: 233.48131 | FP90: 245.9878 | FW90: 3 | FX90: 409.95905 | FY90: 320.04125 | FZ90: 374.11418 | GA90: 341.30115 | GB90: 235.41192 | GC90: 401.57704 | GD90: 223.28213 | GE90: 258.92272 | GF90: 297.13483 | GG90: 239.30829 | GH90: 175.15432 | GI90: 232.71519 | GJ90: 288.27957 | GK90: 233.48131 | GL90: 245.9878 | GS90: 3 | GT90: 409.95905 | GU90: 320.04125 | GV90: 374.11418 | GW90: 341.30115 | GX90: 235.41192 | GY90: 401.57704 | GZ90: 223.28213 | HA90: 258.92272 | HB90: 297.13483 | HC90: 239.30829 | HD90: 175.15432 | HE90: 232.71519 | HF90: 288.27957 | HG90: 233.48131 | HH90: 245.9878
C92: DesvPad(Cap) | D92: 1 | E92: 2 | F92: 3 | G92: 4 | H92: 5 | I92: 6 | J92: 7 | K92: 8 | L92: 9 | M92: 10 | N92: 11 | O92: 12 | P92: 13 | Q92: 14 | R92: 15 | Y92: DesvPad(Cap) | Z92: 1 | AA92: 2 | AB92: 3 | AC92: 4 | AD92: 5 | AE92: 6 | AF92: 7 | AG92: 8 | AH92: 9 | AI92: 10 | AJ92: 11 | AK92: 12 | AL92: 13 | AM92: 14 | AN92: 15 | AU92: DesvPad(Cap) | AV92: 1 | AW92: 2 | AX92: 3 | AY92: 4 | AZ92: 5 | BA92: 6 | BB92: 7 | BC92: 8 | BD92: 9 | BE92: 10 | BF92: 11 | BG92: 12 | BH92: 13 | BI92: 14 | BJ92: 15 | BQ92: DesvPad(Cap) | BR92: 1 | BS92: 2 | BT92: 3 | BU92: 4 | BV92: 5 | BW92: 6 | BX92: 7 | BY92: 8 | BZ92: 9 | CA92: 10 | CB92: 11 | CC92: 12 | CD92: 13 | CE92: 14 | CF92: 15 | CM92: DesvPad(Cap) | CN92: 1 | CO92: 2 | CP92: 3 | CQ92: 4 | CR92: 5 | CS92: 6 | CT92: 7 | CU92: 8 | CV92: 9 | CW92: 10 | CX92: 11 | CY92: 12 | CZ92: 13 | DA92: 14 | DB92: 15 | DI92: DesvPad(Cap) | DJ92: 1 | DK92: 2 | DL92: 3 | DM92: 4 | DN92: 5 | DO92: 6 | DP92: 7 | DQ92: 8 | DR92: 9 | DS92: 10 | DT92: 11 | DU92: 12 | DV92: 13 | DW92: 14 | DX92: 15 | EE92: DesvPad(Cap) | EF92: 1 | EG92: 2 | EH92: 3 | EI92: 4 | EJ92: 5 | EK92: 6 | EL92: 7 | EM92: 8 | EN92: 9 | EO92: 10 | EP92: 11 | EQ92: 12 | ER92: 13 | ES92: 14 | ET92: 15 | FA92: DesvPad(Cap) | FB92: 1 | FC92: 2 | FD92: 3 | FE92: 4 | FF92: 5 | FG92: 6 | FH92: 7 | FI92: 8 | FJ92: 9 | FK92: 10 | FL92: 11 | FM92: 12 | FN92: 13 | FO92: 14 | FP92: 15 | FW92: DesvPad(Cap) | FX92: 1 | FY92: 2 | FZ92: 3 | GA92: 4 | GB92: 5 | GC92: 6 | GD92: 7 | GE92: 8 | GF92: 9 | GG92: 10 | GH92: 11 | GI92: 12 | GJ92: 13 | GK92: 14 | GL92: 15 | GS92: DesvPad(Cap) | GT92: 1 | GU92: 2 | GV92: 3 | GW92: 4 | GX92: 5 | GY92: 6 | GZ92: 7 | HA92: 8 | HB92: 9 | HC92: 10 | HD92: 11 | HE92: 12 | HF92: 13 | HG92: 14 | HH92: 15
C93: 1 | D93: =(Supp_Fourth_central_moment_5var!D10)^0.5 | E93: =(Supp_Fourth_central_moment_5var!E10)^0.5 | F93: =(Supp_Fourth_central_moment_5var!F10)^0.5 | G93: =(Supp_Fourth_central_moment_5var!G10)^0.5 | H93: =(Supp_Fourth_central_moment_5var!H10)^0.5 | I93: =(Supp_Fourth_central_moment_5var!I10)^0.5 | J93: =(Supp_Fourth_central_moment_5var!J10)^0.5 | K93: =(Supp_Fourth_central_moment_5var!K10)^0.5 | ... R93: =(Supp_Fourth_central_moment_5var!R10)^0.5 | Y93: 1 | Z93: 60.92 | AA93: 67.244 | AB93: 73.473999 | AC93: 66.12 | AD93: 81.432 | AE93: 41.961999 | AF93: 70.63 | AG93: 65.088 | AH93: 60.675999 | AI93: 72.782 | AJ93: 84.768 | AK93: 50.14 | AL93: 50.656 | AM93: 43.304 | AN93: 77.754 | AU93: 1 | AV93: 60.92 | AW93: 67.244 | AX93: 73.473999 | AY93: 66.12 | AZ93: 81.432 | BA93: 41.961999 | BB93: 70.63 | BC93: 65.088 | BD93: 60.675999 | BE93: 72.782 | BF93: 84.768 | BG93: 50.14 | BH93: 50.656 | BI93: 43.304 | BJ93: 77.754 | BQ93: 1 | BR93: 60.92 | BS93: 67.244 | BT93: 73.473999 | BU93: 66.12 | BV93: 81.432 | BW93: 41.961999 | BX93: 70.63 | BY93: 65.088 | BZ93: 60.675999 | CA93: 72.782 | CB93: 84.768 | CC93: 50.14 | CD93: 50.656 | CE93: 43.304 | CF93: 77.754 | CM93: 1 | CN93: 60.92 | CO93: 67.244 | CP93: 73.473999 | CQ93: 66.12 | CR93: 81.432 | CS93: 41.961999 | CT93: 70.63 | CU93: 65.088 | CV93: 60.675999 | CW93: 72.782 | CX93: 84.768 | CY93: 50.14 | CZ93: 50.656 | DA93: 43.304 | DB93: 77.754 | DI93: 1 | DJ93: 60.92 | DK93: 67.244 | DL93: 73.473999 | DM93: 66.12 | DN93: 81.432 | DO93: 41.961999 | DP93: 70.63 | DQ93: 65.088 | DR93: 60.675999 | DS93: 72.782 | DT93: 84.768 | DU93: 50.14 | DV93: 50.656 | DW93: 43.304 | DX93: 77.754 | EE93: 1 | EF93: 60.92 | EG93: 67.244 | EH93: 73.473999 | EI93: 66.12 | EJ93: 81.432 | EK93: 41.961999 | EL93: 70.63 | EM93: 65.088 | EN93: 60.675999 | EO93: 72.782 | EP93: 84.768 | EQ93: 50.14 | ER93: 50.656 | ES93: 43.304 | ET93: 77.754 | FA93: 1 | FB93: 60.92 | FC93: 67.244 | FD93: 73.473999 | FE93: 66.12 | FF93: 81.432 | FG93: 41.961999 | FH93: 70.63 | FI93: 65.088 | FJ93: 60.675999 | FK93: 72.782 | FL93: 84.768 | FM93: 50.14 | FN93: 50.656 | FO93: 43.304 | FP93: 77.754 | FW93: 1 | FX93: 60.92 | FY93: 67.244 | FZ93: 73.473999 | GA93: 66.12 | GB93: 81.432 | GC93: 41.961999 | GD93: 70.63 | GE93: 65.088 | GF93: 60.675999 | GG93: 72.782 | GH93: 84.768 | GI93: 50.14 | GJ93: 50.656 | GK93: 43.304 | GL93: 77.754 | GS93: 1 | GT93: 60.92 | GU93: 67.244 | GV93: 73.473999 | GW93: 66.12 | GX93: 81.432 | GY93: 41.961999 | GZ93: 70.63 | HA93: 65.088 | HB93: 60.675999 | HC93: 72.782 | HD93: 84.768 | HE93: 50.14 | HF93: 50.656 | HG93: 43.304 | HH93: 77.754
C94: 2 | D94: =(Supp_Fourth_central_moment_5var!D11)^0.5 | E94: =(Supp_Fourth_central_moment_5var!E11)^0.5 | F94: =(Supp_Fourth_central_moment_5var!F11)^0.5 | G94: =(Supp_Fourth_central_moment_5var!G11)^0.5 | H94: =(Supp_Fourth_central_moment_5var!H11)^0.5 | I94: =(Supp_Fourth_central_moment_5var!I11)^0.5 | J94: =(Supp_Fourth_central_moment_5var!J11)^0.5 | K94: =(Supp_Fourth_central_moment_5var!K11)^0.5 | ... R94: =(Supp_Fourth_central_moment_5var!R11)^0.5 | Y94: 2 | Z94: 57.735999 | AA94: 50.915999 | AB94: 66.766 | AC94: 113.992 | AD94: 72.721999 | AE94: 71.908 | AF94: 60.932 | AG94: 62.434 | AH94: 75.821999 | AI94: 46.66 | AJ94: 77.584 | AK94: 66.012 | AL94: 53.271999 | AM94: 81.654 | AN94: 71.613999 | AU94: 2 | AV94: 57.735999 | AW94: 50.915999 | AX94: 66.766 | AY94: 113.992 | AZ94: 72.721999 | BA94: 71.908 | BB94: 60.932 | BC94: 62.434 | BD94: 75.821999 | BE94: 46.66 | BF94: 77.584 | BG94: 66.012 | BH94: 53.271999 | BI94: 81.654 | BJ94: 71.613999 | BQ94: 2 | BR94: 57.735999 | BS94: 50.915999 | BT94: 66.766 | BU94: 113.992 | BV94: 72.721999 | BW94: 71.908 | BX94: 60.932 | BY94: 62.434 | BZ94: 75.821999 | CA94: 46.66 | CB94: 77.584 | CC94: 66.012 | CD94: 53.271999 | CE94: 81.654 | CF94: 71.613999 | CM94: 2 | CN94: 57.735999 | CO94: 50.915999 | CP94: 66.766 | CQ94: 113.992 | CR94: 72.721999 | CS94: 71.908 | CT94: 60.932 | CU94: 62.434 | CV94: 75.821999 | CW94: 46.66 | CX94: 77.584 | CY94: 66.012 | CZ94: 53.271999 | DA94: 81.654 | DB94: 71.613999 | DI94: 2 | DJ94: 57.735999 | DK94: 50.915999 | DL94: 66.766 | DM94: 113.992 | DN94: 72.721999 | DO94: 71.908 | DP94: 60.932 | DQ94: 62.434 | DR94: 75.821999 | DS94: 46.66 | DT94: 77.584 | DU94: 66.012 | DV94: 53.271999 | DW94: 81.654 | DX94: 71.613999 | EE94: 2 | EF94: 57.735999 | EG94: 50.915999 | EH94: 66.766 | EI94: 113.992 | EJ94: 72.721999 | EK94: 71.908 | EL94: 60.932 | EM94: 62.434 | EN94: 75.821999 | EO94: 46.66 | EP94: 77.584 | EQ94: 66.012 | ER94: 53.271999 | ES94: 81.654 | ET94: 71.613999 | FA94: 2 | FB94: 57.735999 | FC94: 50.915999 | FD94: 66.766 | FE94: 113.992 | FF94: 72.721999 | FG94: 71.908 | FH94: 60.932 | FI94: 62.434 | FJ94: 75.821999 | FK94: 46.66 | FL94: 77.584 | FM94: 66.012 | FN94: 53.271999 | FO94: 81.654 | FP94: 71.613999 | FW94: 2 | FX94: 57.735999 | FY94: 50.915999 | FZ94: 66.766 | GA94: 113.992 | GB94: 72.721999 | GC94: 71.908 | GD94: 60.932 | GE94: 62.434 | GF94: 75.821999 | GG94: 46.66 | GH94: 77.584 | GI94: 66.012 | GJ94: 53.271999 | GK94: 81.654 | GL94: 71.613999 | GS94: 2 | GT94: 57.735999 | GU94: 50.915999 | GV94: 66.766 | GW94: 113.992 | GX94: 72.721999 | GY94: 71.908 | GZ94: 60.932 | HA94: 62.434 | HB94: 75.821999 | HC94: 46.66 | HD94: 77.584 | HE94: 66.012 | HF94: 53.271999 | HG94: 81.654 | HH94: 71.613999
C95: 3 | D95: =(Supp_Fourth_central_moment_5var!D12)^0.5 | E95: =(Supp_Fourth_central_moment_5var!E12)^0.5 | F95: =(Supp_Fourth_central_moment_5var!F12)^0.5 | G95: =(Supp_Fourth_central_moment_5var!G12)^0.5 | H95: =(Supp_Fourth_central_moment_5var!H12)^0.5 | I95: =(Supp_Fourth_central_moment_5var!I12)^0.5 | J95: =(Supp_Fourth_central_moment_5var!J12)^0.5 | K95: =(Supp_Fourth_central_moment_5var!K12)^0.5 | ... R95: =(Supp_Fourth_central_moment_5var!R12)^0.5 | Y95: 3 | Z95: 65.534 | AA95: 71.848 | AB95: 80.708 | AC95: 83.148 | AD95: 73.627999 | AE95: 61.307999 | AF95: 44.04 | AG95: 81.61 | AH95: 79.606 | AI95: 61.1 | AJ95: 48.31 | AK95: 63.106 | AL95: 87.376 | AM95: 78.627999 | AN95: 65.434 | AU95: 3 | AV95: 65.534 | AW95: 71.848 | AX95: 80.708 | AY95: 83.148 | AZ95: 73.627999 | BA95: 61.307999 | BB95: 44.04 | BC95: 81.61 | BD95: 79.606 | BE95: 61.1 | BF95: 48.31 | BG95: 63.106 | BH95: 87.376 | BI95: 78.627999 | BJ95: 65.434 | BQ95: 3 | BR95: 65.534 | BS95: 71.848 | BT95: 80.708 | BU95: 83.148 | BV95: 73.627999 | BW95: 61.307999 | BX95: 44.04 | BY95: 81.61 | BZ95: 79.606 | CA95: 61.1 | CB95: 48.31 | CC95: 63.106 | CD95: 87.376 | CE95: 78.627999 | CF95: 65.434 | CM95: 3 | CN95: 65.534 | CO95: 71.848 | CP95: 80.708 | CQ95: 83.148 | CR95: 73.627999 | CS95: 61.307999 | CT95: 44.04 | CU95: 81.61 | CV95: 79.606 | CW95: 61.1 | CX95: 48.31 | CY95: 63.106 | CZ95: 87.376 | DA95: 78.627999 | DB95: 65.434 | DI95: 3 | DJ95: 65.534 | DK95: 71.848 | DL95: 80.708 | DM95: 83.148 | DN95: 73.627999 | DO95: 61.307999 | DP95: 44.04 | DQ95: 81.61 | DR95: 79.606 | DS95: 61.1 | DT95: 48.31 | DU95: 63.106 | DV95: 87.376 | DW95: 78.627999 | DX95: 65.434 | EE95: 3 | EF95: 65.534 | EG95: 71.848 | EH95: 80.708 | EI95: 83.148 | EJ95: 73.627999 | EK95: 61.307999 | EL95: 44.04 | EM95: 81.61 | EN95: 79.606 | EO95: 61.1 | EP95: 48.31 | EQ95: 63.106 | ER95: 87.376 | ES95: 78.627999 | ET95: 65.434 | FA95: 3 | FB95: 65.534 | FC95: 71.848 | FD95: 80.708 | FE95: 83.148 | FF95: 73.627999 | FG95: 61.307999 | FH95: 44.04 | FI95: 81.61 | FJ95: 79.606 | FK95: 61.1 | FL95: 48.31 | FM95: 63.106 | FN95: 87.376 | FO95: 78.627999 | FP95: 65.434 | FW95: 3 | FX95: 65.534 | FY95: 71.848 | FZ95: 80.708 | GA95: 83.148 | GB95: 73.627999 | GC95: 61.307999 | GD95: 44.04 | GE95: 81.61 | GF95: 79.606 | GG95: 61.1 | GH95: 48.31 | GI95: 63.106 | GJ95: 87.376 | GK95: 78.627999 | GL95: 65.434 | GS95: 3 | GT95: 65.534 | GU95: 71.848 | GV95: 80.708 | GW95: 83.148 | GX95: 73.627999 | GY95: 61.307999 | GZ95: 44.04 | HA95: 81.61 | HB95: 79.606 | HC95: 61.1 | HD95: 48.31 | HE95: 63.106 | HF95: 87.376 | HG95: 78.627999 | HH95: 65.434
C97: z(RLT) | D97: 1 | E97: 2 | F97: 3 | G97: 4 | H97: 5 | I97: 6 | J97: 7 | K97: 8 | L97: 9 | M97: 10 | N97: 11 | O97: 12 | P97: 13 | Q97: 14 | R97: 15 | Y97: z(RLT) | Z97: 1 | AA97: 2 | AB97: 3 | AC97: 4 | AD97: 5 | AE97: 6 | AF97: 7 | AG97: 8 | AH97: 9 | AI97: 10 | AJ97: 11 | AK97: 12 | AL97: 13 | AM97: 14 | AN97: 15 | AU97: z(RLT) | AV97: 1 | AW97: 2 | AX97: 3 | AY97: 4 | AZ97: 5 | BA97: 6 | BB97: 7 | BC97: 8 | BD97: 9 | BE97: 10 | BF97: 11 | BG97: 12 | BH97: 13 | BI97: 14 | BJ97: 15 | BQ97: z(RLT) | BR97: 1 | BS97: 2 | BT97: 3 | BU97: 4 | BV97: 5 | BW97: 6 | BX97: 7 | BY97: 8 | BZ97: 9 | CA97: 10 | CB97: 11 | CC97: 12 | CD97: 13 | CE97: 14 | CF97: 15 | CM97: z(RLT) | CN97: 1 | CO97: 2 | CP97: 3 | CQ97: 4 | CR97: 5 | CS97: 6 | CT97: 7 | CU97: 8 | CV97: 9 | CW97: 10 | CX97: 11 | CY97: 12 | CZ97: 13 | DA97: 14 | DB97: 15 | DI97: z(RLT) | DJ97: 1 | DK97: 2 | DL97: 3 | DM97: 4 | DN97: 5 | DO97: 6 | DP97: 7 | DQ97: 8 | DR97: 9 | DS97: 10 | DT97: 11 | DU97: 12 | DV97: 13 | DW97: 14 | DX97: 15 | EE97: z(RLT) | EF97: 1 | EG97: 2 | EH97: 3 | EI97: 4 | EJ97: 5 | EK97: 6 | EL97: 7 | EM97: 8 | EN97: 9 | EO97: 10 | EP97: 11 | EQ97: 12 | ER97: 13 | ES97: 14 | ET97: 15 | FA97: z(RLT) | FB97: 1 | FC97: 2 | FD97: 3 | FE97: 4 | FF97: 5 | FG97: 6 | FH97: 7 | FI97: 8 | FJ97: 9 | FK97: 10 | FL97: 11 | FM97: 12 | FN97: 13 | FO97: 14 | FP97: 15 | FW97: z(RLT) | FX97: 1 | FY97: 2 | FZ97: 3 | GA97: 4 | GB97: 5 | GC97: 6 | GD97: 7 | GE97: 8 | GF97: 9 | GG97: 10 | GH97: 11 | GI97: 12 | GJ97: 13 | GK97: 14 | GL97: 15 | GS97: z(RLT) | GT97: 1 | GU97: 2 | GV97: 3 | GW97: 4 | GX97: 5 | GY97: 6 | GZ97: 7 | HA97: 8 | HB97: 9 | HC97: 10 | HD97: 11 | HE97: 12 | HF97: 13 | HG97: 14 | HH97: 15
C98: 1 | D98: =Suppliers_stock_balance!D194 | E98: =Suppliers_stock_balance!E194 | F98: =Suppliers_stock_balance!F194 | G98: =Suppliers_stock_balance!G194 | H98: =Suppliers_stock_balance!H194 | I98: =Suppliers_stock_balance!I194 | J98: =Suppliers_stock_balance!J194 | K98: =Suppliers_stock_balance!K194 | ... R98: =Suppliers_stock_balance!R194 | Y98: 1 | Z98: 2.0785874 | AA98: 2.0535374 | AB98: 2.1400201 | AC98: 2.1062343 | AD98: 2.0519401 | AE98: 2.110124 | AF98: 2.1318517 | AG98: 2.0960086 | AH98: 2.0808271 | AI98: 2.0500759 | AJ98: 2.0477218 | AK98: 2.0521935 | AL98: 2.066966 | AM98: 2.0936546 | AN98: 2.0907614 | AU98: 1 | AV98: 0.49314285 | AW98: 0.48993261 | AX98: 0.50110901 | AY98: 0.49669377 | AZ98: 0.48972627 | BA98: 0.49720655 | BB98: 0.5000473 | BC98: 0.49536923 | BD98: 0.49341585 | BE98: 0.48949531 | BF98: 0.48919954 | BG98: 0.4897689 | BH98: 0.49163846 | BI98: 0.49507288 | BJ98: 0.49469571 | BQ98: 1 | BR98: 2.2842883e-10 | BS98: -4.6883741e-10 | BT98: 8.2782137e-10 | BU98: -6.4857986e-10 | BV98: 8.2782847e-10 | BW98: 0 | BX98: 9.2251184e-10 | BY98: 7.6244078e-10 | BZ98: -6.4829209e-10 | CA98: 4.6341597e-10 | CB98: 0 | CC98: 2.4253666e-10 | CD98: -2.8347813e-10 | CE98: 0 | CF98: 7.2266459e-10 | CM98: 1 | CN98: 2.0785874 | CO98: 2.0535374 | CP98: 2.1400201 | CQ98: 2.1062343 | CR98: 2.0519401 | CS98: 2.110124 | CT98: 2.1318517 | CU98: 2.0960086 | CV98: 2.0808271 | CW98: 2.0500759 | CX98: 2.0477218 | CY98: 2.0521935 | CZ98: 2.066966 | DA98: 2.0936546 | DB98: 2.0907614 | DI98: 1 | DJ98: 0.49314285 | DK98: 0.48993261 | DL98: 0.50110901 | DM98: 0.49669377 | DN98: 0.48972627 | DO98: 0.49720655 | DP98: 0.5000473 | DQ98: 0.49536923 | DR98: 0.49341585 | DS98: 0.48949531 | DT98: 0.48919954 | DU98: 0.4897689 | DV98: 0.49163846 | DW98: 0.49507288 | DX98: 0.49469571 | EE98: 1 | EF98: 2.2842883e-10 | EG98: -4.6883741e-10 | EH98: 8.2782137e-10 | EI98: -6.4857986e-10 | EJ98: 8.2782847e-10 | EK98: 8.0085589e-10 | EL98: 9.2251184e-10 | EM98: 7.6244078e-10 | EN98: -6.4829209e-10 | EO98: 4.6341597e-10 | EP98: 0 | EQ98: 2.4253666e-10 | ER98: -2.8347813e-10 | ES98: 8.0254579e-10 | ET98: 7.2266459e-10 | FA98: 1 | FB98: 2.0785874 | FC98: 2.0535374 | FD98: 2.1400201 | FE98: 2.1062343 | FF98: 2.0519401 | FG98: 2.110124 | FH98: 2.1318517 | FI98: 2.0960086 | FJ98: 2.0808271 | FK98: 2.0500759 | FL98: 2.0477218 | FM98: 2.0521935 | FN98: 2.066966 | FO98: 2.0936546 | FP98: 2.0907614 | FW98: 1 | FX98: 0.49314285 | FY98: 0.48993261 | FZ98: 0.50110901 | GA98: 0.49669377 | GB98: 0.48972627 | GC98: 0.49720655 | GD98: 0.5000473 | GE98: 0.49536923 | GF98: 0.49341585 | GG98: 0.48949531 | GH98: 0.48919954 | GI98: 0.4897689 | GJ98: 0.49163846 | GK98: 0.49507288 | GL98: 0.49469571 | GS98: 1 | GT98: 2.2842883e-10 | GU98: -4.6883741e-10 | GV98: 8.2782137e-10 | GW98: -6.4857986e-10 | GX98: 8.2782847e-10 | GY98: 8.0085589e-10 | GZ98: 9.2251184e-10 | HA98: 7.6244078e-10 | HB98: -6.4829209e-10 | HC98: 4.6341597e-10 | HD98: 0 | HE98: 2.4253666e-10 | HF98: -2.8347813e-10 | HG98: 8.0254579e-10 | HH98: 7.2266459e-10
C99: 2 | D99: =Suppliers_stock_balance!D195 | E99: =Suppliers_stock_balance!E195 | F99: =Suppliers_stock_balance!F195 | G99: =Suppliers_stock_balance!G195 | H99: =Suppliers_stock_balance!H195 | I99: =Suppliers_stock_balance!I195 | J99: =Suppliers_stock_balance!J195 | K99: =Suppliers_stock_balance!K195 | ... R99: =Suppliers_stock_balance!R195 | Y99: 2 | Z99: 2.067171 | AA99: 2.063034 | AB99: 2.0698415 | AC99: 2.1355271 | AD99: 2.0509382 | AE99: 2.0619193 | AF99: 2.0471317 | AG99: 2.0807131 | AH99: 2.0682958 | AI99: 2.0761177 | AJ99: 2.0901142 | AK99: 2.0645059 | AL99: 2.0652966 | AM99: 2.0536534 | AN99: 2.0671686 | AU99: 2 | AV99: 0.49167037 | AW99: 0.49114078 | AX99: 0.49201166 | AY99: 0.50051962 | AZ99: 0.48960681 | BA99: 0.49099919 | BB99: 0.48912235 | BC99: 0.49340104 | BD99: 0.49181075 | BE99: 0.492812 | BF99: 0.4946092 | BG99: 0.49133148 | BH99: 0.49142782 | BI99: 0.48994434 | BJ99: 0.49167071 | BQ99: 2 | BR99: 8.2175688e-10 | BS99: 1.6196111e-10 | BT99: 6.2933125e-10 | BU99: -4.5677595e-10 | BV99: 0 | BW99: 9.2024877e-10 | BX99: 0 | BY99: 8.3266727e-10 | BZ99: -1.0402346e-11 | CA99: -4.8651216e-10 | CB99: -6.2350125e-11 | CC99: 6.934151e-10 | CD99: 0 | CE99: 1.2780887e-10 | CF99: 1.6557777e-10 | CM99: 2 | CN99: 2.067171 | CO99: 2.063034 | CP99: 2.0698415 | CQ99: 2.1355271 | CR99: 2.0509382 | CS99: 2.0619193 | CT99: 2.0471317 | CU99: 2.0807131 | CV99: 2.0682958 | CW99: 2.0761177 | CX99: 2.0901142 | CY99: 2.0645059 | CZ99: 2.0652966 | DA99: 2.0536534 | DB99: 2.0671686 | DI99: 2 | DJ99: 0.49167037 | DK99: 0.49114078 | DL99: 0.49201166 | DM99: 0.50051962 | DN99: 0.48960681 | DO99: 0.49099919 | DP99: 0.48912235 | DQ99: 0.49340104 | DR99: 0.49181075 | DS99: 0.492812 | DT99: 0.4946092 | DU99: 0.49133148 | DV99: 0.49142782 | DW99: 0.48994434 | DX99: 0.49167071 | EE99: 2 | EF99: 8.2175688e-10 | EG99: 1.6196111e-10 | EH99: 6.2933125e-10 | EI99: -4.5677595e-10 | EJ99: 0 | EK99: 9.2024877e-10 | EL99: 0 | EM99: 8.3266727e-10 | EN99: -1.0402346e-11 | EO99: -4.8651216e-10 | EP99: -6.2350125e-11 | EQ99: 6.934151e-10 | ER99: 0 | ES99: 1.2780887e-10 | ET99: 1.6557777e-10 | FA99: 2 | FB99: 2.067171 | FC99: 2.063034 | FD99: 2.0698415 | FE99: 2.1355271 | FF99: 2.0509382 | FG99: 2.0619193 | FH99: 2.0471317 | FI99: 2.0807131 | FJ99: 2.0682958 | FK99: 2.0761177 | FL99: 2.0901142 | FM99: 2.0645059 | FN99: 2.0652966 | FO99: 2.0536534 | FP99: 2.0671686 | FW99: 2 | FX99: 0.49167037 | FY99: 0.49114078 | FZ99: 0.49201166 | GA99: 0.50051962 | GB99: 0.48960681 | GC99: 0.49099919 | GD99: 0.48912235 | GE99: 0.49340104 | GF99: 0.49181075 | GG99: 0.492812 | GH99: 0.4946092 | GI99: 0.49133148 | GJ99: 0.49142782 | GK99: 0.48994434 | GL99: 0.49167071 | GS99: 2 | GT99: 8.2175688e-10 | GU99: 1.6196111e-10 | GV99: 6.2933125e-10 | GW99: -4.5677595e-10 | GX99: 0 | GY99: 9.2024877e-10 | GZ99: 0 | HA99: 8.3266727e-10 | HB99: -1.0402346e-11 | HC99: -4.8651216e-10 | HD99: -6.2350125e-11 | HE99: 6.934151e-10 | HF99: 0 | HG99: 1.2780887e-10 | HH99: 1.6557777e-10
C100: 3 | D100: =Suppliers_stock_balance!D196 | E100: =Suppliers_stock_balance!E196 | F100: =Suppliers_stock_balance!F196 | G100: =Suppliers_stock_balance!G196 | H100: =Suppliers_stock_balance!H196 | I100: =Suppliers_stock_balance!I196 | J100: =Suppliers_stock_balance!J196 | K100: =Suppliers_stock_balance!K196 | ... R100: =Suppliers_stock_balance!R196 | Y100: 3 | Z100: 2.1095088 | AA100: 2.0882151 | AB100: 2.1479761 | AC100: 2.0662518 | AD100: 2.0847142 | AE100: 2.134273 | AF100: 2.1555623 | AG100: 2.0584274 | AH100: 2.1065186 | AI100: 2.0526511 | AJ100: 2.1166943 | AK100: 2.047582 | AL100: 2.0743556 | AM100: 2.0536467 | AN100: 2.0667086 | AU100: 3 | AV100: 0.49711987 | AW100: 0.49436264 | AX100: 0.50215595 | AY100: 0.49155261 | AZ100: 0.49392445 | BA100: 0.50035395 | BB100: 0.50316119 | BC100: 0.49055229 | BD100: 0.49673354 | BE100: 0.48982295 | BF100: 0.49806608 | BG100: 0.48918126 | BH100: 0.49258775 | BI100: 0.48995402 | BJ100: 0.49161018 | BQ100: 3 | BR100: 0 | BS100: -5.3688964e-10 | BT100: -2.0170177e-10 | BU100: 0 | BV100: -6.5916339e-10 | BW100: 0 | BX100: 0 | BY100: 0 | BZ100: 0 | CA100: 4.1707438e-10 | CB100: 0 | CC100: 1.7257022e-09 | CD100: 0 | CE100: 2.8628122e-10 | CF100: 8.9294261e-10 | CM100: 3 | CN100: 2.1095088 | CO100: 2.0882151 | CP100: 2.1479761 | CQ100: 2.0662518 | CR100: 2.0847142 | CS100: 2.134273 | CT100: 2.1555623 | CU100: 2.0584274 | CV100: 2.1065186 | CW100: 2.0526511 | CX100: 2.1166943 | CY100: 2.047582 | CZ100: 2.0743556 | DA100: 2.0536467 | DB100: 2.0667086 | DI100: 3 | DJ100: 0.49711987 | DK100: 0.49436264 | DL100: 0.50215595 | DM100: 0.49155261 | DN100: 0.49392445 | DO100: 0.50035395 | DP100: 0.50316119 | DQ100: 0.49055229 | DR100: 0.49673354 | DS100: 0.48982295 | DT100: 0.49806608 | DU100: 0.48918126 | DV100: 0.49258775 | DW100: 0.48995402 | DX100: 0.49161018 | EE100: 3 | EF100: 0 | EG100: -5.3688964e-10 | EH100: -2.0170177e-10 | EI100: 2.5199656e-09 | EJ100: -6.5916339e-10 | EK100: 0 | EL100: 0 | EM100: 0 | EN100: 0 | EO100: 4.1707438e-10 | EP100: 0 | EQ100: 1.7257022e-09 | ER100: 0 | ES100: 2.8628122e-10 | ET100: 8.9294261e-10 | FA100: 3 | FB100: 2.1095088 | FC100: 2.0882151 | FD100: 2.1479761 | FE100: 2.0662518 | FF100: 2.0847142 | FG100: 2.134273 | FH100: 2.1555623 | FI100: 2.0584274 | FJ100: 2.1065186 | FK100: 2.0526511 | FL100: 2.1166943 | FM100: 2.047582 | FN100: 2.0743556 | FO100: 2.0536467 | FP100: 2.0667086 | FW100: 3 | FX100: 0.49711987 | FY100: 0.49436264 | FZ100: 0.50215595 | GA100: 0.49155261 | GB100: 0.49392445 | GC100: 0.50035395 | GD100: 0.50316119 | GE100: 0.49055229 | GF100: 0.49673354 | GG100: 0.48982295 | GH100: 0.49806608 | GI100: 0.48918126 | GJ100: 0.49258775 | GK100: 0.48995402 | GL100: 0.49161018 | GS100: 3 | GT100: 0 | GU100: -5.3688964e-10 | GV100: -2.0170177e-10 | GW100: 2.5199656e-09 | GX100: -6.5916339e-10 | GY100: 0 | GZ100: 0 | HA100: 0 | HB100: 0 | HC100: 4.1707438e-10 | HD100: 0 | HE100: 1.7257022e-09 | HF100: 0 | HG100: 2.8628122e-10 | HH100: 8.9294261e-10
C102: Aleatória S2nd | D102: 1 | E102: 2 | F102: 3 | G102: 4 | H102: 5 | I102: 6 | J102: 7 | K102: 8 | L102: 9 | M102: 10 | N102: 11 | O102: 12 | P102: 13 | Q102: 14 | R102: 15 | Y102: Aleatória S2nd | Z102: 1 | AA102: 2 | AB102: 3 | AC102: 4 | AD102: 5 | AE102: 6 | AF102: 7 | AG102: 8 | AH102: 9 | AI102: 10 | AJ102: 11 | AK102: 12 | AL102: 13 | AM102: 14 | AN102: 15 | AU102: Aleatória S2nd | AV102: 1 | AW102: 2 | AX102: 3 | AY102: 4 | AZ102: 5 | BA102: 6 | BB102: 7 | BC102: 8 | BD102: 9 | BE102: 10 | BF102: 11 | BG102: 12 | BH102: 13 | BI102: 14 | BJ102: 15 | BQ102: Aleatória S2nd | BR102: 1 | BS102: 2 | BT102: 3 | BU102: 4 | BV102: 5 | BW102: 6 | BX102: 7 | BY102: 8 | BZ102: 9 | CA102: 10 | CB102: 11 | CC102: 12 | CD102: 13 | CE102: 14 | CF102: 15 | CM102: Aleatória S2nd | CN102: 1 | CO102: 2 | CP102: 3 | CQ102: 4 | CR102: 5 | CS102: 6 | CT102: 7 | CU102: 8 | CV102: 9 | CW102: 10 | CX102: 11 | CY102: 12 | CZ102: 13 | DA102: 14 | DB102: 15 | DI102: Aleatória S2nd | DJ102: 1 | DK102: 2 | DL102: 3 | DM102: 4 | DN102: 5 | DO102: 6 | DP102: 7 | DQ102: 8 | DR102: 9 | DS102: 10 | DT102: 11 | DU102: 12 | DV102: 13 | DW102: 14 | DX102: 15 | EE102: Aleatória S2nd | EF102: 1 | EG102: 2 | EH102: 3 | EI102: 4 | EJ102: 5 | EK102: 6 | EL102: 7 | EM102: 8 | EN102: 9 | EO102: 10 | EP102: 11 | EQ102: 12 | ER102: 13 | ES102: 14 | ET102: 15 | FA102: Aleatória S2nd | FB102: 1 | FC102: 2 | FD102: 3 | FE102: 4 | FF102: 5 | FG102: 6 | FH102: 7 | FI102: 8 | FJ102: 9 | FK102: 10 | FL102: 11 | FM102: 12 | FN102: 13 | FO102: 14 | FP102: 15 | FW102: Aleatória S2nd | FX102: 1 | FY102: 2 | FZ102: 3 | GA102: 4 | GB102: 5 | GC102: 6 | GD102: 7 | GE102: 8 | GF102: 9 | GG102: 10 | GH102: 11 | GI102: 12 | GJ102: 13 | GK102: 14 | GL102: 15 | GS102: Aleatória S2nd | GT102: 1 | GU102: 2 | GV102: 3 | GW102: 4 | GX102: 5 | GY102: 6 | GZ102: 7 | HA102: 8 | HB102: 9 | HC102: 10 | HD102: 11 | HE102: 12 | HF102: 13 | HG102: 14 | HH102: 15
