Workbook
Name Distributors_Stock_Begining: Distributors_stock_balance!$D$10:$F$11
Name Distributors_Stock_Demand: Distributors_stock_balance!$D$16:$F$17
Name Distributors_Stock_Replenishment: Distributors_stock_balance!$D$5:$F$6
Name DistributorsBegStock: Beginning_stock!$AT$25:$AV$26
Name DistributorsCap: Distributors_Cap!$D$13:$F$14
Name DistributorsCost: Distributors!$P$6:$R$7
Name DistributorsDem: Demand!$AU$19:$AW$20
Name DistributorsLeadTime: Distributors!$P$16:$R$17
Name DistributorsNumberBinaryVarY: Distributors_Cap!$D$29:$F$30
Name DistributorsSafetyFactor: Distributors!$P$21:$R$22
Name DistributorsStdDev: Distributors!$P$11:$R$12
Name DistributorsUpperBound: Distributors_Cap!$D$22:$F$23
Name Fac_Qtd_LB: Matlab_Data!$D$98:$F$100
Name Factories_Actual_Min_Stock: Factories_stock_balance!$D$278:$F$280
Name Factories_Actual_RunOutTime: Factories_stock_balance!$D$284:$F$286
Name Factories_Backlog: Factories_stock_balance!$D$254:$F$256
Name Factories_Cap_StdDev: Factories_Cap!$D$9:$F$11
Name Factories_Capacity_Coefficient: Factories_stock_balance!$D$266:$F$268
Name Factories_Coverage_Time: Factories_stock_balance!$D$28:$F$30
Name Factories_Delta: Factories_stock_balance!$D$34:$F$36
Name Factories_Gamma: Factories_stock_balance!$D$45:$F$47
Name Factories_Gross_Base_Stock: Factories_stock_balance!$D$212:$F$214
Name Factories_Max_NumberofCycles: Factories_stock_balance!$D$290:$F$292
Name Factories_Net_Demand: Factories_stock_balance!$D$200:$F$202
Name Factories_Omega: Factories_stock_balance!$D$57:$F$59
Name Factories_Omega1: Factories_stock_balance!$D$110:$F$112
Name Factories_Omega2: Factories_stock_balance!$D$116:$F$118
Name Factories_Omega3: Factories_stock_balance!$D$122:$F$124
Name Factories_Omega4: Factories_stock_balance!$D$140:$F$142
Name Factories_Omega5: Factories_stock_balance!$D$146:$F$148
Name Factories_Omega6: Factories_stock_balance!$D$152:$F$154
Name Factories_Replenishment_Time: Factories_stock_balance!$D$22:$F$24
Name Factories_Rho: Factories_stock_balance!$D$51:$F$53
Name Factories_Runout_Time: Factories_stock_balance!$D$63:$F$65
Name Factories_Safety_Stock: Factories_stock_balance!$D$230:$F$232
Name Factories_Squared_root: Factories_stock_balance!$D$182:$F$184
Name Factories_Stock_Consumption: Factories_stock_balance!$D$248:$F$250
Name Factories_Stock_Recovery: Factories_stock_balance!$D$260:$F$262
Name Factories_Variance_NetDemand_Rate: Factories_stock_balance!$D$218:$F$220
Name Factories_Work_in_process: Factories_WIP!$D$8:$F$10
Name Factories_Zeta: Factories_stock_balance!$D$39:$F$41
Name FactoriesBegStock: Beginning_stock!$AT$15:$AV$17
Name FactoriesCap: Factories_Cap!$D$14:$F$16
Name FactoriesCost: Factories!$I$6:$K$8
Name FactoriesDem: Demand!$AU$11:$AW$13
Name FactoriesLeadTime: Factories!$I$22:$K$24
Name FactoriesLeadTimeStdDev: Factories!$I$27:$K$29
Name FactoriesNumberBinaryVarY: Factories_Cap!$D$61:$F$63
Name FactoriesPlanStock: 'Planned_Beginning_stock '!$AT$15:$AV$17
Name FactoriesStdDev: Factories!$I$17:$K$19
Name FactoriesStdDevVarVar: Fac_Fourth_central_moment_5var!$D$41:$F$43
Name FactoriesUpperBound: Factories_Cap!#REF!
Name InboundServiceTimef: Factories_Cap!$D$39:$F$41
Name InboundServiceTimew: Suppliers_Cap!$D$39:$R$41
Name Maxd: Distributors_Cap!$D$35
Name Maxf: Factories_Cap!#REF!
Name Maxr: Retailers_Cap!$AN$9
Name MaxStkOutd: Distributors_Cap!$R$47
Name MaxStkOutf: Factories_Cap!#REF!
Name MaxStkOutr: Retailers_Cap!$CQ$7

Sheet Matlab_Data_VALOR
C1: SUPPLIERS
C2: demand | D2: 1 | E2: 2 | F2: 3 | G2: 4 | H2: 5 | I2: 6 | J2: 7 | K2: 8 | L2: 9 | M2: 10 | N2: 11 | O2: 12 | P2: 13 | Q2: 14 | R2: 15
C3: 1 | D3: 231.5 | E3: 297.34 | F3: 217.82 | G3: 222.62 | H3: 453.86 | I3: 315.98 | J3: 216.18 | K3: 463.97 | L3: 404.65 | M3: 334.69 | N3: 440.61 | O3: 225.39 | P3: 314.98 | Q3: 305.23 | R3: 541.84
C4: 2 | D4: 358.95 | E4: 308.97 | F4: 264.61 | G4: 343.62 | H4: 399.3 | I4: 433.24 | J4: 310.82 | K4: 234.15 | L4: 302.73 | M4: 304.23 | N4: 278.95 | O4: 403.93 | P4: 327.87 | Q4: 462.67 | R4: 445.18
C5: 3 | D5: 492.88 | E5: 260.36 | F5: 232.33 | G5: 514.32 | H5: 271.63 | I5: 506.16 | J5: 393.21 | K5: 346.58 | L5: 267.82 | M5: 272.81 | N5: 372.8 | O5: 326.64 | P5: 338.03 | Q5: 348.46 | R5: 405.85
B7: Parâmetro p/ μy | C7: Média(E(RLT)) | D7: 1 | E7: 2 | F7: 3 | G7: 4 | H7: 5 | I7: 6 | J7: 7 | K7: 8 | L7: 9 | M7: 10 | N7: 11 | O7: 12 | P7: 13 | Q7: 14 | R7: 15
B8: LB e DesvPad(ND*RLT) | C8: 1 | D8: 9.45 | E8: 14.92 | F8: 14.79 | G8: 17.69 | H8: 14.79 | I8: 14.31 | J8: 10.15 | K8: 14.45 | L8: 12.52 | M8: 11.45 | N8: 13.36 | O8: 13.38 | P8: 14.59 | Q8: 14.28 | R8: 16.04
B9: LB e DesvPad(ND*RLT) | C9: 2 | D9: 13.11 | E9: 17.64 | F9: 11.65 | G9: 20.06 | H9: 11.73 | I9: 15.92 | J9: 12.08 | K9: 15.93 | L9: 10.8 | M9: 13.12 | N9: 12.44 | O9: 15.71 | P9: 19.48 | Q9: 17.94 | R9: 13.48
B10: LB e DesvPad(ND*RLT) | C10: 3 | D10: 18.26 | E10: 19.27 | F10: 20.64 | G10: 13.97 | H10: 13.78 | I10: 17.6 | J10: 12.66 | K10: 13.15 | L10: 16.36 | M10: 15.94 | N10: 10.35 | O10: 14.02 | P10: 14.06 | Q10: 12.12 | R10: 12.77
C12: Cap | D12: 1 | E12: 2 | F12: 3 | G12: 4 | H12: 5 | I12: 6 | J12: 7 | K12: 8 | L12: 9 | M12: 10 | N12: 11 | O12: 12 | P12: 13 | Q12: 14 | R12: 15
C13: 1 | D13: 304.6 | E13: 336.22 | F13: 367.37 | G13: 330.6 | H13: 407.16 | I13: 209.81 | J13: 353.15 | K13: 325.44 | L13: 303.38 | M13: 363.91 | N13: 423.84 | O13: 250.7 | P13: 253.28 | Q13: 216.52 | R13: 388.77
C14: 2 | D14: 288.68 | E14: 254.58 | F14: 333.83 | G14: 569.96 | H14: 363.61 | I14: 359.54 | J14: 304.66 | K14: 312.17 | L14: 379.11 | M14: 233.3 | N14: 387.92 | O14: 330.06 | P14: 266.36 | Q14: 408.27 | R14: 358.07
C15: 3 | D15: 327.67 | E15: 359.24 | F15: 403.54 | G15: 415.74 | H15: 368.14 | I15: 306.54 | J15: 220.2 | K15: 408.05 | L15: 398.03 | M15: 305.5 | N15: 241.55 | O15: 315.53 | P15: 436.88 | Q15: 393.14 | R15: 327.17
B17: Parâmetro p/ μx | C17: Var(d-cap) | D17: 1 | E17: 2 | F17: 3 | G17: 4 | H17: 5 | I17: 6 | J17: 7 | K17: 8 | L17: 9 | M17: 10 | N17: 11 | O17: 12 | P17: 13 | Q17: 14 | R17: 15
B18: LB | C18: 1 | H18: 495,6908 | I18: 191.8181 | K18: 428.2391 | L18: 341.0413 | N18: 498.37 | P18: 217.8175 | Q18: 186.7283 | R18: 592.9769
B19: LB | C19: 2 | D19: 282,9083 | E19: 213,6979 | H19: 388,8702 | I19: 422.6212 | J19: 252.569 | M19: 195.9797 | O19: 362.7987 | P19: 237.9285 | Q19: 507.6638 | R19: 435.1991
B20: LB | C20: 3 | D20: 467,0644 | G20: 583,1530 | I20: 466.8862 | J20: 270.8028 | N20: 263.1016 | O20: 275.0038 | R20: 362.3392
B22: Parâmetro p/ σx | C22: Desvpad(Var(S2nd)) | D22: 1 | E22: 2 | F22: 3 | G22: 4 | H22: 5 | I22: 6 | J22: 7 | K22: 8 | L22: 9 | M22: 10 | N22: 11 | O22: 12 | P22: 13 | Q22: 14 | R22: 15
B23: LB | C23: 1 | H23: 277.3852 | I23: 114.4701 | K23: 251.6818 | L23: 197.052 | N23: 277.4759 | P23: 123.9421 | Q23: 109.4126 | R23: 346.4116
B24: LB | C24: 2 | D24: 160.9752 | E24: 121.0452 | H24: 217.2882 | I24: 239.086 | J24: 140.5445 | M24: 112.6414 | O24: 205.8108 | P24: 135.1195 | Q24: 284.6164 | R24: 247.6234
B25: LB | C25: 3 | D25: 278.6301 | G25: 331.4884 | I25: 286.2747 | J25: 169.9887 | N25: 158.1255 | O25: 153.0895 | R25: 206.0767
B27: Parâmetro p/ σy | C27: DesvPad(Var(E(RLT))) | D27: 1 | E27: 2 | F27: 3 | G27: 4 | H27: 5 | I27: 6 | J27: 7 | K27: 8 | L27: 9 | M27: 10 | N27: 11 | O27: 12 | P27: 13 | Q27: 14 | R27: 15
B28: LB e DesvPad(ND*RLT) | C28: 1 | D28: 0.3449 | E28: 0.5447 | F28: 0.54 | G28: 0.6459 | H28: 0.54 | I28: 0.5224 | J28: 0.3705 | K28: 0.5276 | L28: 0.4571 | M28: 0.418 | N28: 0.4877 | O28: 0.4884 | P28: 0.5327 | Q28: 0.5213 | R28: 0.5856
B29: LB e DesvPad(ND*RLT) | C29: 2 | D29: 0.4786 | E29: 0.644 | F29: 0.4253 | G29: 0.7324 | H29: 0.4282 | I29: 0.5812 | J29: 0.441 | K29: 0.5816 | L29: 0.3943 | M29: 0.479 | N29: 0.4542 | O29: 0.5735 | P29: 0.7112 | Q29: 0.655 | R29: 0.4921
B30: LB e DesvPad(ND*RLT) | C30: 3 | D30: 0.6667 | E30: 0.7036 | F30: 0.7536 | G30: 0.51 | H30: 0.503 | I30: 0.6426 | J30: 0.4622 | K30: 0.4801 | L30: 0.5973 | M30: 0.5819 | N30: 0.3778 | O30: 0.5118 | P30: 0.5133 | Q30: 0.4424 | R30: 0.4662
B32: Parâmetro p/ μx | C32: Média(d-Cap) | D32: 1 | E32: 2 | F32: 3 | G32: 4 | H32: 5 | I32: 6 | J32: 7 | K32: 8 | L32: 9 | M32: 10 | N32: 11 | O32: 12 | P32: 13 | Q32: 14 | R32: 15
B33: DesvPad(ND*RLT) | C33: 1 | D33: -73.1 | E33: -38.88 | F33: -149.55 | G33: -107.98 | H33: 46.7 | I33: 106.17 | J33: -136.97 | K33: 138.53 | L33: 101.27 | M33: -29.22 | N33: 16.77 | O33: -25.31 | P33: 61.7 | Q33: 88.71 | R33: 153.07
B34: DesvPad(ND*RLT) | C34: 2 | D34: 70.27 | E34: 54.39 | F34: -69.22 | G34: -226.34 | H34: 35.69 | I34: 73.7 | J34: 6.16 | K34: -78.02 | L34: -76.38 | M34: 70.93 | N34: -108.97 | O34: 73.87 | P34: 61.51 | Q34: 54.4 | R34: 87.11
B35: DesvPad(ND*RLT) | C35: 3 | D35: 165.21 | E35: -98.88 | F35: -171.21 | G35: 98.58 | H35: -96.51 | I35: 199.62 | J35: 173.01 | K35: -61.47 | L35: -130.21 | M35: -32.69 | N35: 131.25 | O35: 11.11 | P35: -98.85 | Q35: -44.68 | R35: 78.68
B37: Parâmetro p/ σx | C37: DesvPad(Var(d-cap)) | D37: 1 | E37: 2 | F37: 3 | G37: 4 | H37: 5 | I37: 6 | J37: 7 | K37: 8 | L37: 9 | M37: 10 | N37: 11 | O37: 12 | P37: 13 | Q37: 14 | R37: 15
B38: DesvPad(ND*RLT) | C38: 1 | D38: 0 | E38: 0 | F38: 0 | G38: 0 | H38: 22.264115 | I38: 13.849841 | J38: 0 | K38: 20.693939 | L38: 18.467304 | M38: 0 | N38: 22.324202 | O38: 0 | P38: 14.758642 | Q38: 13.664856 | R38: 24.351117
B39: DesvPad(ND*RLT) | C39: 2 | D39: 16.819878 | E39: 14.61841 | F39: 0 | G39: 0 | H39: 19.719792 | I39: 20.557753 | J39: 15.89242 | K39: 0 | L39: 0 | M39: 13.999275 | N39: 0 | O39: 19.047275 | P39: 15.424931 | Q39: 22.531396 | R39: 20.861426
B40: DesvPad(ND*RLT) | C40: 3 | D40: 21.611673 | E40: 0 | F40: 0 | G40: 24.148561 | H40: 0 | I40: 21.60755 | J40: 16.456087 | K40: 0 | L40: 0 | M40: 0 | N40: 16.220407 | O40: 16.583239 | P40: 0 | Q40: 0 | R40: 19.035209
C42: Prob1 | D42: 0.98
C44: LB | D44: 1 | E44: 2 | F44: 3 | G44: 4 | H44: 5 | I44: 6 | J44: 7 | K44: 8 | L44: 9 | M44: 10 | N44: 11 | O44: 12 | P44: 13 | Q44: 14 | R44: 15
C45: 1 | D45: -40028922 | E45: 0 | F45: -40028922 | G45: 0 | H45: 15818.302 | I45: 6132.0093 | J45: 0 | K45: 13708.849 | L45: 9372.3396 | M45: 0 | N45: -40028922 | O45: 0 | P45: 6918.3969 | Q45: 5897.5627 | R45: 21002.39
C46: 2 | D46: 8074.1812 | E46: 8186.4463 | F46: 0 | G46: 0 | H46: 9834.2635 | I46: 14601.568 | J46: 6563.4316 | K46: 0 | L46: 0 | M46: 5627.9126 | N46: 0 | O46: 12387.656 | P46: 10079.393 | Q46: 19670.323 | R46: 12770.938
C47: 3 | D47: 19048.847 | E47: 0 | F47: 0 | G47: 17725.552 | H47: 0 | I47: 18633.411 | J47: 7876.7163 | K47: 0 | L47: 0 | M47: 0 | N47: 6106.9843 | O47: 8295.8778 | P47: 0 | Q47: 0 | R47: 10070.459
C49: DesvPad(ND*ELT) | D49: 1 | E49: 2 | F49: 3 | G49: 4 | H49: 5 | I49: 6 | J49: 7 | K49: 8 | L49: 9 | M49: 10 | N49: 11 | O49: 12 | P49: 13 | Q49: 14 | R49: 15
C50: 1 | D50: -40028922 | E50: 0 | F50: -40028922 | G50: 0 | H50: 89.3519 | I50: 58.127 | J50: 0 | K50: 86.0169 | L50: 70.3036 | M50: 0 | N50: 84.7408 | O50: 0 | P50: 59.7737 | Q50: 56.3029 | R50: 106.0337
C51: 2 | D51: 223.0756 | E51: 64.8184 | F51: 0 | G51: 0 | H51: 70.3806 | I51: 86.4921 | J51: 57.3334 | K51: 0 | L51: 0 | M51: 54.2832 | N51: 0 | O51: 79.8168 | P51: 72.0508 | Q51: 99.7673 | R51: 81.2089
C52: 3 | D52: 102.4257 | E52: 0 | F52: 0 | G52: 95.6105 | H52: 0 | I52: 103.1899 | J52: 68.1494 | K52: 0 | L52: 0 | M52: 0 | N52: 58.2861 | O52: 64.4752 | P52: 0 | Q52: 0 | R52: 72.0919
C54: FACTORIES
C55: demand | D55: 16 | E55: 17 | F55: 18
C56: 4 | D56: 1894.6 | E56: 1607.87 | F56: 1829.53
C57: 5 | D57: 1303.06 | E57: 1484.38 | F57: 1783.87
C58: 6 | D58: 1377.91 | E58: 1520.56 | F58: 1301.6
B60: Parâmetro p/ μy | C60: Média(E(RLT)) | D60: 16 | E60: 17 | F60: 18
B61: LB e DesvPad(ND*RLT) | C61: 4 | D61: 4.889 | E61: 6.521 | F61: 4.091
B62: LB e DesvPad(ND*RLT) | C62: 5 | D62: 3.548 | E62: 6.734 | F62: 4.237
B63: LB e DesvPad(ND*RLT) | C63: 6 | D63: 4.35 | E63: 5.496 | F63: 4.967
C65: Cap | D65: 16 | E65: 17 | F65: 18
C66: 4 | D66: 1390.95 | E66: 1437.58 | F66: 1688.77
C67: 5 | D67: 1503.1 | E67: 1294.01 | F67: 2188.83
C68: 6 | D68: 1709.45 | E68: 1169.55 | F68: 2274.49
B70: Parâmetro p/ μx | C70: Var(d-cap) | D70: 16 | E70: 17 | F70: 18
B71: LB | C71: 4 | D71: 7365,6680 | E71: 6202,5095 | F71: 8265,4988
B72: LB | C72: 5 | E72: 5170,4611
B73: LB | C73: 6 | E73: 4906,5998
B75: Parâmetro p/ σx | C75: Desvpad(Var(S2nd)) | D75: 16 | E75: 17 | F75: 18
B76: LB | C76: 4 | D76: 4277,7774 | E76: 3472,1356 | F76: 4613,1497
B77: LB | C77: 5 | E77: 2903,2134
B78: LB | C78: 6 | E78: 2818,2132
B80: Parâmetro p/ σy | C80: DesvPadVar(E(RLT)) | D80: 16 | E80: 17 | F80: 18
B81: LB e DesvPad(ND*RLT) | C81: 4 | D81: 0.1783 | E81: 0.2379 | F81: 0.1493
B82: LB e DesvPad(ND*RLT) | C82: 5 | D82: 0.1292 | E82: 0.2457 | F82: 0.1545
B83: LB e DesvPad(ND*RLT) | C83: 6 | D83: 0.1587 | E83: 0.2004 | F83: 0.1811
B85: Parâmetro p/ μx | C85: Média(d-Cap) | D85: 16 | E85: 17 | F85: 18
B86: DesvPad(ND*RLT) | C86: 4 | D86: 503.65 | E86: 170.29 | F86: 140.76
B87: DesvPad(ND*RLT) | C87: 5 | D87: -200.04 | E87: 190.37 | F87: -404.96
B88: DesvPad(ND*RLT) | C88: 6 | D88: -331.54 | E88: 351.01 | F88: -972.89
B90: Parâmetro p/ σx | C90: DesvPad(Var(d-cap)) | D90: 16 | E90: 17 | F90: 18
B91: DesvPad(ND*RLT) | C91: 4 | D91: 85.82347 | E91: 78.756012 | F91: 90.914789
B92: DesvPad(ND*RLT) | C92: 5 | D92: 0 | E92: 71.905918 | F92: 0
B93: DesvPad(ND*RLT) | C93: 6 | D93: 0 | E93: 70.047126 | F93: 0
C95: Prob1 | D95: 0.98
C97: LB | D97: 16 | E97: 17 | F97: 18
C98: 4 | D98: 79279.53 | E98: 87272.457 | F98: 72838.994
C99: 5 | E99: 75216.293
C100: 6 | E100: 59044.691
C102: DesvPad(ND*ELT) | D102: 16 | E102: 17 | F102: 18
C103: 4 | D103: 205.1894 | E103: 209.9278 | F103: 191.3891
C104: 5 | D104: 0 | E104: 195.2975 | F104: 0
C105: 6 | D105: 0 | E105: 175.744 | F105: 0

Sheet Estado da arte_VALOR
C1: SUPPLIERS
B2: Parâmetros p/ | C2: demand | D2: 1 | E2: 2 | F2: 3 | G2: 4 | H2: 5 | I2: 6 | J2: 7 | K2: 8 | L2: 9 | M2: 10 | N2: 11 | O2: 12 | P2: 13 | Q2: 14 | R2: 15
B3: Prob(D*ELT) | C3: 1 | D3: 231.5 | E3: 297.34 | F3: 217.82 | G3: 222.62 | H3: 453.86 | I3: 315.98 | J3: 216.18 | K3: 463.97 | L3: 404.65 | M3: 334.69 | N3: 440.61 | O3: 225.39 | P3: 314.98 | Q3: 305.23 | R3: 541.84
B4: Prob(D*ELT) | C4: 2 | D4: 358.95 | E4: 308.97 | F4: 264.61 | G4: 343.62 | H4: 399.3 | I4: 433.24 | J4: 310.82 | K4: 234.15 | L4: 302.73 | M4: 304.23 | N4: 278.95 | O4: 403.93 | P4: 327.87 | Q4: 462.67 | R4: 445.18
B5: Prob(D*ELT) | C5: 3 | D5: 492.88 | E5: 260.36 | F5: 232.33 | G5: 514.32 | H5: 271.63 | I5: 506.16 | J5: 393.21 | K5: 346.58 | L5: 267.82 | M5: 272.81 | N5: 372.8 | O5: 326.64 | P5: 338.03 | Q5: 348.46 | R5: 405.85
A6: CV
A7: 0.2 | B7: Parâmetros | C7: DesvPad(demand) | D7: 1 | E7: 2 | F7: 3 | G7: 4 | H7: 5 | I7: 6 | J7: 7 | K7: 8 | L7: 9 | M7: 10 | N7: 11 | O7: 12 | P7: 13 | Q7: 14 | R7: 15
B8: Prob(D*ELT) | C8: 1 | D8: 46.3 | E8: 59.468 | F8: 43.564 | G8: 44.524 | H8: 90.772 | I8: 63.196 | J8: 43.236 | K8: 92.794 | L8: 80.93 | M8: 66.938 | N8: 88.122 | O8: 45.078 | P8: 62.996 | Q8: 61.046 | R8: 108.368
B9: Prob(D*ELT) | C9: 2 | D9: 71.79 | E9: 61.794 | F9: 52.922 | G9: 68.724 | H9: 79.86 | I9: 86.648 | J9: 62.164 | K9: 46.83 | L9: 60.546 | M9: 60.846 | N9: 55.79 | O9: 80.786 | P9: 65.574 | Q9: 92.534 | R9: 89.036
B10: Prob(D*ELT) | C10: 3 | D10: 98.576 | E10: 52.072 | F10: 46.466 | G10: 102.864 | H10: 54.326 | I10: 101.232 | J10: 78.642 | K10: 69.316 | L10: 53.564 | M10: 54.562 | N10: 74.56 | O10: 65.328 | P10: 67.606 | Q10: 69.692 | R10: 81.17
B12: Parâmetros | C12: Média(E(RLT)) | D12: 1 | E12: 2 | F12: 3 | G12: 4 | H12: 5 | I12: 6 | J12: 7 | K12: 8 | L12: 9 | M12: 10 | N12: 11 | O12: 12 | P12: 13 | Q12: 14 | R12: 15
B13: Prob(D*ELT) | C13: 1 | D13: 9.45 | E13: 14.92 | F13: 14.79 | G13: 17.69 | H13: 14.79 | I13: 14.31 | J13: 10.15 | K13: 14.45 | L13: 12.52 | M13: 11.45 | N13: 13.36 | O13: 13.38 | P13: 14.59 | Q13: 14.28 | R13: 16.04
B14: Prob(D*ELT) | C14: 2 | D14: 13.11 | E14: 17.64 | F14: 11.65 | G14: 20.06 | H14: 11.73 | I14: 15.92 | J14: 12.08 | K14: 15.93 | L14: 10.8 | M14: 13.12 | N14: 12.44 | O14: 15.71 | P14: 19.48 | Q14: 17.94 | R14: 13.48
B15: Prob(D*ELT) | C15: 3 | D15: 18.26 | E15: 19.27 | F15: 20.64 | G15: 13.97 | H15: 13.78 | I15: 17.6 | J15: 12.66 | K15: 13.15 | L15: 16.36 | M15: 15.94 | N15: 10.35 | O15: 14.02 | P15: 14.06 | Q15: 12.12 | R15: 12.77
A17: CV | B17: Parâmetros | C17: DesvPad(E(RLT)) | D17: 1 | E17: 2 | F17: 3 | G17: 4 | H17: 5 | I17: 6 | J17: 7 | K17: 8 | L17: 9 | M17: 10 | N17: 11 | O17: 12 | P17: 13 | Q17: 14 | R17: 15
A18: 0.2 | B18: Prob(D*ELT) | C18: 1 | D18: 1.89 | E18: 2.984 | F18: 2.958 | G18: 3.538 | H18: 2.958 | I18: 2.862 | J18: 2.03 | K18: 2.89 | L18: 2.504 | M18: 2.29 | N18: 2.672 | O18: 2.676 | P18: 2.918 | Q18: 2.856 | R18: 3.208
B19: Prob(D*ELT) | C19: 2 | D19: 2.622 | E19: 3.528 | F19: 2.33 | G19: 4.012 | H19: 2.346 | I19: 3.184 | J19: 2.416 | K19: 3.186 | L19: 2.16 | M19: 2.624 | N19: 2.488 | O19: 3.142 | P19: 3.896 | Q19: 3.588 | R19: 2.696
B20: Prob(D*ELT) | C20: 3 | D20: 3.652 | E20: 3.854 | F20: 4.128 | G20: 2.794 | H20: 2.756 | I20: 3.52 | J20: 2.532 | K20: 2.63 | L20: 3.272 | M20: 3.188 | N20: 2.07 | O20: 2.804 | P20: 2.812 | Q20: 2.424 | R20: 2.554
C23: z | D23: 2.06
C25: DesvPad | D25: 1 | E25: 2 | F25: 3 | G25: 4 | H25: 5 | I25: 6 | J25: 7 | K25: 8 | L25: 9 | M25: 10 | N25: 11 | O25: 12 | P25: 13 | Q25: 14 | R25: 15
C26: 1 | D26: 460.10297 | E26: 916.51436 | F26: 665.73732 | G26: 809.58554 | H26: 1387.1616 | I26: 935.39922 | J26: 459.95566 | K26: 1386.4942 | L26: 1052.9313 | M26: 799.2086 | N26: 1220.5759 | O26: 625.27655 | P26: 950.08766 | Q26: 901.74344 | R26: 1791.5875
C27: 2 | D27: 976.40233 | E27: 1120.5173 | F27: 642.4576 | G27: 1412.5476 | H27: 975.87123 | I27: 1422.1004 | J27: 781.40519 | K27: 769.06053 | L27: 683.49972 | M27: 828.16391 | N27: 721.38347 | O27: 1308.9179 | P27: 1309.7582 | Q27: 1705.6996 | R27: 1243.9269
C28: 3 | D28: 1848.6288 | E28: 1029.1342 | F28: 982.01645 | G28: 1487.5532 | H28: 775.29959 | I28: 1831.6 | J28: 1034.1815 | K28: 945.52843 | L28: 902.69183 | M28: 896.58433 | N28: 808.11656 | O28: 948 | P28: 983.76278 | Q28: 878.82248 | R28: 1076.361
C30: Média(Demand*ELT) | D30: 1 | E30: 2 | F30: 3 | G30: 4 | H30: 5 | I30: 6 | J30: 7 | K30: 8 | L30: 9 | M30: 10 | N30: 11 | O30: 12 | P30: 13 | Q30: 14 | R30: 15
C31: 1 | D31: 2187.675 | E31: 4436.3128 | F31: 3221.5578 | G31: 3938.1478 | H31: 6712.5894 | I31: 4521.6738 | J31: 2194.227 | K31: 6704.3665 | L31: 5066.218 | M31: 3832.2005 | N31: 5886.5496 | O31: 3015.7182 | P31: 4595.5582 | Q31: 4358.6844 | R31: 8691.1136
C32: 2 | D32: 4705.8345 | E32: 5450.2308 | F32: 3082.7065 | G32: 6893.0172 | H32: 4683.789 | I32: 6897.1808 | J32: 3754.7056 | K32: 3730.0095 | L32: 3269.484 | M32: 3991.4976 | N32: 3470.138 | O32: 6345.7403 | P32: 6386.9076 | Q32: 8300.2998 | R32: 6001.0264
C33: 3 | D33: 8999.9888 | E33: 5017.1372 | F33: 4795.2912 | G33: 7185.0504 | H33: 3743.0614 | I33: 8908.416 | J33: 4978.0386 | K33: 4557.527 | L33: 4381.5352 | M33: 4348.5914 | N33: 3858.48 | O33: 4579.4928 | P33: 4752.7018 | Q33: 4223.3352 | R33: 5182.7045
B35: Parâmetro p/ c | C35: Reposição | D35: 1 | E35: 2 | F35: 3 | G35: 4 | H35: 5 | I35: 6 | J35: 7 | K35: 8 | L35: 9 | M35: 10 | N35: 11 | O35: 12 | P35: 13 | Q35: 14 | R35: 15
B36: Prob(D*ELT) | C36: 1 | D36: 3135.4871 | E36: 6324.3324 | F36: 4592.9767 | G36: 5605.894 | H36: 9570.1423 | I36: 6448.5962 | J36: 3141.7356 | K36: 9560.5446 | L36: 7235.2566 | M36: 5478.5702 | N36: 8400.936 | O36: 4303.7879 | P36: 6552.7388 | Q36: 6216.2759 | R36: 12381.784
B37: Prob(D*ELT) | C37: 2 | D37: 6717.2233 | E37: 7758.4964 | F37: 4406.1692 | G37: 9802.8652 | H37: 6694.0837 | I37: 9826.7076 | J37: 5364.4003 | K37: 5314.2742 | L37: 4677.4934 | M37: 5697.5152 | N37: 4956.1879 | O37: 9042.1113 | P37: 9085.0095 | Q37: 11814.041 | R37: 8563.5159
B38: Prob(D*ELT) | C38: 3 | D38: 12808.164 | E38: 7137.1536 | F38: 6818.2451 | G38: 10249.41 | H38: 5340.1786 | I38: 12681.512 | J38: 7108.4524 | K38: 6505.3156 | L38: 6241.0804 | M38: 6195.5551 | N38: 5523.2001 | O38: 6532.3728 | P38: 6779.2531 | Q38: 6033.7095 | R38: 7400.0082
C40: P(Reposição) | D40: 1 | E40: 2 | F40: 3 | G40: 4 | H40: 5 | I40: 6 | J40: 7 | K40: 8 | L40: 9 | M40: 10 | N40: 11 | O40: 12 | P40: 13 | Q40: 14 | R40: 15
C41: 1
C42: 2
C43: 3
C45: Factories
B46: Parâmetros p/ | C46: demand | D46: 16 | E46: 17 | F46: 18
B47: Prob(D*ELT) | C47: 4 | D47: 1894.6 | E47: 1607.87 | F47: 1829.53
B48: Prob(D*ELT) | C48: 5 | D48: 1303.06 | E48: 1484.38 | F48: 1783.87
B49: Prob(D*ELT) | C49: 6 | D49: 1377.91 | E49: 1520.56 | F49: 1301.6
B51: Parâmetros | C51: DesvPad(demand) | D51: 16 | E51: 17 | F51: 18
B52: Prob(D*ELT) | C52: 4 | D52: 378.92 | E52: 321.574 | F52: 365.906
B53: Prob(D*ELT) | C53: 5 | D53: 260.612 | E53: 296.876 | F53: 356.774
B54: Prob(D*ELT) | C54: 6 | D54: 275.582 | E54: 304.112 | F54: 260.32
B56: Parâmetros | C56: Média(E(RLT)) | D56: 16 | E56: 17 | F56: 18
B57: Prob(D*ELT) | C57: 4 | D57: 4.889 | E57: 6.521 | F57: 4.091
B58: Prob(D*ELT) | C58: 5 | D58: 3.548 | E58: 6.734 | F58: 4.237
B59: Prob(D*ELT) | C59: 6 | D59: 4.35 | E59: 5.496 | F59: 4.967
B61: Parâmetros | C61: DesvPad(E(RLT)) | D61: 16 | E61: 17 | F61: 18
B62: Prob(D*ELT) | C62: 4 | D62: 0.9778 | E62: 1.3042 | F62: 0.8182
B63: Prob(D*ELT) | C63: 5 | D63: 0.7096 | E63: 1.3468 | F63: 0.8474
B64: Prob(D*ELT) | C64: 6 | D64: 0.87 | E64: 1.0992 | F64: 0.9934
C67: z | D67: 2.06
C69: DesvPad | D69: 16 | E69: 17 | F69: 18
C70: 4 | D70: 2033.1917 | E70: 2252.0386 | F70: 1669.8821
C71: 5 | D71: 1046.8789 | E71: 2142.465 | F71: 1680.5975
C72: 6 | D72: 1329.4511 | E72: 1817.1046 | F72: 1417.2049
C74: Média(Demand*ELT) | D74: 16 | E74: 17 | F74: 18
C75: 4 | D75: 9262.6994 | E75: 10484.92 | F75: 7484.6072
C76: 5 | D76: 4623.2569 | E76: 9995.8149 | F76: 7558.2572
C77: 6 | D77: 5993.9085 | E77: 8356.9978 | F77: 6465.0472
B79: Parâmetro p/ c | C79: Reposição | D79: 16 | E79: 17 | F79: 18
B80: Prob(D*ELT) | C80: 4 | D80: 13451.074 | E80: 15124.12 | F80: 10924.564
B81: Prob(D*ELT) | C81: 5 | D81: 6779.8274 | E81: 14409.293 | F81: 11020.288
B82: Prob(D*ELT) | C82: 6 | D82: 8732.5778 | E82: 12100.233 | F82: 9384.4892
C84: P(Reposição) | D84: 16 | E84: 17 | F84: 18
C85: 4
C86: 5
C87: 6

Sheet Main_variables_VALOR
C1: SUPPLIERS | D1: Objective | E1: 3543387.1
C2: P(Reorder) | D2: 1 | E2: 2 | F2: 3 | G2: 4 | H2: 5 | I2: 6 | J2: 7 | K2: 8 | L2: 9 | M2: 10 | N2: 11 | O2: 12 | P2: 13 | Q2: 14 | R2: 15
C3: 1
C4: 2
C5: 3
C7: Reorder | D7: 1 | E7: 2 | F7: 3 | G7: 4 | H7: 5 | I7: 6 | J7: 7 | K7: 8 | L7: 9 | M7: 10 | N7: 11 | O7: 12 | P7: 13 | Q7: 14 | R7: 15
C8: 1 | D8: 0 | E8: 0 | F8: 0 | G8: 0 | H8: 1168.693 | I8: 1817.2927 | J8: 0 | K8: 2446.7585 | L8: 1635.9004 | M8: 0 | N8: 0 | O8: 0 | P8: 1216.203 | Q8: 1558.7788 | R8: 3007.2428
C9: 2 | D9: 1262.2397 | E9: 1303.4396 | F9: 0 | G9: 0 | H9: 0 | I9: 1632.304 | J9: 0 | K9: 0 | L9: 0 | M9: 1215.6016 | N9: 0 | O9: 1583.4977 | P9: 1579.2148 | Q9: 1508.936 | R9: 1603.2428
C10: 3 | D10: 3540.7346 | E10: 0 | F10: 0 | G10: 1883.1626 | H10: 0 | I10: 4031.312 | J10: 2527.3066 | K10: 0 | L10: 0 | M10: 0 | N10: 1655.4375 | O10: 0 | P10: 0 | Q10: 0 | R10: 1385.7436
C12: Var(Var(d)) | D12: 1 | E12: 2 | F12: 3 | G12: 4 | H12: 5 | I12: 6 | J12: 7 | K12: 8 | L12: 9 | M12: 10 | N12: 11 | O12: 12 | P12: 13 | Q12: 14 | R12: 15
C13: 1 | D13: 2844775.6 | E13: 7742075.2 | F13: 2229641.4 | G13: 2432768.1 | H13: 42027317 | I13: 9873756.6 | J13: 2163246.7 | K13: 45899044 | L13: 26555973 | M13: 12428393 | N13: 37330296 | O13: 2556127.9 | P13: 9749356.5 | Q13: 8597118.3 | R13: 85374523
C14: 2 | D14: 16442955 | E14: 9026290 | F14: 4855892.1 | G14: 13808858 | H14: 25179163 | I14: 34894600 | J14: 9244423.7 | K14: 2977286.9 | L14: 8318899.5 | M14: 8485006.6 | N14: 5997213.4 | O14: 26367470 | P14: 11445921 | Q14: 45386782 | R14: 38903315
C15: 3 | D15: 58453271 | E15: 4551358.7 | F15: 2885793.1 | G15: 69307093 | H15: 5392062.9 | I15: 65012269 | J15: 23677849 | K15: 14290849 | L15: 5095842.9 | M15: 5486371 | N15: 19131440 | O15: 11275128 | P15: 12931980 | Q15: 14603460 | R15: 26872387
C17: Var(Var(Cap)) | D17: 1 | E17: 2 | F17: 3 | G17: 4 | H17: 5 | I17: 6 | J17: 7 | K17: 8 | L17: 9 | M17: 10 | N17: 11 | O17: 12 | P17: 13 | Q17: 14 | R17: 15
C18: 1 | D18: 8526359.4 | E18: 12657216 | F18: 18040924 | G18: 11831926 | H18: 27221024 | I18: 1919326 | J18: 15405680 | K18: 11110350 | L18: 8390576.7 | M18: 17370807 | N18: 31963314 | O18: 3912563.3 | P18: 4076126.2 | Q18: 2176888.1 | R18: 22626377
C19: 2 | D19: 6878770.2 | E19: 4160458.1 | F19: 12301143 | G19: 1.0452533e+08 | H19: 17313597 | I19: 16551330 | J19: 8533079.4 | K19: 9406080.4 | L19: 20459970 | M19: 2934289.7 | N19: 22429145 | O19: 11754810 | P19: 4985629.9 | Q19: 27519080 | R19: 16282301
C20: 3 | D20: 11418019 | E20: 16496157 | F20: 26265785 | G20: 29589068 | H20: 18192654 | I20: 8745661 | J20: 2328698.7 | K20: 27459813 | L20: 24860351 | M20: 8627578.1 | N20: 3371880.8 | O20: 9817630 | P20: 36082173 | Q20: 23660993 | R20: 11348486
C22: CV | D22: 1 | E22: 2 | F22: 3 | G22: 4 | H22: 5 | I22: 6 | J22: 7 | K22: 8 | L22: 9 | M22: 10 | N22: 11 | O22: 12 | P22: 13 | Q22: 14 | R22: 15
C23: 1 | D23: 0.2 | E23: 0.2 | F23: 0.2 | G23: 0.2 | H23: 0.2 | I23: 0.2 | J23: 0.2 | K23: 0.2 | L23: 0.2 | M23: 0.2 | N23: 0.2 | O23: 0.2 | P23: 0.2 | Q23: 0.2 | R23: 0.2
C24: 2 | D24: 0.2 | E24: 0.2 | F24: 0.2 | G24: 0.2 | H24: 0.2 | I24: 0.2 | J24: 0.2 | K24: 0.2 | L24: 0.2 | M24: 0.2 | N24: 0.2 | O24: 0.2 | P24: 0.2 | Q24: 0.2 | R24: 0.2
C25: 3 | D25: 0.2 | E25: 0.2 | F25: 0.2 | G25: 0.2 | H25: 0.2 | I25: 0.2 | J25: 0.2 | K25: 0.2 | L25: 0.2 | M25: 0.2 | N25: 0.2 | O25: 0.2 | P25: 0.2 | Q25: 0.2 | R25: 0.2
C27: Planned Stock | D27: 1 | E27: 2 | F27: 3 | G27: 4 | H27: 5 | I27: 6 | J27: 7 | K27: 8 | L27: 9 | M27: 10 | N27: 11 | O27: 12 | P27: 13 | Q27: 14 | R27: 15
C28: 1 | D28: 1 | E28: 1 | F28: 1 | G28: 1 | H28: 1 | I28: 1 | J28: 1 | K28: 1 | L28: 1 | M28: 1 | N28: 1 | O28: 1 | P28: 1 | Q28: 1 | R28: 1
C29: 2 | D29: 1 | E29: 1 | F29: 1 | G29: 1 | H29: 1 | I29: 1 | J29: 1 | K29: 1 | L29: 1 | M29: 1 | N29: 1 | O29: 1 | P29: 1 | Q29: 1 | R29: 1
C30: 3 | D30: 1 | E30: 1 | F30: 1 | G30: 1 | H30: 1 | I30: 1 | J30: 1 | K30: 1 | L30: 1 | M30: 1 | N30: 1 | O30: 1 | P30: 1 | Q30: 1 | R30: 1
C32: Variance coeff - z(S2nd) | D32: 1 | E32: 2 | F32: 3 | G32: 4 | H32: 5 | I32: 6 | J32: 7 | K32: 8 | L32: 9 | M32: 10 | N32: 11 | O32: 12 | P32: 13 | Q32: 14 | R32: 15
C33: 1 | D33: 1.7057377 | E33: 1.7057377 | F33: 1.7057377 | G33: 1.7057377 | H33: 1.7057377 | I33: 1.7057377 | J33: 1.7057377 | K33: 1.7057377 | L33: 1.7057377 | M33: 1.7057377 | N33: 1.7057377 | O33: 1.7057377 | P33: 1.7057377 | Q33: 1.7057377 | R33: 1.7057377
C34: 2 | D34: 1.7057377 | E34: 1.7057377 | F34: 1.7057377 | G34: 1.7057377 | H34: 1.7057377 | I34: 1.7057377 | J34: 1.7057377 | K34: 1.7057377 | L34: 1.7057377 | M34: 1.7057377 | N34: 1.7057377 | O34: 1.7057377 | P34: 1.7057377 | Q34: 1.7057377 | R34: 1.7057377
C35: 3 | D35: 1.7057377 | E35: 1.7057377 | F35: 1.7057377 | G35: 1.7057377 | H35: 1.7057377 | I35: 1.7057377 | J35: 1.7057377 | K35: 1.7057377 | L35: 1.7057377 | M35: 1.7057377 | N35: 1.7057377 | O35: 1.7057377 | P35: 1.7057377 | Q35: 1.7057377 | R35: 1.7057377
C37: demand | D37: 1 | E37: 2 | F37: 3 | G37: 4 | H37: 5 | I37: 6 | J37: 7 | K37: 8 | L37: 9 | M37: 10 | N37: 11 | O37: 12 | P37: 13 | Q37: 14 | R37: 15
C38: 1 | D38: 231.5 | E38: 297.34 | F38: 217.82 | G38: 222.62 | H38: 453.86 | I38: 315.98 | J38: 216.18 | K38: 463.97 | L38: 404.65 | M38: 334.69 | N38: 440.61 | O38: 225.39 | P38: 314.98 | Q38: 305.23 | R38: 541.84
C39: 2 | D39: 358.95 | E39: 308.97 | F39: 264.61 | G39: 343.62 | H39: 399.3 | I39: 433.24 | J39: 310.82 | K39: 234.15 | L39: 302.73 | M39: 304.23 | N39: 278.95 | O39: 403.93 | P39: 327.87 | Q39: 462.67 | R39: 445.18
C40: 3 | D40: 492.88 | E40: 260.36 | F40: 232.33 | G40: 514.32 | H40: 271.63 | I40: 506.16 | J40: 393.21 | K40: 346.58 | L40: 267.82 | M40: 272.81 | N40: 372.8 | O40: 326.64 | P40: 338.03 | Q40: 348.46 | R40: 405.85
B42: Parâmetros p/ μy | C42: Média(E(RLT)) | D42: 1 | E42: 2 | F42: 3 | G42: 4 | H42: 5 | I42: 6 | J42: 7 | K42: 8 | L42: 9 | M42: 10 | N42: 11 | O42: 12 | P42: 13 | Q42: 14 | R42: 15
B43: ND*RLT e S2nd | C43: 1 | D43: 9.45 | E43: 14.92 | F43: 14.79 | G43: 17.69 | H43: 14.79 | I43: 14.31 | J43: 10.15 | K43: 14.45 | L43: 12.52 | M43: 11.45 | N43: 13.36 | O43: 13.38 | P43: 14.59 | Q43: 14.28 | R43: 16.04
C44: 2 | D44: 13.11 | E44: 17.64 | F44: 11.65 | G44: 20.06 | H44: 11.73 | I44: 15.92 | J44: 12.08 | K44: 15.93 | L44: 10.8 | M44: 13.12 | N44: 12.44 | O44: 15.71 | P44: 19.48 | Q44: 17.94 | R44: 13.48
C45: -40028922 | D45: -40028922 | E45: 19.27 | F45: 20.64 | G45: 13.97 | H45: 13.78 | I45: 17.6 | J45: 12.66 | K45: 13.15 | L45: 16.36 | M45: 15.94 | N45: 10.35 | O45: 14.02 | P45: 14.06 | Q45: 12.12 | R45: 12.77
C47: Cap | D47: 1 | E47: 2 | F47: 3 | G47: 4 | H47: 5 | I47: 6 | J47: 7 | K47: 8 | L47: 9 | M47: 10 | N47: 11 | O47: 12 | P47: 13 | Q47: 14 | R47: 15
C48: 1 | D48: 304.6 | E48: 336.22 | F48: 367.37 | G48: 330.6 | H48: 407.16 | I48: 209.81 | J48: 353.15 | K48: 325.44 | L48: 303.38 | M48: 363.91 | N48: 423.84 | O48: 250.7 | P48: 253.28 | Q48: 216.52 | R48: 388.77
C49: 2 | D49: 288.68 | E49: 254.58 | F49: 333.83 | G49: 569.96 | H49: 363.61 | I49: 359.54 | J49: 304.66 | K49: 312.17 | L49: 379.11 | M49: 233.3 | N49: 387.92 | O49: 330.06 | P49: 266.36 | Q49: 408.27 | R49: 358.07
C50: -40028922 | D50: -40028922 | E50: 359.24 | F50: 403.54 | G50: 415.74 | H50: 368.14 | I50: 306.54 | J50: 220.2 | K50: 408.05 | L50: 398.03 | M50: 305.5 | N50: 241.55 | O50: 315.53 | P50: 436.88 | Q50: 393.14 | R50: 327.17
B52: Parâmetros p/ μx | C52: Var(d-cap) | D52: 1 | E52: 2 | F52: 3 | G52: 4 | H52: 5 | I52: 6 | J52: 7 | K52: 8 | L52: 9 | M52: 10 | N52: 11 | O52: 12 | P52: 13 | Q52: 14 | R52: 15
B53: S2nd | C53: 1 | D53: 0 | E53: 0 | F53: 0 | G53: 0 | H53: 495,6908 | I53: 191.8181 | J53: 0 | K53: 428.2391 | L53: 341.0413 | M53: 0 | N53: 498.37 | O53: 0 | P53: 217.8175 | Q53: 186.7283 | R53: 592.9769
C54: 2 | D54: 282,9083 | E54: 213,6979 | F54: 0 | G54: 0 | H54: 388,8702 | I54: 422.6212 | J54: 252.569 | K54: 0 | L54: 0 | M54: 195.9797 | N54: 0 | O54: 362.7987 | P54: 237.9285 | Q54: 507.6638 | R54: 435.1991
C55: 3 | D55: 467,0644 | E55: 0 | F55: 0 | G55: 583,1530 | H55: 0 | I55: 466.8862 | J55: 270.8028 | K55: 0 | L55: 0 | M55: 0 | N55: 263.1016 | O55: 275.0038 | P55: 0 | Q55: 0 | R55: 362.3392
B57: Parâmetros p/ σx | C57: Desvpad(Var(S2nd)) | D57: 1 | E57: 2 | F57: 3 | G57: 4 | H57: 5 | I57: 6 | J57: 7 | K57: 8 | L57: 9 | M57: 10 | N57: 11 | O57: 12 | P57: 13 | Q57: 14 | R57: 15
B58: S2nd | C58: 1 | D58: 0 | E58: 0 | F58: 0 | G58: 0 | H58: 277.3852 | I58: 114.4701 | J58: 0 | K58: 251.6818 | L58: 197.052 | M58: 0 | N58: 277.4759 | O58: 0 | P58: 123.9421 | Q58: 109.4126 | R58: 346.4116
C59: 2 | D59: 160.9752 | E59: 121.0452 | F59: 0 | G59: 0 | H59: 217.2882 | I59: 239.086 | J59: 140.5445 | K59: 0 | L59: 0 | M59: 112.6414 | N59: 0 | O59: 205.8108 | P59: 135.1195 | Q59: 284.6164 | R59: 247.6234
C60: 3 | D60: 278.6301 | E60: 0 | F60: 0 | G60: 331.4884 | H60: 0 | I60: 286.2747 | J60: 169.9887 | K60: 0 | L60: 0 | M60: 0 | N60: 158.1255 | O60: 153.0895 | P60: 0 | Q60: 0 | R60: 206.0767
B62: Parâmetros p/ σy | C62: DesvPad(Var(E(RLT))) | D62: 1 | E62: 2 | F62: 3 | G62: 4 | H62: 5 | I62: 6 | J62: 7 | K62: 8 | L62: 9 | M62: 10 | N62: 11 | O62: 12 | P62: 13 | Q62: 14 | R62: 15
B63: ND*RLT e S2nd | C63: 1 | D63: 0.3449 | E63: 0.5447 | F63: 0.54 | G63: 0.6459 | H63: 0.54 | I63: 0.5224 | J63: 0.3705 | K63: 0.5276 | L63: 0.4571 | M63: 0.418 | N63: 0.4877 | O63: 0.4884 | P63: 0.5327 | Q63: 0.5213 | R63: 0.5856
C64: 2 | D64: 0.4786 | E64: 0.644 | F64: 0.4253 | G64: 0.7324 | H64: 0.4282 | I64: 0.5812 | J64: 0.441 | K64: 0.5816 | L64: 0.3943 | M64: 0.479 | N64: 0.4542 | O64: 0.5735 | P64: 0.7112 | Q64: 0.655 | R64: 0.4921
C65: 3 | D65: 0.6667 | E65: 0.7036 | F65: 0.7536 | G65: 0.51 | H65: 0.503 | I65: 0.6426 | J65: 0.4622 | K65: 0.4801 | L65: 0.5973 | M65: 0.5819 | N65: 0.3778 | O65: 0.5118 | P65: 0.5133 | Q65: 0.4424 | R65: 0.4662
B67: Parâmetros p/ μx | C67: Média(d-Cap) | D67: 1 | E67: 2 | F67: 3 | G67: 4 | H67: 5 | I67: 6 | J67: 7 | K67: 8 | L67: 9 | M67: 10 | N67: 11 | O67: 12 | P67: 13 | Q67: 14 | R67: 15
B68: ND*RLT | C68: 1 | D68: -73.1 | E68: -38.88 | F68: -149.55 | G68: -107.98 | H68: 46.7 | I68: 106.17 | J68: -136.97 | K68: 138.53 | L68: 101.27 | M68: -29.22 | N68: 16.77 | O68: -25.31 | P68: 61.7 | Q68: 88.71 | R68: 153.07
C69: 2 | D69: 70.27 | E69: 54.39 | F69: -69.22 | G69: -226.34 | H69: 35.69 | I69: 73.7 | J69: 6.16 | K69: -78.02 | L69: -76.38 | M69: 70.93 | N69: -108.97 | O69: 73.87 | P69: 61.51 | Q69: 54.4 | R69: 87.11
C70: 3 | D70: 165.21 | E70: -98.88 | F70: -171.21 | G70: 98.58 | H70: -96.51 | I70: 199.62 | J70: 173.01 | K70: -61.47 | L70: -130.21 | M70: -32.69 | N70: 131.25 | O70: 11.11 | P70: -98.85 | Q70: -44.68 | R70: 78.68
B72: Parâmetros p/ σx | C72: DesvPad(Var(d-cap)) | D72: 1 | E72: 2 | F72: 3 | G72: 4 | H72: 5 | I72: 6 | J72: 7 | K72: 8 | L72: 9 | M72: 10 | N72: 11 | O72: 12 | P72: 13 | Q72: 14 | R72: 15
B73: ND*RLT | C73: 1 | D73: 0 | E73: 0 | F73: 0 | G73: 0 | H73: 22.264115 | I73: 13.849841 | J73: 0 | K73: 20.693939 | L73: 18.467304 | M73: 0 | N73: 22.324202 | O73: 0 | P73: 14.758642 | Q73: 13.664856 | R73: 24.351117
C74: 2 | D74: 16.819878 | E74: 14.61841 | F74: 0 | G74: 0 | H74: 19.719792 | I74: 20.557753 | J74: 15.89242 | K74: 0 | L74: 0 | M74: 13.999275 | N74: 0 | O74: 19.047275 | P74: 15.424931 | Q74: 22.531396 | R74: 20.861426
C75: 3 | D75: 21.611673 | E75: 0 | F75: 0 | G75: 24.148561 | H75: 0 | I75: 21.60755 | J75: 16.456087 | K75: 0 | L75: 0 | M75: 0 | N75: 16.220407 | O75: 16.583239 | P75: 0 | Q75: 0 | R75: 19.035209
C77: LB | D77: 1 | E77: 2 | F77: 3 | G77: 4 | H77: 5 | I77: 6 | J77: 7 | K77: 8 | L77: 9 | M77: 10 | N77: 11 | O77: 12 | P77: 13 | Q77: 14 | R77: 15
C78: 1 | D78: 0 | E78: 0 | F78: 0 | G78: 0 | H78: 15818.302 | I78: 6132.0093 | J78: 0 | K78: 13708.849 | L78: 9372.3396 | M78: 0 | N78: 14327.465 | O78: 0 | P78: 6918.3969 | Q78: 5897.5627 | R78: 21002.39
C79: 2 | D79: 8074.1812 | E79: 8186.4463 | F79: 0 | G79: 0 | H79: 9834.2635 | I79: 14601.568 | J79: 6563.4316 | K79: 0 | L79: 0 | M79: 5627.9126 | N79: 0 | O79: 12387.656 | P79: 10079.393 | Q79: 19670.323 | R79: 12770.938
C80: 3 | D80: 19048.847 | E80: 0 | F80: 0 | G80: 17725.552 | H80: 0 | I80: 18633.411 | J80: 7876.7163 | K80: 0 | L80: 0 | M80: 0 | N80: 6106.9843 | O80: 8295.8778 | P80: 0 | Q80: 0 | R80: 10070.459
C82: DesvPad(ND*ELT) | D82: 1 | E82: 2 | F82: 3 | G82: 4 | H82: 5 | I82: 6 | J82: 7 | K82: 8 | L82: 9 | M82: 10 | N82: 11 | O82: 12 | P82: 13 | Q82: 14 | R82: 15
C83: 1 | D83: 0 | E83: 0 | F83: 0 | G83: 0 | H83: 89.3519 | I83: 58.127 | J83: 0 | K83: 86.0169 | L83: 70.3036 | M83: 0 | N83: 84.7408 | O83: 0 | P83: 59.7737 | Q83: 56.3029 | R83: 106.0337
C84: 2 | D84: 223.0756 | E84: 64.8184 | F84: 0 | G84: 0 | H84: 70.3806 | I84: 86.4921 | J84: 57.3334 | K84: 0 | L84: 0 | M84: 54.2832 | N84: 0 | O84: 79.8168 | P84: 72.0508 | Q84: 99.7673 | R84: 81.2089
C85: 3 | D85: 102.4257 | E85: 0 | F85: 0 | G85: 95.6105 | H85: 0 | I85: 103.1899 | J85: 68.1494 | K85: 0 | L85: 0 | M85: 0 | N85: 58.2861 | O85: 64.4752 | P85: 0 | Q85: 0 | R85: 72.0919
C87: DesvPad(Cap) | D87: 1 | E87: 2 | F87: 3 | G87: 4 | H87: 5 | I87: 6 | J87: 7 | K87: 8 | L87: 9 | M87: 10 | N87: 11 | O87: 12 | P87: 13 | Q87: 14 | R87: 15
C88: 1 | D88: 60.92 | E88: 67.244 | F88: 73.473999 | G88: 66.12 | H88: 81.432 | I88: 41.961999 | J88: 70.63 | K88: 65.088 | L88: 60.675999 | M88: 72.782 | N88: 84.768 | O88: 50.14 | P88: 50.656 | Q88: 43.304 | R88: 77.754
C89: 2 | D89: 57.735999 | E89: 50.915999 | F89: 66.766 | G89: 113.992 | H89: 72.721999 | I89: 71.908 | J89: 60.932 | K89: 62.434 | L89: 75.821999 | M89: 46.66 | N89: 77.584 | O89: 66.012 | P89: 53.271999 | Q89: 81.654 | R89: 71.613999
C90: 3 | D90: 65.534 | E90: 71.848 | F90: 80.708 | G90: 83.148 | H90: 73.627999 | I90: 61.307999 | J90: 44.04 | K90: 81.61 | L90: 79.606 | M90: 61.1 | N90: 48.31 | O90: 63.106 | P90: 87.376 | Q90: 78.627999 | R90: 65.434
C92: z(RLT) | D92: 1 | E92: 2 | F92: 3 | G92: 4 | H92: 5 | I92: 6 | J92: 7 | K92: 8 | L92: 9 | M92: 10 | N92: 11 | O92: 12 | P92: 13 | Q92: 14 | R92: 15
C93: 1 | D93: 0 | E93: 0 | F93: 0 | G93: 0 | H93: 2.8469197 | I93: 2.9332699 | J93: 0 | K93: 2.9120408 | L93: 2.889861 | M93: 0 | N93: 0 | O93: 0 | P93: 2.8693983 | Q93: 2.9089441 | R93: 2.9041965
C94: 2 | D94: 2.8695049 | E94: 2.8635196 | F94: 0 | G94: 0 | H94: 0 | I94: 2.8617569 | J94: 0 | K94: 0 | L94: 0 | M94: 2.8830315 | N94: 0 | O94: 2.8655019 | P94: 2.8668893 | Q94: 2.8495497 | R94: 2.8693403
C95: 3 | D95: 2.9321712 | E95: 0 | F95: 0 | G95: 2.867869 | H95: 0 | I95: 2.9689125 | J95: 3 | K95: 0 | L95: 0 | M95: 0 | N95: 2.9429947 | O95: 0 | P95: 0 | Q95: 0 | R95: 2.8688154
C97: Aleatória S2nd | D97: 1 | E97: 2 | F97: 3 | G97: 4 | H97: 5 | I97: 6 | J97: 7 | K97: 8 | L97: 9 | M97: 10 | N97: 11 | O97: 12 | P97: 13 | Q97: 14 | R97: 15
C98: 1 | D98: 0 | E98: 0 | F98: 0 | G98: 0 | H98: 968.83719 | I98: 387.07407 | J98: 0 | K98: 857.54223 | L98: 677.16033 | M98: 0 | N98: 971.6711 | O98: 0 | P98: 429.23021 | Q98: 373.3575 | R98: 1183.8642
C99: 2 | D99: 557.48977 | E99: 420.16926 | F99: 0 | G99: 0 | H99: 759.50687 | I99: 830.4392 | J99: 492.30105 | K99: 0 | L99: 0 | M99: 388.11638 | N99: 0 | O99: 713.85794 | P99: 468.40693 | Q99: 993.14472 | R99: 857.57967
C100: 3 | D100: 942.33427 | E100: 0 | F100: 0 | G100: 1148.5853 | H100: 0 | I100: 955.19575 | J100: 560.75893 | K100: 0 | L100: 0 | M100: 0 | N100: 532.82223 | O100: 536.13433 | P100: 0 | Q100: 0 | R100: 713.852
C102: Radicand | D102: 1 | E102: 2 | F102: 3 | G102: 4 | H102: 5 | I102: 6 | J102: 7 | K102: 8 | L102: 9 | M102: 10 | N102: 11 | O102: 12 | P102: 13 | Q102: 14 | R102: 15
C103: 1 | D103: 0 | E103: 0 | F103: 0 | G103: 0 | H103: 227783.55 | I103: 88300.934 | J103: 0 | K103: 197407.43 | L103: 134961.69 | M103: 0 | N103: 0 | O103: 0 | P103: 99624.916 | Q103: 84924.902 | R103: 302434.41
C104: 2 | D104: 116268.21 | E104: 117884.83 | F104: 0 | G104: 0 | H104: 0 | I104: 210262.57 | J104: 0 | K104: 0 | L104: 0 | M104: 81041.941 | N104: 0 | O104: 178382.24 | P104: 145143.26 | Q104: 283252.65 | R104: 183901.51
C105: 3 | D105: 274303.4 | E105: 0 | F105: 0 | G105: 255247.95 | H105: 0 | I105: 268321.11 | J105: 113424.71 | K105: 0 | L105: 0 | M105: 0 | N105: 87940.574 | O105: 0 | P105: 0 | Q105: 0 | R105: 145014.61
C107: SQRT | D107: 1 | E107: 2 | F107: 3 | G107: 4 | H107: 5 | I107: 6 | J107: 7 | K107: 8 | L107: 9 | M107: 10 | N107: 11 | O107: 12 | P107: 13 | Q107: 14 | R107: 15
C108: 1 | D108: 1 | E108: 1 | F108: 1 | G108: 1 | H108: 478 | I108: 298 | J108: 1 | K108: 445 | L108: 368 | M108: 1 | N108: 1 | O108: 1 | P108: 316 | Q108: 292 | R108: 552
C109: 2 | D109: 341 | E109: 344 | F109: 1 | G109: 1 | H109: 1 | I109: 459 | J109: 1 | K109: 1 | L109: 1 | M109: 285 | N109: 1 | O109: 423 | P109: 381 | Q109: 533 | R109: 429
C110: 3 | D110: 524 | E110: 1 | F110: 1 | G110: 506 | H110: 1 | I110: 518 | J110: 337 | K110: 1 | L110: 1 | M110: 1 | N110: 297 | O110: 1 | P110: 1 | Q110: 1 | R110: 381
C112: ND*ELT | D112: 1 | E112: 2 | F112: 3 | G112: 4 | H112: 5 | I112: 6 | J112: 7 | K112: 8 | L112: 9 | M112: 10 | N112: 11 | O112: 12 | P112: 13 | Q112: 14 | R112: 15
C113: 1 | H113: 762.48662 | I113: 1681.9813 | K113: 2214.595 | L113: 1401.6736 | N113: 0 | P113: 994.51321 | Q113: 1401.3015 | R113: 2715.5686
C114: 2 | D114: 921.2397 | E114: 1059.7406 | H114: 0 | I114: 1295.8858 | J114: 0 | M114: 1028.554 | O114: 1281.8931 | P114: 1323.6295 | Q114: 1077.4712 | R114: 1297.2423
C115: 3 | D115: 3016.7346 | G115: 1521.347 | I115: 3894.1517 | J115: 2430.2023 | N115: 1504.3696 | O115: 0 | R115: 1109.9735
C117: Aleatória RLT | D117: 1 | E117: 2 | F117: 3 | G117: 4 | H117: 5 | I117: 6 | J117: 7 | K117: 8 | L117: 9 | M117: 10 | N117: 11 | O117: 12 | P117: 13 | Q117: 14 | R117: 15
C118: 1 | D118: 9.45 | E118: 14.92 | F118: 14.79 | G118: 17.69 | H118: 16.327337 | I118: 15.84234 | J118: 10.15 | K118: 15.986393 | L118: 13.840955 | M118: 11.45 | N118: 13.36 | O118: 13.38 | P118: 16.118528 | Q118: 15.796433 | R118: 17.740697
C119: 2 | D119: 14.483345 | E119: 19.484107 | F119: 11.65 | G119: 20.06 | H119: 11.73 | I119: 17.583253 | J119: 12.08 | K119: 15.93 | L119: 10.8 | M119: 14.500972 | N119: 12.44 | O119: 17.353365 | P119: 21.518932 | Q119: 19.806455 | R119: 14.892002
C120: 3 | D120: 20.214879 | E120: 19.27 | F120: 20.64 | G120: 15.432613 | H120: 13.78 | I120: 19.507823 | J120: 14.0466 | K120: 13.15 | L120: 16.36 | M120: 15.94 | N120: 11.461863 | O120: 14.02 | P120: 14.06 | Q120: 12.12 | R120: 14.107442
C122: FACTORIES | D122: Objective | E122: 2135426.9
C123: P(Reorder) | D123: 16 | E123: 17 | F123: 18
C124: 4
...

Sheet Matlab_Data
C1: SUPPLIERS
C2: demand | D2: 1 | E2: 2 | F2: 3 | G2: 4 | H2: 5 | I2: 6 | J2: 7 | K2: 8 | L2: 9 | M2: 10 | N2: 11 | O2: 12 | P2: 13 | Q2: 14 | R2: 15
C3: 1 | D3: =Demand!AU5 | E3: =Demand!AV5 | F3: =Demand!AW5 | G3: =Demand!AX5 | H3: =Demand!AY5 | I3: =Demand!AZ5 | J3: =Demand!BA5 | K3: =Demand!BB5 | ... R3: =Demand!BI5
C4: 2 | D4: =Demand!AU6 | E4: =Demand!AV6 | F4: =Demand!AW6 | G4: =Demand!AX6 | H4: =Demand!AY6 | I4: =Demand!AZ6 | J4: =Demand!BA6 | K4: =Demand!BB6 | ... R4: =Demand!BI6
C5: 3 | D5: =Demand!AU7 | E5: =Demand!AV7 | F5: =Demand!AW7 | G5: =Demand!AX7 | H5: =Demand!AY7 | I5: =Demand!AZ7 | J5: =Demand!BA7 | K5: =Demand!BB7 | ... R5: =Demand!BI7
B7: Parâmetro p/ μy | C7: Média(E(RLT)) | D7: 1 | E7: 2 | F7: 3 | G7: 4 | H7: 5 | I7: 6 | J7: 7 | K7: 8 | L7: 9 | M7: 10 | N7: 11 | O7: 12 | P7: 13 | Q7: 14 | R7: 15
B8: LB e DesvPad(ND*RLT) | C8: 1 | D8: =Suppliers!I22 | E8: =Suppliers!J22 | F8: =Suppliers!K22 | G8: =Suppliers!L22 | H8: =Suppliers!M22 | I8: =Suppliers!N22 | J8: =Suppliers!O22 | K8: =Suppliers!P22 | ... R8: =Suppliers!W22
B9: LB e DesvPad(ND*RLT) | C9: 2 | D9: =Suppliers!I23 | E9: =Suppliers!J23 | F9: =Suppliers!K23 | G9: =Suppliers!L23 | H9: =Suppliers!M23 | I9: =Suppliers!N23 | J9: =Suppliers!O23 | K9: =Suppliers!P23 | ... R9: =Suppliers!W23
B10: LB e DesvPad(ND*RLT) | C10: 3 | D10: =Suppliers!I24 | E10: =Suppliers!J24 | F10: =Suppliers!K24 | G10: =Suppliers!L24 | H10: =Suppliers!M24 | I10: =Suppliers!N24 | J10: =Suppliers!O24 | K10: =Suppliers!P24 | ... R10: =Suppliers!W24
C12: Cap | D12: 1 | E12: 2 | F12: 3 | G12: 4 | H12: 5 | I12: 6 | J12: 7 | K12: 8 | L12: 9 | M12: 10 | N12: 11 | O12: 12 | P12: 13 | Q12: 14 | R12: 15
C13: 1 | D13: =Suppliers_Cap!D14 | E13: =Suppliers_Cap!E14 | F13: =Suppliers_Cap!F14 | G13: =Suppliers_Cap!G14 | H13: =Suppliers_Cap!H14 | I13: =Suppliers_Cap!I14 | J13: =Suppliers_Cap!J14 | K13: =Suppliers_Cap!K14 | ... R13: =Suppliers_Cap!R14
C14: 2 | D14: =Suppliers_Cap!D15 | E14: =Suppliers_Cap!E15 | F14: =Suppliers_Cap!F15 | G14: =Suppliers_Cap!G15 | H14: =Suppliers_Cap!H15 | I14: =Suppliers_Cap!I15 | J14: =Suppliers_Cap!J15 | K14: =Suppliers_Cap!K15 | ... R14: =Suppliers_Cap!R15
C15: 3 | D15: =Suppliers_Cap!D16 | E15: =Suppliers_Cap!E16 | F15: =Suppliers_Cap!F16 | G15: =Suppliers_Cap!G16 | H15: =Suppliers_Cap!H16 | I15: =Suppliers_Cap!I16 | J15: =Suppliers_Cap!J16 | K15: =Suppliers_Cap!K16 | ... R15: =Suppliers_Cap!R16
B17: Parâmetro p/ μx | C17: Var(d-cap) | D17: 1 | E17: 2 | F17: 3 | G17: 4 | H17: 5 | I17: 6 | J17: 7 | K17: 8 | L17: 9 | M17: 10 | N17: 11 | O17: 12 | P17: 13 | Q17: 14 | R17: 15
B18: LB | C18: 1 | D18: =Suppliers!I17^2 | E18: =Suppliers!J17^2 | F18: =Suppliers!K17^2 | G18: =Suppliers!L17^2 | H18: =Suppliers!M17^2 | I18: =Suppliers!N17^2 | J18: =Suppliers!O17^2 | K18: =Suppliers!P17^2 | ... R18: =Suppliers!W17^2
B19: LB | C19: 2 | D19: =Suppliers!I18^2 | E19: =Suppliers!J18^2 | F19: =Suppliers!K18^2 | G19: =Suppliers!L18^2 | H19: =Suppliers!M18^2 | I19: =Suppliers!N18^2 | J19: =Suppliers!O18^2 | K19: =Suppliers!P18^2 | ... R19: =Suppliers!W18^2
B20: LB | C20: 3 | D20: =Suppliers!I19^2 | E20: =Suppliers!J19^2 | F20: =Suppliers!K19^2 | G20: =Suppliers!L19^2 | H20: =Suppliers!M19^2 | I20: =Suppliers!N19^2 | J20: =Suppliers!O19^2 | K20: =Suppliers!P19^2 | ... R20: =Suppliers!W19^2
B22: Parâmetro p/ σx | C22: Desvpad(Var(S2nd)) | D22: 1 | E22: 2 | F22: 3 | G22: 4 | H22: 5 | I22: 6 | J22: 7 | K22: 8 | L22: 9 | M22: 10 | N22: 11 | O22: 12 | P22: 13 | Q22: 14 | R22: 15
B23: LB | C23: 1 | D23: =Supp_Fourth_central_moment_5var!D35 | E23: =Supp_Fourth_central_moment_5var!E35 | F23: =Supp_Fourth_central_moment_5var!F35 | G23: =Supp_Fourth_central_moment_5var!G35 | H23: =Supp_Fourth_central_moment_5var!H35 | I23: =Supp_Fourth_central_moment_5var!I35 | J23: =Supp_Fourth_central_moment_5var!J35 | K23: =Supp_Fourth_central_moment_5var!K35 | ... R23: =Supp_Fourth_central_moment_5var!R35
B24: LB | C24: 2 | D24: =Supp_Fourth_central_moment_5var!D36 | E24: =Supp_Fourth_central_moment_5var!E36 | F24: =Supp_Fourth_central_moment_5var!F36 | G24: =Supp_Fourth_central_moment_5var!G36 | H24: =Supp_Fourth_central_moment_5var!H36 | I24: =Supp_Fourth_central_moment_5var!I36 | J24: =Supp_Fourth_central_moment_5var!J36 | K24: =Supp_Fourth_central_moment_5var!K36 | ... R24: =Supp_Fourth_central_moment_5var!R36
B25: LB | C25: 3 | D25: =Supp_Fourth_central_moment_5var!D37 | E25: =Supp_Fourth_central_moment_5var!E37 | F25: =Supp_Fourth_central_moment_5var!F37 | G25: =Supp_Fourth_central_moment_5var!G37 | H25: =Supp_Fourth_central_moment_5var!H37 | I25: =Supp_Fourth_central_moment_5var!I37 | J25: =Supp_Fourth_central_moment_5var!J37 | K25: =Supp_Fourth_central_moment_5var!K37 | ... R25: =Supp_Fourth_central_moment_5var!R37
B27: Parâmetro p/ σy | C27: DesvPad(Var(E(RLT))) | D27: 1 | E27: 2 | F27: 3 | G27: 4 | H27: 5 | I27: 6 | J27: 7 | K27: 8 | L27: 9 | M27: 10 | N27: 11 | O27: 12 | P27: 13 | Q27: 14 | R27: 15
B28: LB e DesvPad(ND*RLT) | C28: 1 | D28: =Suppliers!I27 | E28: =Suppliers!J27 | F28: =Suppliers!K27 | G28: =Suppliers!L27 | H28: =Suppliers!M27 | I28: =Suppliers!N27 | J28: =Suppliers!O27 | K28: =Suppliers!P27 | ... R28: =Suppliers!W27
B29: LB e DesvPad(ND*RLT) | C29: 2 | D29: =Suppliers!I28 | E29: =Suppliers!J28 | F29: =Suppliers!K28 | G29: =Suppliers!L28 | H29: =Suppliers!M28 | I29: =Suppliers!N28 | J29: =Suppliers!O28 | K29: =Suppliers!P28 | ... R29: =Suppliers!W28
B30: LB e DesvPad(ND*RLT) | C30: 3 | D30: =Suppliers!I29 | E30: =Suppliers!J29 | F30: =Suppliers!K29 | G30: =Suppliers!L29 | H30: =Suppliers!M29 | I30: =Suppliers!N29 | J30: =Suppliers!O29 | K30: =Suppliers!P29 | ... R30: =Suppliers!W29
B32: Parâmetro p/ μx | C32: Média(d-Cap) | D32: 1 | E32: 2 | F32: 3 | G32: 4 | H32: 5 | I32: 6 | J32: 7 | K32: 8 | L32: 9 | M32: 10 | N32: 11 | O32: 12 | P32: 13 | Q32: 14 | R32: 15
B33: DesvPad(ND*RLT) | C33: 1 | D33: =D3-D13 | E33: =E3-E13 | F33: =F3-F13 | G33: =G3-G13 | H33: =H3-H13 | I33: =I3-I13 | J33: =J3-J13 | K33: =K3-K13 | ... R33: =R3-R13
B34: DesvPad(ND*RLT) | C34: 2 | D34: =D4-D14 | E34: =E4-E14 | F34: =F4-F14 | G34: =G4-G14 | H34: =H4-H14 | I34: =I4-I14 | J34: =J4-J14 | K34: =K4-K14 | ... R34: =R4-R14
B35: DesvPad(ND*RLT) | C35: 3 | D35: =D5-D15 | E35: =E5-E15 | F35: =F5-F15 | G35: =G5-G15 | H35: =H5-H15 | I35: =I5-I15 | J35: =J5-J15 | K35: =K5-K15 | ... R35: =R5-R15
B37: Parâmetro p/ σx | C37: DesvPad(Var(d-cap)) | D37: 1 | E37: 2 | F37: 3 | G37: 4 | H37: 5 | I37: 6 | J37: 7 | K37: 8 | L37: 9 | M37: 10 | N37: 11 | O37: 12 | P37: 13 | Q37: 14 | R37: 15
B38: DesvPad(ND*RLT) | C38: 1 | D38: =Suppliers!I17 | E38: =Suppliers!J17 | F38: =Suppliers!K17 | G38: =Suppliers!L17 | H38: =Suppliers!M17 | I38: =Suppliers!N17 | J38: =Suppliers!O17 | K38: =Suppliers!P17 | ... R38: =Suppliers!W17
B39: DesvPad(ND*RLT) | C39: 2 | D39: =Suppliers!I18 | E39: =Suppliers!J18 | F39: =Suppliers!K18 | G39: =Suppliers!L18 | H39: =Suppliers!M18 | I39: =Suppliers!N18 | J39: =Suppliers!O18 | K39: =Suppliers!P18 | ... R39: =Suppliers!W18
B40: DesvPad(ND*RLT) | C40: 3 | D40: =Suppliers!I19 | E40: =Suppliers!J19 | F40: =Suppliers!K19 | G40: =Suppliers!L19 | H40: =Suppliers!M19 | I40: =Suppliers!N19 | J40: =Suppliers!O19 | K40: =Suppliers!P19 | ... R40: =Suppliers!W19
C42: Prob1 | D42: 0.98
C44: LB | D44: 1 | E44: 2 | F44: 3 | G44: 4 | H44: 5 | I44: 6 | J44: 7 | K44: 8 | L44: 9 | M44: 10 | N44: 11 | O44: 12 | P44: 13 | Q44: 14 | R44: 15
C45: 1 | D45: 0 | E45: 0 | F45: 0 | G45: 0 | H45: 15818.302 | I45: 6132.0093 | J45: 0 | K45: 13708.849 | L45: 9372.3396 | M45: 0 | N45: 14327.465 | O45: 0 | P45: 6918.3969 | Q45: 5897.5627 | R45: 21002.39
C46: 2 | D46: 8074.1812 | E46: 8186.4463 | F46: 0 | G46: 0 | H46: 9834.2635 | I46: 14601.568 | J46: 6563.4316 | K46: 0 | L46: 0 | M46: 5627.9126 | N46: 0 | O46: 12387.656 | P46: 10079.393 | Q46: 19670.323 | R46: 12770.938
C47: 3 | D47: 19048.847 | E47: 0 | F47: 0 | G47: 17725.552 | H47: 0 | I47: 18633.411 | J47: 7876.7163 | K47: 0 | L47: 0 | M47: 0 | N47: 6106.9843 | O47: 8295.8778 | P47: 0 | Q47: 0 | R47: 10070.459
C49: DesvPad(ND*ELT) | D49: 1 | E49: 2 | F49: 3 | G49: 4 | H49: 5 | I49: 6 | J49: 7 | K49: 8 | L49: 9 | M49: 10 | N49: 11 | O49: 12 | P49: 13 | Q49: 14 | R49: 15
C50: 1 | D50: 0 | E50: 0 | F50: 0 | G50: 0 | H50: 89.3519 | I50: 58.127 | J50: 0 | K50: 86.0169 | L50: 70.3036 | M50: 0 | N50: 84.7408 | O50: 0 | P50: 59.7737 | Q50: 56.3029 | R50: 106.0337
C51: 2 | D51: 223.0756 | E51: 64.8184 | F51: 0 | G51: 0 | H51: 70.3806 | I51: 86.4921 | J51: 57.3334 | K51: 0 | L51: 0 | M51: 54.2832 | N51: 0 | O51: 79.8168 | P51: 72.0508 | Q51: 99.7673 | R51: 81.2089
C52: 3 | D52: 102.4257 | E52: 0 | F52: 0 | G52: 95.6105 | H52: 0 | I52: 103.1899 | J52: 68.1494 | K52: 0 | L52: 0 | M52: 0 | N52: 58.2861 | O52: 64.4752 | P52: 0 | Q52: 0 | R52: 72.0919
C54: FACTORIES
C55: demand | D55: 16 | E55: 17 | F55: 18
C56: 4 | D56: =Demand!AU11 | E56: =Demand!AV11 | F56: =Demand!AW11
C57: 5 | D57: =Demand!AU12 | E57: =Demand!AV12 | F57: =Demand!AW12
C58: 6 | D58: =Demand!AU13 | E58: =Demand!AV13 | F58: =Demand!AW13
B60: Parâmetro p/ μy | C60: Média(E(RLT)) | D60: 16 | E60: 17 | F60: 18
B61: LB e DesvPad(ND*RLT) | C61: 4 | D61: =Factories!I22 | E61: =Factories!J22 | F61: =Factories!K22
B62: LB e DesvPad(ND*RLT) | C62: 5 | D62: =Factories!I23 | E62: =Factories!J23 | F62: =Factories!K23
B63: LB e DesvPad(ND*RLT) | C63: 6 | D63: =Factories!I24 | E63: =Factories!J24 | F63: =Factories!K24
C65: Cap | D65: 16 | E65: 17 | F65: 18
C66: 4 | D66: =Factories_Cap!D14 | E66: =Factories_Cap!E14 | F66: =Factories_Cap!F14
C67: 5 | D67: =Factories_Cap!D15 | E67: =Factories_Cap!E15 | F67: =Factories_Cap!F15
C68: 6 | D68: =Factories_Cap!D16 | E68: =Factories_Cap!E16 | F68: =Factories_Cap!F16
B70: Parâmetro p/ μx | C70: Var(d-cap) | D70: 16 | E70: 17 | F70: 18
B71: LB | C71: 4 | D71: =Factories!I17^2 | E71: =Factories!J17^2 | F71: =Factories!K17^2
B72: LB | C72: 5 | D72: =Factories!I18^2 | E72: =Factories!J18^2 | F72: =Factories!K18^2
B73: LB | C73: 6 | D73: =Factories!I19^2 | E73: =Factories!J19^2 | F73: =Factories!K19^2
B75: Parâmetro p/ σx | C75: Desvpad(Var(S2nd)) | D75: 16 | E75: 17 | F75: 18
B76: LB | C76: 4 | D76: =Fac_Fourth_central_moment_5var!D35 | E76: =Fac_Fourth_central_moment_5var!E35 | F76: =Fac_Fourth_central_moment_5var!F35
B77: LB | C77: 5 | D77: =Fac_Fourth_central_moment_5var!D36 | E77: =Fac_Fourth_central_moment_5var!E36 | F77: =Fac_Fourth_central_moment_5var!F36
B78: LB | C78: 6 | D78: =Fac_Fourth_central_moment_5var!D37 | E78: =Fac_Fourth_central_moment_5var!E37 | F78: =Fac_Fourth_central_moment_5var!F37
B80: Parâmetro p/ σy | C80: DesvPadVar(E(RLT)) | D80: 16 | E80: 17 | F80: 18
B81: LB e DesvPad(ND*RLT) | C81: 4 | D81: =Factories!I27 | E81: =Factories!J27 | F81: =Factories!K27
B82: LB e DesvPad(ND*RLT) | C82: 5 | D82: =Factories!I28 | E82: =Factories!J28 | F82: =Factories!K28
B83: LB e DesvPad(ND*RLT) | C83: 6 | D83: =Factories!I29 | E83: =Factories!J29 | F83: =Factories!K29
B85: Parâmetro p/ μx | C85: Média(d-Cap) | D85: 16 | E85: 17 | F85: 18
B86: DesvPad(ND*RLT) | C86: 4 | D86: =D56-D66 | E86: =E56-E66 | F86: =F56-F66
B87: DesvPad(ND*RLT) | C87: 5 | D87: =D57-D67 | E87: =E57-E67 | F87: =F57-F67
B88: DesvPad(ND*RLT) | C88: 6 | D88: =D58-D68 | E88: =E58-E68 | F88: =F58-F68
B90: Parâmetro p/ σx | C90: DesvPad(Var(d-cap)) | D90: 16 | E90: 17 | F90: 18
B91: DesvPad(ND*RLT) | C91: 4 | D91: =Factories!I17 | E91: =Factories!J17 | F91: =Factories!K17
B92: DesvPad(ND*RLT) | C92: 5 | D92: =Factories!I18 | E92: =Factories!J18 | F92: =Factories!K18
B93: DesvPad(ND*RLT) | C93: 6 | D93: =Factories!I19 | E93: =Factories!J19 | F93: =Factories!K19
C95: Prob1 | D95: 0.98
C97: LB | D97: 16 | E97: 17 | F97: 18
C98: 4 | D98: 79279.53 | E98: 87272.457 | F98: 72838.994
C99: 5 | E99: 75216.293
C100: 6 | E100: 59044.691
C102: DesvPad(ND*ELT) | D102: 16 | E102: 17 | F102: 18
C103: 4 | D103: 205.1894 | E103: 209.9278 | F103: 191.3891
C104: 5 | D104: 0 | E104: 195.2975 | F104: 0
C105: 6 | D105: 0 | E105: 175.744 | F105: 0

Sheet Estado da arte
C1: SUPPLIERS
B2: Parâmetros p/ | C2: demand | D2: 1 | E2: 2 | F2: 3 | G2: 4 | H2: 5 | I2: 6 | J2: 7 | K2: 8 | L2: 9 | M2: 10 | N2: 11 | O2: 12 | P2: 13 | Q2: 14 | R2: 15
B3: Prob(D*ELT) | C3: 1 | D3: =Demand!AU5 | E3: =Demand!AV5 | F3: =Demand!AW5 | G3: =Demand!AX5 | H3: =Demand!AY5 | I3: =Demand!AZ5 | J3: =Demand!BA5 | K3: =Demand!BB5 | ... R3: =Demand!BI5
B4: Prob(D*ELT) | C4: 2 | D4: =Demand!AU6 | E4: =Demand!AV6 | F4: =Demand!AW6 | G4: =Demand!AX6 | H4: =Demand!AY6 | I4: =Demand!AZ6 | J4: =Demand!BA6 | K4: =Demand!BB6 | ... R4: =Demand!BI6
B5: Prob(D*ELT) | C5: 3 | D5: =Demand!AU7 | E5: =Demand!AV7 | F5: =Demand!AW7 | G5: =Demand!AX7 | H5: =Demand!AY7 | I5: =Demand!AZ7 | J5: =Demand!BA7 | K5: =Demand!BB7 | ... R5: =Demand!BI7
A6: CV
A7: 0.2 | B7: Parâmetros | C7: DesvPad(demand) | D7: 1 | E7: 2 | F7: 3 | G7: 4 | H7: 5 | I7: 6 | J7: 7 | K7: 8 | L7: 9 | M7: 10 | N7: 11 | O7: 12 | P7: 13 | Q7: 14 | R7: 15
B8: Prob(D*ELT) | C8: 1 | D8: =D3*0.2 | E8: =E3*0.2 | F8: =F3*0.2 | G8: =G3*0.2 | H8: =H3*0.2 | I8: =I3*0.2 | J8: =J3*0.2 | K8: =K3*0.2 | ... R8: =R3*0.2
B9: Prob(D*ELT) | C9: 2 | D9: =D4*0.2 | E9: =E4*0.2 | F9: =F4*0.2 | G9: =G4*0.2 | H9: =H4*0.2 | I9: =I4*0.2 | J9: =J4*0.2 | K9: =K4*0.2 | ... R9: =R4*0.2
B10: Prob(D*ELT) | C10: 3 | D10: =D5*0.2 | E10: =E5*0.2 | F10: =F5*0.2 | G10: =G5*0.2 | H10: =H5*0.2 | I10: =I5*0.2 | J10: =J5*0.2 | K10: =K5*0.2 | ... R10: =R5*0.2
B12: Parâmetros | C12: Média(E(RLT)) | D12: 1 | E12: 2 | F12: 3 | G12: 4 | H12: 5 | I12: 6 | J12: 7 | K12: 8 | L12: 9 | M12: 10 | N12: 11 | O12: 12 | P12: 13 | Q12: 14 | R12: 15
B13: Prob(D*ELT) | C13: 1 | D13: =Suppliers!I22 | E13: =Suppliers!J22 | F13: =Suppliers!K22 | G13: =Suppliers!L22 | H13: =Suppliers!M22 | I13: =Suppliers!N22 | J13: =Suppliers!O22 | K13: =Suppliers!P22 | ... R13: =Suppliers!W22
B14: Prob(D*ELT) | C14: 2 | D14: =Suppliers!I23 | E14: =Suppliers!J23 | F14: =Suppliers!K23 | G14: =Suppliers!L23 | H14: =Suppliers!M23 | I14: =Suppliers!N23 | J14: =Suppliers!O23 | K14: =Suppliers!P23 | ... R14: =Suppliers!W23
B15: Prob(D*ELT) | C15: 3 | D15: =Suppliers!I24 | E15: =Suppliers!J24 | F15: =Suppliers!K24 | G15: =Suppliers!L24 | H15: =Suppliers!M24 | I15: =Suppliers!N24 | J15: =Suppliers!O24 | K15: =Suppliers!P24 | ... R15: =Suppliers!W24
A17: CV | B17: Parâmetros | C17: DesvPad(E(RLT)) | D17: 1 | E17: 2 | F17: 3 | G17: 4 | H17: 5 | I17: 6 | J17: 7 | K17: 8 | L17: 9 | M17: 10 | N17: 11 | O17: 12 | P17: 13 | Q17: 14 | R17: 15
A18: 0.2 | B18: Prob(D*ELT) | C18: 1 | D18: =D13*0.2 | E18: =E13*0.2 | F18: =F13*0.2 | G18: =G13*0.2 | H18: =H13*0.2 | I18: =I13*0.2 | J18: =J13*0.2 | K18: =K13*0.2 | ... R18: =R13*0.2
B19: Prob(D*ELT) | C19: 2 | D19: =D14*0.2 | E19: =E14*0.2 | F19: =F14*0.2 | G19: =G14*0.2 | H19: =H14*0.2 | I19: =I14*0.2 | J19: =J14*0.2 | K19: =K14*0.2 | ... R19: =R14*0.2
B20: Prob(D*ELT) | C20: 3 | D20: =D15*0.2 | E20: =E15*0.2 | F20: =F15*0.2 | G20: =G15*0.2 | H20: =H15*0.2 | I20: =I15*0.2 | J20: =J15*0.2 | K20: =K15*0.2 | ... R20: =R15*0.2
C23: z | D23: 2.06
C25: DesvPad | D25: 1 | E25: 2 | F25: 3 | G25: 4 | H25: 5 | I25: 6 | J25: 7 | K25: 8 | L25: 9 | M25: 10 | N25: 11 | O25: 12 | P25: 13 | Q25: 14 | R25: 15
C26: 1 | D26: =(D13*(D8^2)+(D3^2)*(D18^2))^0.5 | E26: =(E13*(E8^2)+(E3^2)*(E18^2))^0.5 | F26: =(F13*(F8^2)+(F3^2)*(F18^2))^0.5 | G26: =(G13*(G8^2)+(G3^2)*(G18^2))^0.5 | H26: =(H13*(H8^2)+(H3^2)*(H18^2))^0.5 | I26: =(I13*(I8^2)+(I3^2)*(I18^2))^0.5 | J26: =(J13*(J8^2)+(J3^2)*(J18^2))^0.5 | K26: =(K13*(K8^2)+(K3^2)*(K18^2))^0.5 | ... R26: =(R13*(R8^2)+(R3^2)*(R18^2))^0.5
C27: 2 | D27: =(D14*(D9^2)+(D4^2)*(D19^2))^0.5 | E27: =(E14*(E9^2)+(E4^2)*(E19^2))^0.5 | F27: =(F14*(F9^2)+(F4^2)*(F19^2))^0.5 | G27: =(G14*(G9^2)+(G4^2)*(G19^2))^0.5 | H27: =(H14*(H9^2)+(H4^2)*(H19^2))^0.5 | I27: =(I14*(I9^2)+(I4^2)*(I19^2))^0.5 | J27: =(J14*(J9^2)+(J4^2)*(J19^2))^0.5 | K27: =(K14*(K9^2)+(K4^2)*(K19^2))^0.5 | ... R27: =(R14*(R9^2)+(R4^2)*(R19^2))^0.5
C28: 3 | D28: =(D15*(D10^2)+(D5^2)*(D20^2))^0.5 | E28: =(E15*(E10^2)+(E5^2)*(E20^2))^0.5 | F28: =(F15*(F10^2)+(F5^2)*(F20^2))^0.5 | G28: =(G15*(G10^2)+(G5^2)*(G20^2))^0.5 | H28: =(H15*(H10^2)+(H5^2)*(H20^2))^0.5 | I28: =(I15*(I10^2)+(I5^2)*(I20^2))^0.5 | J28: =(J15*(J10^2)+(J5^2)*(J20^2))^0.5 | K28: =(K15*(K10^2)+(K5^2)*(K20^2))^0.5 | ... R28: =(R15*(R10^2)+(R5^2)*(R20^2))^0.5
C30: Média(Demand*ELT) | D30: 1 | E30: 2 | F30: 3 | G30: 4 | H30: 5 | I30: 6 | J30: 7 | K30: 8 | L30: 9 | M30: 10 | N30: 11 | O30: 12 | P30: 13 | Q30: 14 | R30: 15
C31: 1 | D31: =D3*D13 | E31: =E3*E13 | F31: =F3*F13 | G31: =G3*G13 | H31: =H3*H13 | I31: =I3*I13 | J31: =J3*J13 | K31: =K3*K13 | ... R31: =R3*R13
C32: 2 | D32: =D4*D14 | E32: =E4*E14 | F32: =F4*F14 | G32: =G4*G14 | H32: =H4*H14 | I32: =I4*I14 | J32: =J4*J14 | K32: =K4*K14 | ... R32: =R4*R14
C33: 3 | D33: =D5*D15 | E33: =E5*E15 | F33: =F5*F15 | G33: =G5*G15 | H33: =H5*H15 | I33: =I5*I15 | J33: =J5*J15 | K33: =K5*K15 | ... R33: =R5*R15
B35: Parâmetro p/ c | C35: Reposição | D35: 1 | E35: 2 | F35: 3 | G35: 4 | H35: 5 | I35: 6 | J35: 7 | K35: 8 | L35: 9 | M35: 10 | N35: 11 | O35: 12 | P35: 13 | Q35: 14 | R35: 15
B36: Prob(D*ELT) | C36: 1 | D36: =D31+$D$23*D26 | E36: =E31+$D$23*E26 | F36: =F31+$D$23*F26 | G36: =G31+$D$23*G26 | H36: =H31+$D$23*H26 | I36: =I31+$D$23*I26 | J36: =J31+$D$23*J26 | K36: =K31+$D$23*K26 | ... R36: =R31+$D$23*R26
B37: Prob(D*ELT) | C37: 2 | D37: =D32+$D$23*D27 | E37: =E32+$D$23*E27 | F37: =F32+$D$23*F27 | G37: =G32+$D$23*G27 | H37: =H32+$D$23*H27 | I37: =I32+$D$23*I27 | J37: =J32+$D$23*J27 | K37: =K32+$D$23*K27 | ... R37: =R32+$D$23*R27
B38: Prob(D*ELT) | C38: 3 | D38: =D33+$D$23*D28 | E38: =E33+$D$23*E28 | F38: =F33+$D$23*F28 | G38: =G33+$D$23*G28 | H38: =H33+$D$23*H28 | I38: =I33+$D$23*I28 | J38: =J33+$D$23*J28 | K38: =K33+$D$23*K28 | ... R38: =R33+$D$23*R28
C40: P(Reposição) | D40: 1 | E40: 2 | F40: 3 | G40: 4 | H40: 5 | I40: 6 | J40: 7 | K40: 8 | L40: 9 | M40: 10 | N40: 11 | O40: 12 | P40: 13 | Q40: 14 | R40: 15
C41: 1
C42: 2
C43: 3
C45: Factories
B46: Parâmetros p/ | C46: demand | D46: 16 | E46: 17 | F46: 18
B47: Prob(D*ELT) | C47: 4 | D47: =Demand!AU11 | E47: =Demand!AV11 | F47: =Demand!AW11
B48: Prob(D*ELT) | C48: 5 | D48: =Demand!AU12 | E48: =Demand!AV12 | F48: =Demand!AW12
B49: Prob(D*ELT) | C49: 6 | D49: =Demand!AU13 | E49: =Demand!AV13 | F49: =Demand!AW13
B51: Parâmetros | C51: DesvPad(demand) | D51: 16 | E51: 17 | F51: 18
B52: Prob(D*ELT) | C52: 4 | D52: =D47*0.2 | E52: =E47*0.2 | F52: =F47*0.2
B53: Prob(D*ELT) | C53: 5 | D53: =D48*0.2 | E53: =E48*0.2 | F53: =F48*0.2
B54: Prob(D*ELT) | C54: 6 | D54: =D49*0.2 | E54: =E49*0.2 | F54: =F49*0.2
B56: Parâmetros | C56: Média(E(RLT)) | D56: 16 | E56: 17 | F56: 18
B57: Prob(D*ELT) | C57: 4 | D57: =Factories!I22 | E57: =Factories!J22 | F57: =Factories!K22
B58: Prob(D*ELT) | C58: 5 | D58: =Factories!I23 | E58: =Factories!J23 | F58: =Factories!K23
B59: Prob(D*ELT) | C59: 6 | D59: =Factories!I24 | E59: =Factories!J24 | F59: =Factories!K24
B61: Parâmetros | C61: DesvPad(E(RLT)) | D61: 16 | E61: 17 | F61: 18
B62: Prob(D*ELT) | C62: 4 | D62: =D57*0.2 | E62: =E57*0.2 | F62: =F57*0.2
B63: Prob(D*ELT) | C63: 5 | D63: =D58*0.2 | E63: =E58*0.2 | F63: =F58*0.2
B64: Prob(D*ELT) | C64: 6 | D64: =D59*0.2 | E64: =E59*0.2 | F64: =F59*0.2
C67: z | D67: 2.06
C69: DesvPad | D69: 16 | E69: 17 | F69: 18
C70: 4 | D70: =(D57*(D52^2)+(D47^2)*(D62^2))^0.5 | E70: =(E57*(E52^2)+(E47^2)*(E62^2))^0.5 | F70: =(F57*(F52^2)+(F47^2)*(F62^2))^0.5
C71: 5 | D71: =(D58*(D53^2)+(D48^2)*(D63^2))^0.5 | E71: =(E58*(E53^2)+(E48^2)*(E63^2))^0.5 | F71: =(F58*(F53^2)+(F48^2)*(F63^2))^0.5
C72: 6 | D72: =(D59*(D54^2)+(D49^2)*(D64^2))^0.5 | E72: =(E59*(E54^2)+(E49^2)*(E64^2))^0.5 | F72: =(F59*(F54^2)+(F49^2)*(F64^2))^0.5
C74: Média(Demand*ELT) | D74: 16 | E74: 17 | F74: 18
C75: 4 | D75: =D47*D57 | E75: =E47*E57 | F75: =F47*F57
C76: 5 | D76: =D48*D58 | E76: =E48*E58 | F76: =F48*F58
C77: 6 | D77: =D49*D59 | E77: =E49*E59 | F77: =F49*F59
B79: Parâmetro p/ c | C79: Reposição | D79: 16 | E79: 17 | F79: 18
B80: Prob(D*ELT) | C80: 4 | D80: =D75+$D$67*D70 | E80: =E75+$D$67*E70 | F80: =F75+$D$67*F70
B81: Prob(D*ELT) | C81: 5 | D81: =D76+$D$67*D71 | E81: =E76+$D$67*E71 | F81: =F76+$D$67*F71
B82: Prob(D*ELT) | C82: 6 | D82: =D77+$D$67*D72 | E82: =E77+$D$67*E72 | F82: =F77+$D$67*F72
C84: P(Reposição) | D84: 16 | E84: 17 | F84: 18
C85: 4
C86: 5
C87: 6

Sheet Main_variables
B1: SUPPLIERS | C1: Planilha mãe | V1: =SUM(V13:V135) | Y1: 1 | Z1: SUPPLIERS | AU1: 2 | AV1: SUPPLIERS | BQ1: 3 | BR1: SUPPLIERS | CM1: 4 | CN1: SUPPLIERS | DI1: 5 | DJ1: SUPPLIERS | EE1: 6 | EF1: SUPPLIERS | FA1: 7 | FB1: SUPPLIERS | FW1: 8 | FX1: SUPPLIERS | GS1: 9 | GT1: SUPPLIERS
B2: Objective | C2: P(Reorder) | D2: 1 | E2: 2 | F2: 3 | G2: 4 | H2: 5 | I2: 6 | J2: 7 | K2: 8 | L2: 9 | M2: 10 | N2: 11 | O2: 12 | P2: 13 | Q2: 14 | R2: 15 | S2: Objective | Z2: Objective | AA2: P(Reorder) | AB2: 1 | AC2: 2 | AD2: 3 | AE2: 4 | AF2: 5 | AG2: 6 | AH2: 7 | AI2: 8 | AJ2: 9 | AK2: 10 | AL2: 11 | AM2: 12 | AN2: 13 | AO2: 14 | AP2: 15 | AV2: Objective | AW2: P(Reorder) | AX2: 1 | AY2: 2 | AZ2: 3 | BA2: 4 | BB2: 5 | BC2: 6 | BD2: 7 | BE2: 8 | BF2: 9 | BG2: 10 | BH2: 11 | BI2: 12 | BJ2: 13 | BK2: 14 | BL2: 15 | BR2: Objective | BS2: P(Reorder) | BT2: 1 | BU2: 2 | BV2: 3 | BW2: 4 | BX2: 5 | BY2: 6 | BZ2: 7 | CA2: 8 | CB2: 9 | CC2: 10 | CD2: 11 | CE2: 12 | CF2: 13 | CG2: 14 | CH2: 15 | CN2: Objective | CO2: P(Reorder) | CP2: 1 | CQ2: 2 | CR2: 3 | CS2: 4 | CT2: 5 | CU2: 6 | CV2: 7 | CW2: 8 | CX2: 9 | CY2: 10 | CZ2: 11 | DA2: 12 | DB2: 13 | DC2: 14 | DD2: 15 | DJ2: Objective | DK2: P(Reorder) | DL2: 1 | DM2: 2 | DN2: 3 | DO2: 4 | DP2: 5 | DQ2: 6 | DR2: 7 | DS2: 8 | DT2: 9 | DU2: 10 | DV2: 11 | DW2: 12 | DX2: 13 | DY2: 14 | DZ2: 15 | EF2: Objective | EG2: P(Reorder) | EH2: 1 | EI2: 2 | EJ2: 3 | EK2: 4 | EL2: 5 | EM2: 6 | EN2: 7 | EO2: 8 | EP2: 9 | EQ2: 10 | ER2: 11 | ES2: 12 | ET2: 13 | EU2: 14 | EV2: 15 | FB2: Objective | FC2: P(Reorder) | FD2: 1 | FE2: 2 | FF2: 3 | FG2: 4 | FH2: 5 | FI2: 6 | FJ2: 7 | FK2: 8 | FL2: 9 | FM2: 10 | FN2: 11 | FO2: 12 | FP2: 13 | FQ2: 14 | FR2: 15 | FX2: Objective | FY2: P(Reorder) | FZ2: 1 | GA2: 2 | GB2: 3 | GC2: 4 | GD2: 5 | GE2: 6 | GF2: 7 | GG2: 8 | GH2: 9 | GI2: 10 | GJ2: 11 | GK2: 12 | GL2: 13 | GM2: 14 | GN2: 15 | GT2: Objective | GU2: P(Reorder) | GV2: 1 | GW2: 2 | GX2: 3 | GY2: 4 | GZ2: 5 | HA2: 6 | HB2: 7 | HC2: 8 | HD2: 9 | HE2: 10 | HF2: 11 | HG2: 12 | HH2: 13 | HI2: 14 | HJ2: 15
B3: =Optimal_solutionw | C3: 1 | S3: 5778156.3 | Z3: 5778156.3 | AA3: 1 | AV3: 5653943.2 | AW3: 1 | BR3: 5710823.4 | BS3: 1 | CN3: 5778123.9 | CO3: 1 | DJ3: 5653943.2 | DK3: 1 | EF3: 5710823.4 | EG3: 1 | FB3: 5778123.9 | FC3: 1 | FX3: 5653943.2 | FY3: 1 | GT3: 5710823.4 | GU3: 1
C4: 2 | S4: DIFERENÇA | AA4: 2 | AW4: 2 | BS4: 2 | CO4: 2 | DK4: 2 | EG4: 2 | FC4: 2 | FY4: 2 | GU4: 2
C5: 3 | S5: =B3-S3 | AA5: 3 | AW5: 3 | BS5: 3 | CO5: 3 | DK5: 3 | EG5: 3 | FC5: 3 | FY5: 3 | GU5: 3
B7: NOVA | C7: P(Estado da arte) | D7: 1 | E7: 2 | F7: 3 | G7: 4 | H7: 5 | I7: 6 | J7: 7 | K7: 8 | L7: 9 | M7: 10 | N7: 11 | O7: 12 | P7: 13 | Q7: 14 | R7: 15 | AA7: P(Estado da arte) | AB7: 1 | AC7: 2 | AD7: 3 | AE7: 4 | AF7: 5 | AG7: 6 | AH7: 7 | AI7: 8 | AJ7: 9 | AK7: 10 | AL7: 11 | AM7: 12 | AN7: 13 | AO7: 14 | AP7: 15 | AW7: P(Estado da arte) | AX7: 1 | AY7: 2 | AZ7: 3 | BA7: 4 | BB7: 5 | BC7: 6 | BD7: 7 | BE7: 8 | BF7: 9 | BG7: 10 | BH7: 11 | BI7: 12 | BJ7: 13 | BK7: 14 | BL7: 15 | BS7: P(Estado da arte) | BT7: 1 | BU7: 2 | BV7: 3 | BW7: 4 | BX7: 5 | BY7: 6 | BZ7: 7 | CA7: 8 | CB7: 9 | CC7: 10 | CD7: 11 | CE7: 12 | CF7: 13 | CG7: 14 | CH7: 15 | CO7: P(Estado da arte) | CP7: 1 | CQ7: 2 | CR7: 3 | CS7: 4 | CT7: 5 | CU7: 6 | CV7: 7 | CW7: 8 | CX7: 9 | CY7: 10 | CZ7: 11 | DA7: 12 | DB7: 13 | DC7: 14 | DD7: 15 | DK7: P(Estado da arte) | DL7: 1 | DM7: 2 | DN7: 3 | DO7: 4 | DP7: 5 | DQ7: 6 | DR7: 7 | DS7: 8 | DT7: 9 | DU7: 10 | DV7: 11 | DW7: 12 | DX7: 13 | DY7: 14 | DZ7: 15 | EG7: P(Estado da arte) | EH7: 1 | EI7: 2 | EJ7: 3 | EK7: 4 | EL7: 5 | EM7: 6 | EN7: 7 | EO7: 8 | EP7: 9 | EQ7: 10 | ER7: 11 | ES7: 12 | ET7: 13 | EU7: 14 | EV7: 15 | FC7: P(Estado da arte) | FD7: 1 | FE7: 2 | FF7: 3 | FG7: 4 | FH7: 5 | FI7: 6 | FJ7: 7 | FK7: 8 | FL7: 9 | FM7: 10 | FN7: 11 | FO7: 12 | FP7: 13 | FQ7: 14 | FR7: 15 | FY7: P(Estado da arte) | FZ7: 1 | GA7: 2 | GB7: 3 | GC7: 4 | GD7: 5 | GE7: 6 | GF7: 7 | GG7: 8 | GH7: 9 | GI7: 10 | GJ7: 11 | GK7: 12 | GL7: 13 | GM7: 14 | GN7: 15 | GU7: P(Estado da arte) | GV7: 1 | GW7: 2 | GX7: 3 | GY7: 4 | GZ7: 5 | HA7: 6 | HB7: 7 | HC7: 8 | HD7: 9 | HE7: 10 | HF7: 11 | HG7: 12 | HH7: 13 | HI7: 14 | HJ7: 15
C8: 1 | D8: ='Estado da arte'!D41 | E8: ='Estado da arte'!E41 | F8: ='Estado da arte'!F41 | G8: ='Estado da arte'!G41 | H8: ='Estado da arte'!H41 | I8: ='Estado da arte'!I41 | J8: ='Estado da arte'!J41 | K8: ='Estado da arte'!K41 | ... R8: ='Estado da arte'!R41 | AA8: 1 | AB8: 0 | AC8: 0 | AD8: 0 | AE8: 0 | AF8: 0 | AG8: 0 | AH8: 0 | AI8: 0 | AJ8: 0 | AK8: 0 | AL8: 0 | AM8: 0 | AN8: 0 | AO8: 0 | AP8: 0 | AW8: 1 | AX8: 0 | AY8: 0 | AZ8: 0 | BA8: 0 | BB8: 0 | BC8: 0 | BD8: 0 | BE8: 0 | BF8: 0 | BG8: 0 | BH8: 0 | BI8: 0 | BJ8: 0 | BK8: 0 | BL8: 0 | BS8: 1 | BT8: 0 | BU8: 0 | BV8: 0 | BW8: 0 | BX8: 0 | BY8: 0 | BZ8: 0 | CA8: 0 | CB8: 0 | CC8: 0 | CD8: 0 | CE8: 0 | CF8: 0 | CG8: 0 | CH8: 0 | CO8: 1 | CP8: 0 | CQ8: 0 | CR8: 0 | CS8: 0 | CT8: 0 | CU8: 0 | CV8: 0 | CW8: 0 | CX8: 0 | CY8: 0 | CZ8: 0 | DA8: 0 | DB8: 0 | DC8: 0 | DD8: 0 | DK8: 1 | DL8: 0 | DM8: 0 | DN8: 0 | DO8: 0 | DP8: 0 | DQ8: 0 | DR8: 0 | DS8: 0 | DT8: 0 | DU8: 0 | DV8: 0 | DW8: 0 | DX8: 0 | DY8: 0 | DZ8: 0 | EG8: 1 | EH8: 0 | EI8: 0 | EJ8: 0 | EK8: 0 | EL8: 0 | EM8: 0 | EN8: 0 | EO8: 0 | EP8: 0 | EQ8: 0 | ER8: 0 | ES8: 0 | ET8: 0 | EU8: 0 | EV8: 0 | FC8: 1 | FD8: 0 | FE8: 0 | FF8: 0 | FG8: 0 | FH8: 0 | FI8: 0 | FJ8: 0 | FK8: 0 | FL8: 0 | FM8: 0 | FN8: 0 | FO8: 0 | FP8: 0 | FQ8: 0 | FR8: 0 | FY8: 1 | FZ8: 0 | GA8: 0 | GB8: 0 | GC8: 0 | GD8: 0 | GE8: 0 | GF8: 0 | GG8: 0 | GH8: 0 | GI8: 0 | GJ8: 0 | GK8: 0 | GL8: 0 | GM8: 0 | GN8: 0 | GU8: 1 | GV8: 0 | GW8: 0 | GX8: 0 | GY8: 0 | GZ8: 0 | HA8: 0 | HB8: 0 | HC8: 0 | HD8: 0 | HE8: 0 | HF8: 0 | HG8: 0 | HH8: 0 | HI8: 0 | HJ8: 0
C9: 2 | D9: ='Estado da arte'!D42 | E9: ='Estado da arte'!E42 | F9: ='Estado da arte'!F42 | G9: ='Estado da arte'!G42 | H9: ='Estado da arte'!H42 | I9: ='Estado da arte'!I42 | J9: ='Estado da arte'!J42 | K9: ='Estado da arte'!K42 | ... R9: ='Estado da arte'!R42 | AA9: 2 | AB9: 0 | AC9: 0 | AD9: 0 | AE9: 0 | AF9: 0 | AG9: 0 | AH9: 0 | AI9: 0 | AJ9: 0 | AK9: 0 | AL9: 0 | AM9: 0 | AN9: 0 | AO9: 0 | AP9: 0 | AW9: 2 | AX9: 0 | AY9: 0 | AZ9: 0 | BA9: 0 | BB9: 0 | BC9: 0 | BD9: 0 | BE9: 0 | BF9: 0 | BG9: 0 | BH9: 0 | BI9: 0 | BJ9: 0 | BK9: 0 | BL9: 0 | BS9: 2 | BT9: 0 | BU9: 0 | BV9: 0 | BW9: 0 | BX9: 0 | BY9: 0 | BZ9: 0 | CA9: 0 | CB9: 0 | CC9: 0 | CD9: 0 | CE9: 0 | CF9: 0 | CG9: 0 | CH9: 0 | CO9: 2 | CP9: 0 | CQ9: 0 | CR9: 0 | CS9: 0 | CT9: 0 | CU9: 0 | CV9: 0 | CW9: 0 | CX9: 0 | CY9: 0 | CZ9: 0 | DA9: 0 | DB9: 0 | DC9: 0 | DD9: 0 | DK9: 2 | DL9: 0 | DM9: 0 | DN9: 0 | DO9: 0 | DP9: 0 | DQ9: 0 | DR9: 0 | DS9: 0 | DT9: 0 | DU9: 0 | DV9: 0 | DW9: 0 | DX9: 0 | DY9: 0 | DZ9: 0 | EG9: 2 | EH9: 0 | EI9: 0 | EJ9: 0 | EK9: 0 | EL9: 0 | EM9: 0 | EN9: 0 | EO9: 0 | EP9: 0 | EQ9: 0 | ER9: 0 | ES9: 0 | ET9: 0 | EU9: 0 | EV9: 0 | FC9: 2 | FD9: 0 | FE9: 0 | FF9: 0 | FG9: 0 | FH9: 0 | FI9: 0 | FJ9: 0 | FK9: 0 | FL9: 0 | FM9: 0 | FN9: 0 | FO9: 0 | FP9: 0 | FQ9: 0 | FR9: 0 | FY9: 2 | FZ9: 0 | GA9: 0 | GB9: 0 | GC9: 0 | GD9: 0 | GE9: 0 | GF9: 0 | GG9: 0 | GH9: 0 | GI9: 0 | GJ9: 0 | GK9: 0 | GL9: 0 | GM9: 0 | GN9: 0 | GU9: 2 | GV9: 0 | GW9: 0 | GX9: 0 | GY9: 0 | GZ9: 0 | HA9: 0 | HB9: 0 | HC9: 0 | HD9: 0 | HE9: 0 | HF9: 0 | HG9: 0 | HH9: 0 | HI9: 0 | HJ9: 0
C10: 3 | D10: ='Estado da arte'!D43 | E10: ='Estado da arte'!E43 | F10: ='Estado da arte'!F43 | G10: ='Estado da arte'!G43 | H10: ='Estado da arte'!H43 | I10: ='Estado da arte'!I43 | J10: ='Estado da arte'!J43 | K10: ='Estado da arte'!K43 | ... R10: ='Estado da arte'!R43 | AA10: 3 | AB10: 0 | AC10: 0 | AD10: 0 | AE10: 0 | AF10: 0 | AG10: 0 | AH10: 0 | AI10: 0 | AJ10: 0 | AK10: 0 | AL10: 0 | AM10: 0 | AN10: 0 | AO10: 0 | AP10: 0 | AW10: 3 | AX10: 0 | AY10: 0 | AZ10: 0 | BA10: 0 | BB10: 0 | BC10: 0 | BD10: 0 | BE10: 0 | BF10: 0 | BG10: 0 | BH10: 0 | BI10: 0 | BJ10: 0 | BK10: 0 | BL10: 0 | BS10: 3 | BT10: 0 | BU10: 0 | BV10: 0 | BW10: 0 | BX10: 0 | BY10: 0 | BZ10: 0 | CA10: 0 | CB10: 0 | CC10: 0 | CD10: 0 | CE10: 0 | CF10: 0 | CG10: 0 | CH10: 0 | CO10: 3 | CP10: 0 | CQ10: 0 | CR10: 0 | CS10: 0 | CT10: 0 | CU10: 0 | CV10: 0 | CW10: 0 | CX10: 0 | CY10: 0 | CZ10: 0 | DA10: 0 | DB10: 0 | DC10: 0 | DD10: 0 | DK10: 3 | DL10: 0 | DM10: 0 | DN10: 0 | DO10: 0 | DP10: 0 | DQ10: 0 | DR10: 0 | DS10: 0 | DT10: 0 | DU10: 0 | DV10: 0 | DW10: 0 | DX10: 0 | DY10: 0 | DZ10: 0 | EG10: 3 | EH10: 0 | EI10: 0 | EJ10: 0 | EK10: 0 | EL10: 0 | EM10: 0 | EN10: 0 | EO10: 0 | EP10: 0 | EQ10: 0 | ER10: 0 | ES10: 0 | ET10: 0 | EU10: 0 | EV10: 0 | FC10: 3 | FD10: 0 | FE10: 0 | FF10: 0 | FG10: 0 | FH10: 0 | FI10: 0 | FJ10: 0 | FK10: 0 | FL10: 0 | FM10: 0 | FN10: 0 | FO10: 0 | FP10: 0 | FQ10: 0 | FR10: 0 | FY10: 3 | FZ10: 0 | GA10: 0 | GB10: 0 | GC10: 0 | GD10: 0 | GE10: 0 | GF10: 0 | GG10: 0 | GH10: 0 | GI10: 0 | GJ10: 0 | GK10: 0 | GL10: 0 | GM10: 0 | GN10: 0 | GU10: 3 | GV10: 0 | GW10: 0 | GX10: 0 | GY10: 0 | GZ10: 0 | HA10: 0 | HB10: 0 | HC10: 0 | HD10: 0 | HE10: 0 | HF10: 0 | HG10: 0 | HH10: 0 | HI10: 0 | HJ10: 0
C12: Reorder | D12: 1 | E12: 2 | F12: 3 | G12: 4 | H12: 5 | I12: 6 | J12: 7 | K12: 8 | L12: 9 | M12: 10 | N12: 11 | O12: 12 | P12: 13 | Q12: 14 | R12: 15 | AA12: Reorder | AB12: 1 | AC12: 2 | AD12: 3 | AE12: 4 | AF12: 5 | AG12: 6 | AH12: 7 | AI12: 8 | AJ12: 9 | AK12: 10 | AL12: 11 | AM12: 12 | AN12: 13 | AO12: 14 | AP12: 15 | AW12: Reorder | AX12: 1 | AY12: 2 | AZ12: 3 | BA12: 4 | BB12: 5 | BC12: 6 | BD12: 7 | BE12: 8 | BF12: 9 | BG12: 10 | BH12: 11 | BI12: 12 | BJ12: 13 | BK12: 14 | BL12: 15 | BS12: Reorder | BT12: 1 | BU12: 2 | BV12: 3 | BW12: 4 | BX12: 5 | BY12: 6 | BZ12: 7 | CA12: 8 | CB12: 9 | CC12: 10 | CD12: 11 | CE12: 12 | CF12: 13 | CG12: 14 | CH12: 15 | CO12: Reorder | CP12: 1 | CQ12: 2 | CR12: 3 | CS12: 4 | CT12: 5 | CU12: 6 | CV12: 7 | CW12: 8 | CX12: 9 | CY12: 10 | CZ12: 11 | DA12: 12 | DB12: 13 | DC12: 14 | DD12: 15 | DK12: Reorder | DL12: 1 | DM12: 2 | DN12: 3 | DO12: 4 | DP12: 5 | DQ12: 6 | DR12: 7 | DS12: 8 | DT12: 9 | DU12: 10 | DV12: 11 | DW12: 12 | DX12: 13 | DY12: 14 | DZ12: 15 | EG12: Reorder | EH12: 1 | EI12: 2 | EJ12: 3 | EK12: 4 | EL12: 5 | EM12: 6 | EN12: 7 | EO12: 8 | EP12: 9 | EQ12: 10 | ER12: 11 | ES12: 12 | ET12: 13 | EU12: 14 | EV12: 15 | FC12: Reorder | FD12: 1 | FE12: 2 | FF12: 3 | FG12: 4 | FH12: 5 | FI12: 6 | FJ12: 7 | FK12: 8 | FL12: 9 | FM12: 10 | FN12: 11 | FO12: 12 | FP12: 13 | FQ12: 14 | FR12: 15 | FY12: Reorder | FZ12: 1 | GA12: 2 | GB12: 3 | GC12: 4 | GD12: 5 | GE12: 6 | GF12: 7 | GG12: 8 | GH12: 9 | GI12: 10 | GJ12: 11 | GK12: 12 | GL12: 13 | GM12: 14 | GN12: 15 | GU12: Reorder | GV12: 1 | GW12: 2 | GX12: 3 | GY12: 4 | GZ12: 5 | HA12: 6 | HB12: 7 | HC12: 8 | HD12: 9 | HE12: 10 | HF12: 11 | HG12: 12 | HH12: 13 | HI12: 14 | HJ12: 15
C13: 1 | D13: =Suppliers_stock_balance!D212 | E13: =Suppliers_stock_balance!E212 | F13: =Suppliers_stock_balance!F212 | G13: =Suppliers_stock_balance!G212 | H13: =Suppliers_stock_balance!H212 | I13: =Suppliers_stock_balance!I212 | J13: =Suppliers_stock_balance!J212 | K13: =Suppliers_stock_balance!K212 | ... R13: =Suppliers_stock_balance!R212 | T13: =SUM(D13:R15) | U13: 39562.042 | V13: =T13-U13 | AA13: 1 | AB13: 0 | AC13: 0 | AD13: 0 | AE13: 0 | AF13: 1168.693 | AG13: 1817.2927 | AH13: 0 | AI13: 2446.7585 | AJ13: 1635.9004 | AK13: 0 | AL13: 0 | AM13: 0 | AN13: 1216.203 | AO13: 1558.7788 | AP13: 3006.2428 | AW13: 1 | AX13: 0 | AY13: 0 | AZ13: 0 | BA13: 0 | BB13: 1168.693 | BC13: 1817.2927 | BD13: 0 | BE13: 2446.7585 | BF13: 1635.9004 | BG13: 0 | BH13: 0 | BI13: 0 | BJ13: 1216.203 | BK13: 1558.7788 | BL13: 3005.2428 | BS13: 1 | BT13: 0 | BU13: 0 | BV13: 0 | BW13: 0 | BX13: 1222.693 | BY13: 1852.2927 | BZ13: 0 | CA13: 2498.7585 | CB13: 1677.9004 | CC13: 0 | CD13: 0 | CE13: 0 | CF13: 1252.203 | CG13: 1592.7788 | CH13: 3070.2428 | CO13: 1 | CP13: 0 | CQ13: 0 | CR13: 0 | CS13: 0 | CT13: 1168.693 | CU13: 1817.2927 | CV13: 0 | CW13: 2446.7585 | CX13: 1635.9004 | CY13: 0 | CZ13: 0 | DA13: 0 | DB13: 1216.203 | DC13: 1558.7788 | DD13: 3005.2428 | DK13: 1 | DL13: 0 | DM13: 0 | DN13: 0 | DO13: 0 | DP13: 1168.693 | DQ13: 1817.2927 | DR13: 0 | DS13: 2446.7585 | DT13: 1635.9004 | DU13: 0 | DV13: 0 | DW13: 0 | DX13: 1216.203 | DY13: 1558.7788 | DZ13: 3005.2428 | EG13: 1 | EH13: 0 | EI13: 0 | EJ13: 0 | EK13: 0 | EL13: 1222.693 | EM13: 1852.2927 | EN13: 0 | EO13: 2498.7585 | EP13: 1677.9004 | EQ13: 0 | ER13: 0 | ES13: 0 | ET13: 1252.203 | EU13: 1592.7788 | EV13: 3070.2428 | FC13: 1 | FD13: 0 | FE13: 0 | FF13: 0 | FG13: 0 | FH13: 1168.693 | FI13: 1817.2927 | FJ13: 0 | FK13: 2446.7585 | FL13: 1635.9004 | FM13: 0 | FN13: 0 | FO13: 0 | FP13: 1216.203 | FQ13: 1558.7788 | FR13: 3005.2428 | FY13: 1 | FZ13: 0 | GA13: 0 | GB13: 0 | GC13: 0 | GD13: 1168.693 | GE13: 1817.2927 | GF13: 0 | GG13: 2446.7585 | GH13: 1635.9004 | GI13: 0 | GJ13: 0 | GK13: 0 | GL13: 1216.203 | GM13: 1558.7788 | GN13: 3005.2428 | GU13: 1 | GV13: 0 | GW13: 0 | GX13: 0 | GY13: 0 | GZ13: 1222.693 | HA13: 1852.2927 | HB13: 0 | HC13: 2498.7585 | HD13: 1677.9004 | HE13: 0 | HF13: 0 | HG13: 0 | HH13: 1252.203 | HI13: 1592.7788 | HJ13: 3070.2428
C14: 2 | D14: =Suppliers_stock_balance!D213 | E14: =Suppliers_stock_balance!E213 | F14: =Suppliers_stock_balance!F213 | G14: =Suppliers_stock_balance!G213 | H14: =Suppliers_stock_balance!H213 | I14: =Suppliers_stock_balance!I213 | J14: =Suppliers_stock_balance!J213 | K14: =Suppliers_stock_balance!K213 | ... R14: =Suppliers_stock_balance!R213 | AA14: 2 | AB14: 1262.2397 | AC14: 1303.4396 | AD14: 0 | AE14: 0 | AF14: 0 | AG14: 1632.304 | AH14: 0 | AI14: 0 | AJ14: 0 | AK14: 1215.6016 | AL14: 0 | AM14: 1583.4977 | AN14: 1579.2148 | AO14: 1508.936 | AP14: 1603.2428 | AW14: 2 | AX14: 1262.2397 | AY14: 1303.4396 | AZ14: 0 | BA14: 0 | BB14: 0 | BC14: 1632.304 | BD14: 0 | BE14: 0 | BF14: 0 | BG14: 1215.6016 | BH14: 0 | BI14: 1583.4977 | BJ14: 1579.2148 | BK14: 1508.936 | BL14: 1603.2428 | BS14: 2 | BT14: 1302.2397 | BU14: 1342.4396 | BV14: 0 | BW14: 0 | BX14: 0 | BY14: 1685.304 | BZ14: 0 | CA14: 0 | CB14: 0 | CC14: 1248.6016 | CD14: 0 | CE14: 1631.4977 | CF14: 1623.2148 | CG14: 1569.936 | CH14: 1653.2428 | CO14: 2 | CP14: 1262.2397 | CQ14: 1303.4396 | CR14: 0 | CS14: 0 | CT14: 0 | CU14: 1632.304 | CV14: 0 | CW14: 0 | CX14: 0 | CY14: 1215.6016 | CZ14: 0 | DA14: 1583.4977 | DB14: 1579.2148 | DC14: 1508.936 | DD14: 1603.2428 | DK14: 2 | DL14: 1262.2397 | DM14: 1303.4396 | DN14: 0 | DO14: 0 | DP14: 0 | DQ14: 1632.304 | DR14: 0 | DS14: 0 | DT14: 0 | DU14: 1215.6016 | DV14: 0 | DW14: 1583.4977 | DX14: 1579.2148 | DY14: 1508.936 | DZ14: 1603.2428 | EG14: 2 | EH14: 1302.2397 | EI14: 1342.4396 | EJ14: 0 | EK14: 0 | EL14: 0 | EM14: 1685.304 | EN14: 0 | EO14: 0 | EP14: 0 | EQ14: 1248.6016 | ER14: 0 | ES14: 1631.4977 | ET14: 1623.2148 | EU14: 1569.936 | EV14: 1653.2428 | FC14: 2 | FD14: 1262.2397 | FE14: 1303.4396 | FF14: 0 | FG14: 0 | FH14: 0 | FI14: 1632.304 | FJ14: 0 | FK14: 0 | FL14: 0 | FM14: 1215.6016 | FN14: 0 | FO14: 1583.4977 | FP14: 1579.2148 | FQ14: 1508.936 | FR14: 1603.2428 | FY14: 2 | FZ14: 1262.2397 | GA14: 1303.4396 | GB14: 0 | GC14: 0 | GD14: 0 | GE14: 1632.304 | GF14: 0 | GG14: 0 | GH14: 0 | GI14: 1215.6016 | GJ14: 0 | GK14: 1583.4977 | GL14: 1579.2148 | GM14: 1508.936 | GN14: 1603.2428 | GU14: 2 | GV14: 1302.2397 | GW14: 1342.4396 | GX14: 0 | GY14: 0 | GZ14: 0 | HA14: 1685.304 | HB14: 0 | HC14: 0 | HD14: 0 | HE14: 1248.6016 | HF14: 0 | HG14: 1631.4977 | HH14: 1623.2148 | HI14: 1569.936 | HJ14: 1653.2428
C15: 3 | D15: =Suppliers_stock_balance!D214 | E15: =Suppliers_stock_balance!E214 | F15: =Suppliers_stock_balance!F214 | G15: =Suppliers_stock_balance!G214 | H15: =Suppliers_stock_balance!H214 | I15: =Suppliers_stock_balance!I214 | J15: =Suppliers_stock_balance!J214 | K15: =Suppliers_stock_balance!K214 | ... R15: =Suppliers_stock_balance!R214 | AA15: 3 | AB15: 3540.7346 | AC15: 0 | AD15: 0 | AE15: 1883.1626 | AF15: 0 | AG15: 4031.312 | AH15: 2527.3066 | AI15: 0 | AJ15: 0 | AK15: 0 | AL15: 1655.4375 | AM15: 0 | AN15: 0 | AO15: 0 | AP15: 1385.7436 | AW15: 3 | AX15: 3540.7346 | AY15: 0 | AZ15: 0 | BA15: 1883.1626 | BB15: 0 | BC15: 4031.312 | BD15: 2527.3066 | BE15: 0 | BF15: 0 | BG15: 0 | BH15: 1655.4375 | BI15: 0 | BJ15: 0 | BK15: 0 | BL15: 1385.7436 | BS15: 3 | BT15: 3602.7346 | BU15: 0 | BV15: 0 | BW15: 1941.1626 | BX15: 0 | BY15: 4093.312 | BZ15: 2568.3066 | CA15: 0 | CB15: 0 | CC15: 0 | CD15: 1690.4375 | CE15: 0 | CF15: 0 | CG15: 0 | CH15: 1429.7436 | CO15: 3 | CP15: 3540.7346 | CQ15: 0 | CR15: 0 | CS15: 1883.1626 | CT15: 0 | CU15: 4031.312 | CV15: 2527.3066 | CW15: 0 | CX15: 0 | CY15: 0 | CZ15: 1655.4375 | DA15: 0 | DB15: 0 | DC15: 0 | DD15: 1385.7436 | DK15: 3 | DL15: 3540.7346 | DM15: 0 | DN15: 0 | DO15: 1883.1626 | DP15: 0 | DQ15: 4031.312 | DR15: 2527.3066 | DS15: 0 | DT15: 0 | DU15: 0 | DV15: 1655.4375 | DW15: 0 | DX15: 0 | DY15: 0 | DZ15: 1385.7436 | EG15: 3 | EH15: 3602.7346 | EI15: 0 | EJ15: 0 | EK15: 1941.1626 | EL15: 0 | EM15: 4093.312 | EN15: 2568.3066 | EO15: 0 | EP15: 0 | EQ15: 0 | ER15: 1690.4375 | ES15: 0 | ET15: 0 | EU15: 0 | EV15: 1429.7436 | FC15: 3 | FD15: 3540.7346 | FE15: 0 | FF15: 0 | FG15: 1883.1626 | FH15: 0 | FI15: 4031.312 | FJ15: 2527.3066 | FK15: 0 | FL15: 0 | FM15: 0 | FN15: 1655.4375 | FO15: 0 | FP15: 0 | FQ15: 0 | FR15: 1385.7436 | FY15: 3 | FZ15: 3540.7346 | GA15: 0 | GB15: 0 | GC15: 1883.1626 | GD15: 0 | GE15: 4031.312 | GF15: 2527.3066 | GG15: 0 | GH15: 0 | GI15: 0 | GJ15: 1655.4375 | GK15: 0 | GL15: 0 | GM15: 0 | GN15: 1385.7436 | GU15: 3 | GV15: 3602.7346 | GW15: 0 | GX15: 0 | GY15: 1941.1626 | GZ15: 0 | HA15: 4093.312 | HB15: 2568.3066 | HC15: 0 | HD15: 0 | HE15: 0 | HF15: 1690.4375 | HG15: 0 | HH15: 0 | HI15: 0 | HJ15: 1429.7436
C17: Var(Var(d)) | D17: 1 | E17: 2 | F17: 3 | G17: 4 | H17: 5 | I17: 6 | J17: 7 | K17: 8 | L17: 9 | M17: 10 | N17: 11 | O17: 12 | P17: 13 | Q17: 14 | R17: 15 | AA17: Var(Var(d)) | AB17: 1 | AC17: 2 | AD17: 3 | AE17: 4 | AF17: 5 | AG17: 6 | AH17: 7 | AI17: 8 | AJ17: 9 | AK17: 10 | AL17: 11 | AM17: 12 | AN17: 13 | AO17: 14 | AP17: 15 | AW17: Var(Var(d)) | AX17: 1 | AY17: 2 | AZ17: 3 | BA17: 4 | BB17: 5 | BC17: 6 | BD17: 7 | BE17: 8 | BF17: 9 | BG17: 10 | BH17: 11 | BI17: 12 | BJ17: 13 | BK17: 14 | BL17: 15 | BS17: Var(Var(d)) | BT17: 1 | BU17: 2 | BV17: 3 | BW17: 4 | BX17: 5 | BY17: 6 | BZ17: 7 | CA17: 8 | CB17: 9 | CC17: 10 | CD17: 11 | CE17: 12 | CF17: 13 | CG17: 14 | CH17: 15 | CO17: Var(Var(d)) | CP17: 1 | CQ17: 2 | CR17: 3 | CS17: 4 | CT17: 5 | CU17: 6 | CV17: 7 | CW17: 8 | CX17: 9 | CY17: 10 | CZ17: 11 | DA17: 12 | DB17: 13 | DC17: 14 | DD17: 15 | DK17: Var(Var(d)) | DL17: 1 | DM17: 2 | DN17: 3 | DO17: 4 | DP17: 5 | DQ17: 6 | DR17: 7 | DS17: 8 | DT17: 9 | DU17: 10 | DV17: 11 | DW17: 12 | DX17: 13 | DY17: 14 | DZ17: 15 | EG17: Var(Var(d)) | EH17: 1 | EI17: 2 | EJ17: 3 | EK17: 4 | EL17: 5 | EM17: 6 | EN17: 7 | EO17: 8 | EP17: 9 | EQ17: 10 | ER17: 11 | ES17: 12 | ET17: 13 | EU17: 14 | EV17: 15 | FC17: Var(Var(d)) | FD17: 1 | FE17: 2 | FF17: 3 | FG17: 4 | FH17: 5 | FI17: 6 | FJ17: 7 | FK17: 8 | FL17: 9 | FM17: 10 | FN17: 11 | FO17: 12 | FP17: 13 | FQ17: 14 | FR17: 15 | FY17: Var(Var(d)) | FZ17: 1 | GA17: 2 | GB17: 3 | GC17: 4 | GD17: 5 | GE17: 6 | GF17: 7 | GG17: 8 | GH17: 9 | GI17: 10 | GJ17: 11 | GK17: 12 | GL17: 13 | GM17: 14 | GN17: 15 | GU17: Var(Var(d)) | GV17: 1 | GW17: 2 | GX17: 3 | GY17: 4 | GZ17: 5 | HA17: 6 | HB17: 7 | HC17: 8 | HD17: 9 | HE17: 10 | HF17: 11 | HG17: 12 | HH17: 13 | HI17: 14 | HJ17: 15
C18: 1 | D18: =Supp_Fourth_central_moment_5var!D18 | E18: =Supp_Fourth_central_moment_5var!E18 | F18: =Supp_Fourth_central_moment_5var!F18 | G18: =Supp_Fourth_central_moment_5var!G18 | H18: =Supp_Fourth_central_moment_5var!H18 | I18: =Supp_Fourth_central_moment_5var!I18 | J18: =Supp_Fourth_central_moment_5var!J18 | K18: =Supp_Fourth_central_moment_5var!K18 | ... R18: =Supp_Fourth_central_moment_5var!R18 | T18: =SUM(D18:R20) | U18: 8.9810564e+08 | V18: =T18-U18 | AA18: 1 | AB18: 2844775.6 | AC18: 7742075.2 | AD18: 2229641.4 | AE18: 2432768.1 | AF18: 42027317 | AG18: 9873756.6 | AH18: 2163246.7 | AI18: 45899044 | AJ18: 26555973 | AK18: 12428393 | AL18: 37330296 | AM18: 2556127.9 | AN18: 9749356.5 | AO18: 8597118.3 | AP18: 85374523 | AW18: 1 | AX18: 2844775.6 | AY18: 7742075.2 | AZ18: 2229641.4 | BA18: 2432768.1 | BB18: 42027317 | BC18: 9873756.6 | BD18: 2163246.7 | BE18: 45899044 | BF18: 26555973 | BG18: 12428393 | BH18: 37330296 | BI18: 2556127.9 | BJ18: 9749356.5 | BK18: 8597118.3 | BL18: 85374523 | BS18: 1 | BT18: 2844775.6 | BU18: 7742075.2 | BV18: 2229641.4 | BW18: 2432768.1 | BX18: 42027317 | BY18: 9873756.6 | BZ18: 2163246.7 | CA18: 45899044 | CB18: 26555973 | CC18: 12428393 | CD18: 37330296 | CE18: 2556127.9 | CF18: 9749356.5 | CG18: 8597118.3 | CH18: 85374523 | CO18: 1 | CP18: 2844775.6 | CQ18: 7742075.2 | CR18: 2229641.4 | CS18: 2432768.1 | CT18: 42027317 | CU18: 9873756.6 | CV18: 2163246.7 | CW18: 45899044 | CX18: 26555973 | CY18: 12428393 | CZ18: 37330296 | DA18: 2556127.9 | DB18: 9749356.5 | DC18: 8597118.3 | DD18: 85374523 | DK18: 1 | DL18: 2844775.6 | DM18: 7742075.2 | DN18: 2229641.4 | DO18: 2432768.1 | DP18: 42027317 | DQ18: 9873756.6 | DR18: 2163246.7 | DS18: 45899044 | DT18: 26555973 | DU18: 12428393 | DV18: 37330296 | DW18: 2556127.9 | DX18: 9749356.5 | DY18: 8597118.3 | DZ18: 85374523 | EG18: 1 | EH18: 2844775.6 | EI18: 7742075.2 | EJ18: 2229641.4 | EK18: 2432768.1 | EL18: 42027317 | EM18: 9873756.6 | EN18: 2163246.7 | EO18: 45899044 | EP18: 26555973 | EQ18: 12428393 | ER18: 37330296 | ES18: 2556127.9 | ET18: 9749356.5 | EU18: 8597118.3 | EV18: 85374523 | FC18: 1 | FD18: 2844775.6 | FE18: 7742075.2 | FF18: 2229641.4 | FG18: 2432768.1 | FH18: 42027317 | FI18: 9873756.6 | FJ18: 2163246.7 | FK18: 45899044 | FL18: 26555973 | FM18: 12428393 | FN18: 37330296 | FO18: 2556127.9 | FP18: 9749356.5 | FQ18: 8597118.3 | FR18: 85374523 | FY18: 1 | FZ18: 2844775.6 | GA18: 7742075.2 | GB18: 2229641.4 | GC18: 2432768.1 | GD18: 42027317 | GE18: 9873756.6 | GF18: 2163246.7 | GG18: 45899044 | GH18: 26555973 | GI18: 12428393 | GJ18: 37330296 | GK18: 2556127.9 | GL18: 9749356.5 | GM18: 8597118.3 | GN18: 85374523 | GU18: 1 | GV18: 2844775.6 | GW18: 7742075.2 | GX18: 2229641.4 | GY18: 2432768.1 | GZ18: 42027317 | HA18: 9873756.6 | HB18: 2163246.7 | HC18: 45899044 | HD18: 26555973 | HE18: 12428393 | HF18: 37330296 | HG18: 2556127.9 | HH18: 9749356.5 | HI18: 8597118.3 | HJ18: 85374523
C19: 2 | D19: =Supp_Fourth_central_moment_5var!D19 | E19: =Supp_Fourth_central_moment_5var!E19 | F19: =Supp_Fourth_central_moment_5var!F19 | G19: =Supp_Fourth_central_moment_5var!G19 | H19: =Supp_Fourth_central_moment_5var!H19 | I19: =Supp_Fourth_central_moment_5var!I19 | J19: =Supp_Fourth_central_moment_5var!J19 | K19: =Supp_Fourth_central_moment_5var!K19 | ... R19: =Supp_Fourth_central_moment_5var!R19 | AA19: 2 | AB19: 16442955 | AC19: 9026290 | AD19: 4855892.1 | AE19: 13808858 | AF19: 25179163 | AG19: 34894600 | AH19: 9244423.7 | AI19: 2977286.9 | AJ19: 8318899.5 | AK19: 8485006.6 | AL19: 5997213.4 | AM19: 26367470 | AN19: 11445921 | AO19: 45386782 | AP19: 38903315 | AW19: 2 | AX19: 16442955 | AY19: 9026290 | AZ19: 4855892.1 | BA19: 13808858 | BB19: 25179163 | BC19: 34894600 | BD19: 9244423.7 | BE19: 2977286.9 | BF19: 8318899.5 | BG19: 8485006.6 | BH19: 5997213.4 | BI19: 26367470 | BJ19: 11445921 | BK19: 45386782 | BL19: 38903315 | BS19: 2 | BT19: 16442955 | BU19: 9026290 | BV19: 4855892.1 | BW19: 13808858 | BX19: 25179163 | BY19: 34894600 | BZ19: 9244423.7 | CA19: 2977286.9 | CB19: 8318899.5 | CC19: 8485006.6 | CD19: 5997213.4 | CE19: 26367470 | CF19: 11445921 | CG19: 45386782 | CH19: 38903315 | CO19: 2 | CP19: 16442955 | CQ19: 9026290 | CR19: 4855892.1 | CS19: 13808858 | CT19: 25179163 | CU19: 34894600 | CV19: 9244423.7 | CW19: 2977286.9 | CX19: 8318899.5 | CY19: 8485006.6 | CZ19: 5997213.4 | DA19: 26367470 | DB19: 11445921 | DC19: 45386782 | DD19: 38903315 | DK19: 2 | DL19: 16442955 | DM19: 9026290 | DN19: 4855892.1 | DO19: 13808858 | DP19: 25179163 | DQ19: 34894600 | DR19: 9244423.7 | DS19: 2977286.9 | DT19: 8318899.5 | DU19: 8485006.6 | DV19: 5997213.4 | DW19: 26367470 | DX19: 11445921 | DY19: 45386782 | DZ19: 38903315 | EG19: 2 | EH19: 16442955 | EI19: 9026290 | EJ19: 4855892.1 | EK19: 13808858 | EL19: 25179163 | EM19: 34894600 | EN19: 9244423.7 | EO19: 2977286.9 | EP19: 8318899.5 | EQ19: 8485006.6 | ER19: 5997213.4 | ES19: 26367470 | ET19: 11445921 | EU19: 45386782 | EV19: 38903315 | FC19: 2 | FD19: 16442955 | FE19: 9026290 | FF19: 4855892.1 | FG19: 13808858 | FH19: 25179163 | FI19: 34894600 | FJ19: 9244423.7 | FK19: 2977286.9 | FL19: 8318899.5 | FM19: 8485006.6 | FN19: 5997213.4 | FO19: 26367470 | FP19: 11445921 | FQ19: 45386782 | FR19: 38903315 | FY19: 2 | FZ19: 16442955 | GA19: 9026290 | GB19: 4855892.1 | GC19: 13808858 | GD19: 25179163 | GE19: 34894600 | GF19: 9244423.7 | GG19: 2977286.9 | GH19: 8318899.5 | GI19: 8485006.6 | GJ19: 5997213.4 | GK19: 26367470 | GL19: 11445921 | GM19: 45386782 | GN19: 38903315 | GU19: 2 | GV19: 16442955 | GW19: 9026290 | GX19: 4855892.1 | GY19: 13808858 | GZ19: 25179163 | HA19: 34894600 | HB19: 9244423.7 | HC19: 2977286.9 | HD19: 8318899.5 | HE19: 8485006.6 | HF19: 5997213.4 | HG19: 26367470 | HH19: 11445921 | HI19: 45386782 | HJ19: 38903315
C20: 3 | D20: =Supp_Fourth_central_moment_5var!D20 | E20: =Supp_Fourth_central_moment_5var!E20 | F20: =Supp_Fourth_central_moment_5var!F20 | G20: =Supp_Fourth_central_moment_5var!G20 | H20: =Supp_Fourth_central_moment_5var!H20 | I20: =Supp_Fourth_central_moment_5var!I20 | J20: =Supp_Fourth_central_moment_5var!J20 | K20: =Supp_Fourth_central_moment_5var!K20 | ... R20: =Supp_Fourth_central_moment_5var!R20 | AA20: 3 | AB20: 58453271 | AC20: 4551358.7 | AD20: 2885793.1 | AE20: 69307093 | AF20: 5392062.9 | AG20: 65012269 | AH20: 23677849 | AI20: 14290849 | AJ20: 5095842.9 | AK20: 5486371 | AL20: 19131440 | AM20: 11275128 | AN20: 12931980 | AO20: 14603460 | AP20: 26872387 | AW20: 3 | AX20: 58453271 | AY20: 4551358.7 | AZ20: 2885793.1 | BA20: 69307093 | BB20: 5392062.9 | BC20: 65012269 | BD20: 23677849 | BE20: 14290849 | BF20: 5095842.9 | BG20: 5486371 | BH20: 19131440 | BI20: 11275128 | BJ20: 12931980 | BK20: 14603460 | BL20: 26872387 | BS20: 3 | BT20: 58453271 | BU20: 4551358.7 | BV20: 2885793.1 | BW20: 69307093 | BX20: 5392062.9 | BY20: 65012269 | BZ20: 23677849 | CA20: 14290849 | CB20: 5095842.9 | CC20: 5486371 | CD20: 19131440 | CE20: 11275128 | CF20: 12931980 | CG20: 14603460 | CH20: 26872387 | CO20: 3 | CP20: 58453271 | CQ20: 4551358.7 | CR20: 2885793.1 | CS20: 69307093 | CT20: 5392062.9 | CU20: 65012269 | CV20: 23677849 | CW20: 14290849 | CX20: 5095842.9 | CY20: 5486371 | CZ20: 19131440 | DA20: 11275128 | DB20: 12931980 | DC20: 14603460 | DD20: 26872387 | DK20: 3 | DL20: 58453271 | DM20: 4551358.7 | DN20: 2885793.1 | DO20: 69307093 | DP20: 5392062.9 | DQ20: 65012269 | DR20: 23677849 | DS20: 14290849 | DT20: 5095842.9 | DU20: 5486371 | DV20: 19131440 | DW20: 11275128 | DX20: 12931980 | DY20: 14603460 | DZ20: 26872387 | EG20: 3 | EH20: 58453271 | EI20: 4551358.7 | EJ20: 2885793.1 | EK20: 69307093 | EL20: 5392062.9 | EM20: 65012269 | EN20: 23677849 | EO20: 14290849 | EP20: 5095842.9 | EQ20: 5486371 | ER20: 19131440 | ES20: 11275128 | ET20: 12931980 | EU20: 14603460 | EV20: 26872387 | FC20: 3 | FD20: 58453271 | FE20: 4551358.7 | FF20: 2885793.1 | FG20: 69307093 | FH20: 5392062.9 | FI20: 65012269 | FJ20: 23677849 | FK20: 14290849 | FL20: 5095842.9 | FM20: 5486371 | FN20: 19131440 | FO20: 11275128 | FP20: 12931980 | FQ20: 14603460 | FR20: 26872387 | FY20: 3 | FZ20: 58453271 | GA20: 4551358.7 | GB20: 2885793.1 | GC20: 69307093 | GD20: 5392062.9 | GE20: 65012269 | GF20: 23677849 | GG20: 14290849 | GH20: 5095842.9 | GI20: 5486371 | GJ20: 19131440 | GK20: 11275128 | GL20: 12931980 | GM20: 14603460 | GN20: 26872387 | GU20: 3 | GV20: 58453271 | GW20: 4551358.7 | GX20: 2885793.1 | GY20: 69307093 | GZ20: 5392062.9 | HA20: 65012269 | HB20: 23677849 | HC20: 14290849 | HD20: 5095842.9 | HE20: 5486371 | HF20: 19131440 | HG20: 11275128 | HH20: 12931980 | HI20: 14603460 | HJ20: 26872387
C22: Var(Var(Cap)) | D22: 1 | E22: 2 | F22: 3 | G22: 4 | H22: 5 | I22: 6 | J22: 7 | K22: 8 | L22: 9 | M22: 10 | N22: 11 | O22: 12 | P22: 13 | Q22: 14 | R22: 15 | AA22: Var(Var(Cap)) | AB22: 1 | AC22: 2 | AD22: 3 | AE22: 4 | AF22: 5 | AG22: 6 | AH22: 7 | AI22: 8 | AJ22: 9 | AK22: 10 | AL22: 11 | AM22: 12 | AN22: 13 | AO22: 14 | AP22: 15 | AW22: Var(Var(Cap)) | AX22: 1 | AY22: 2 | AZ22: 3 | BA22: 4 | BB22: 5 | BC22: 6 | BD22: 7 | BE22: 8 | BF22: 9 | BG22: 10 | BH22: 11 | BI22: 12 | BJ22: 13 | BK22: 14 | BL22: 15 | BS22: Var(Var(Cap)) | BT22: 1 | BU22: 2 | BV22: 3 | BW22: 4 | BX22: 5 | BY22: 6 | BZ22: 7 | CA22: 8 | CB22: 9 | CC22: 10 | CD22: 11 | CE22: 12 | CF22: 13 | CG22: 14 | CH22: 15 | CO22: Var(Var(Cap)) | CP22: 1 | CQ22: 2 | CR22: 3 | CS22: 4 | CT22: 5 | CU22: 6 | CV22: 7 | CW22: 8 | CX22: 9 | CY22: 10 | CZ22: 11 | DA22: 12 | DB22: 13 | DC22: 14 | DD22: 15 | DK22: Var(Var(Cap)) | DL22: 1 | DM22: 2 | DN22: 3 | DO22: 4 | DP22: 5 | DQ22: 6 | DR22: 7 | DS22: 8 | DT22: 9 | DU22: 10 | DV22: 11 | DW22: 12 | DX22: 13 | DY22: 14 | DZ22: 15 | EG22: Var(Var(Cap)) | EH22: 1 | EI22: 2 | EJ22: 3 | EK22: 4 | EL22: 5 | EM22: 6 | EN22: 7 | EO22: 8 | EP22: 9 | EQ22: 10 | ER22: 11 | ES22: 12 | ET22: 13 | EU22: 14 | EV22: 15 | FC22: Var(Var(Cap)) | FD22: 1 | FE22: 2 | FF22: 3 | FG22: 4 | FH22: 5 | FI22: 6 | FJ22: 7 | FK22: 8 | FL22: 9 | FM22: 10 | FN22: 11 | FO22: 12 | FP22: 13 | FQ22: 14 | FR22: 15 | FY22: Var(Var(Cap)) | FZ22: 1 | GA22: 2 | GB22: 3 | GC22: 4 | GD22: 5 | GE22: 6 | GF22: 7 | GG22: 8 | GH22: 9 | GI22: 10 | GJ22: 11 | GK22: 12 | GL22: 13 | GM22: 14 | GN22: 15 | GU22: Var(Var(Cap)) | GV22: 1 | GW22: 2 | GX22: 3 | GY22: 4 | GZ22: 5 | HA22: 6 | HB22: 7 | HC22: 8 | HD22: 9 | HE22: 10 | HF22: 11 | HG22: 12 | HH22: 13 | HI22: 14 | HJ22: 15
C23: 1 | D23: =Supp_Fourth_central_moment_5var!D24 | E23: =Supp_Fourth_central_moment_5var!E24 | F23: =Supp_Fourth_central_moment_5var!F24 | G23: =Supp_Fourth_central_moment_5var!G24 | H23: =Supp_Fourth_central_moment_5var!H24 | I23: =Supp_Fourth_central_moment_5var!I24 | J23: =Supp_Fourth_central_moment_5var!J24 | K23: =Supp_Fourth_central_moment_5var!K24 | ... R23: =Supp_Fourth_central_moment_5var!R24 | T23: =SUM(D23:R25) | U23: 7.4152942e+08 | V23: =T23-U23 | AA23: 1 | AB23: 8526359.4 | AC23: 12657216 | AD23: 18040924 | AE23: 11831926 | AF23: 27221024 | AG23: 1919326 | AH23: 15405680 | AI23: 11110350 | AJ23: 8390576.7 | AK23: 17370807 | AL23: 31963314 | AM23: 3912563.3 | AN23: 4076126.2 | AO23: 2176888.1 | AP23: 22626377 | AW23: 1 | AX23: 8526359.4 | AY23: 12657216 | AZ23: 18040924 | BA23: 11831926 | BB23: 27221024 | BC23: 1919326 | BD23: 15405680 | BE23: 11110350 | BF23: 8390576.7 | BG23: 17370807 | BH23: 31963314 | BI23: 3912563.3 | BJ23: 4076126.2 | BK23: 2176888.1 | BL23: 22626377 | BS23: 1 | BT23: 8526359.4 | BU23: 12657216 | BV23: 18040924 | BW23: 11831926 | BX23: 27221024 | BY23: 1919326 | BZ23: 15405680 | CA23: 11110350 | CB23: 8390576.7 | CC23: 17370807 | CD23: 31963314 | CE23: 3912563.3 | CF23: 4076126.2 | CG23: 2176888.1 | CH23: 22626377 | CO23: 1 | CP23: 8526359.4 | CQ23: 12657216 | CR23: 18040924 | CS23: 11831926 | CT23: 27221024 | CU23: 1919326 | CV23: 15405680 | CW23: 11110350 | CX23: 8390576.7 | CY23: 17370807 | CZ23: 31963314 | DA23: 3912563.3 | DB23: 4076126.2 | DC23: 2176888.1 | DD23: 22626377 | DK23: 1 | DL23: 8526359.4 | DM23: 12657216 | DN23: 18040924 | DO23: 11831926 | DP23: 27221024 | DQ23: 1919326 | DR23: 15405680 | DS23: 11110350 | DT23: 8390576.7 | DU23: 17370807 | DV23: 31963314 | DW23: 3912563.3 | DX23: 4076126.2 | DY23: 2176888.1 | DZ23: 22626377 | EG23: 1 | EH23: 8526359.4 | EI23: 12657216 | EJ23: 18040924 | EK23: 11831926 | EL23: 27221024 | EM23: 1919326 | EN23: 15405680 | EO23: 11110350 | EP23: 8390576.7 | EQ23: 17370807 | ER23: 31963314 | ES23: 3912563.3 | ET23: 4076126.2 | EU23: 2176888.1 | EV23: 22626377 | FC23: 1 | FD23: 8526359.4 | FE23: 12657216 | FF23: 18040924 | FG23: 11831926 | FH23: 27221024 | FI23: 1919326 | FJ23: 15405680 | FK23: 11110350 | FL23: 8390576.7 | FM23: 17370807 | FN23: 31963314 | FO23: 3912563.3 | FP23: 4076126.2 | FQ23: 2176888.1 | FR23: 22626377 | FY23: 1 | FZ23: 8526359.4 | GA23: 12657216 | GB23: 18040924 | GC23: 11831926 | GD23: 27221024 | GE23: 1919326 | GF23: 15405680 | GG23: 11110350 | GH23: 8390576.7 | GI23: 17370807 | GJ23: 31963314 | GK23: 3912563.3 | GL23: 4076126.2 | GM23: 2176888.1 | GN23: 22626377 | GU23: 1 | GV23: 8526359.4 | GW23: 12657216 | GX23: 18040924 | GY23: 11831926 | GZ23: 27221024 | HA23: 1919326 | HB23: 15405680 | HC23: 11110350 | HD23: 8390576.7 | HE23: 17370807 | HF23: 31963314 | HG23: 3912563.3 | HH23: 4076126.2 | HI23: 2176888.1 | HJ23: 22626377
C24: 2 | D24: =Supp_Fourth_central_moment_5var!D25 | E24: =Supp_Fourth_central_moment_5var!E25 | F24: =Supp_Fourth_central_moment_5var!F25 | G24: =Supp_Fourth_central_moment_5var!G25 | H24: =Supp_Fourth_central_moment_5var!H25 | I24: =Supp_Fourth_central_moment_5var!I25 | J24: =Supp_Fourth_central_moment_5var!J25 | K24: =Supp_Fourth_central_moment_5var!K25 | ... R24: =Supp_Fourth_central_moment_5var!R25 | AA24: 2 | AB24: 6878770.2 | AC24: 4160458.1 | AD24: 12301143 | AE24: 1.0452533e+08 | AF24: 17313597 | AG24: 16551330 | AH24: 8533079.4 | AI24: 9406080.4 | AJ24: 20459970 | AK24: 2934289.7 | AL24: 22429145 | AM24: 11754810 | AN24: 4985629.9 | AO24: 27519080 | AP24: 16282301 | AW24: 2 | AX24: 6878770.2 | AY24: 4160458.1 | AZ24: 12301143 | BA24: 1.0452533e+08 | BB24: 17313597 | BC24: 16551330 | BD24: 8533079.4 | BE24: 9406080.4 | BF24: 20459970 | BG24: 2934289.7 | BH24: 22429145 | BI24: 11754810 | BJ24: 4985629.9 | BK24: 27519080 | BL24: 16282301 | BS24: 2 | BT24: 6878770.2 | BU24: 4160458.1 | BV24: 12301143 | BW24: 1.0452533e+08 | BX24: 17313597 | BY24: 16551330 | BZ24: 8533079.4 | CA24: 9406080.4 | CB24: 20459970 | CC24: 2934289.7 | CD24: 22429145 | CE24: 11754810 | CF24: 4985629.9 | CG24: 27519080 | CH24: 16282301 | CO24: 2 | CP24: 6878770.2 | CQ24: 4160458.1 | CR24: 12301143 | CS24: 1.0452533e+08 | CT24: 17313597 | CU24: 16551330 | CV24: 8533079.4 | CW24: 9406080.4 | CX24: 20459970 | CY24: 2934289.7 | CZ24: 22429145 | DA24: 11754810 | DB24: 4985629.9 | DC24: 27519080 | DD24: 16282301 | DK24: 2 | DL24: 6878770.2 | DM24: 4160458.1 | DN24: 12301143 | DO24: 1.0452533e+08 | DP24: 17313597 | DQ24: 16551330 | DR24: 8533079.4 | DS24: 9406080.4 | DT24: 20459970 | DU24: 2934289.7 | DV24: 22429145 | DW24: 11754810 | DX24: 4985629.9 | DY24: 27519080 | DZ24: 16282301 | EG24: 2 | EH24: 6878770.2 | EI24: 4160458.1 | EJ24: 12301143 | EK24: 1.0452533e+08 | EL24: 17313597 | EM24: 16551330 | EN24: 8533079.4 | EO24: 9406080.4 | EP24: 20459970 | EQ24: 2934289.7 | ER24: 22429145 | ES24: 11754810 | ET24: 4985629.9 | EU24: 27519080 | EV24: 16282301 | FC24: 2 | FD24: 6878770.2 | FE24: 4160458.1 | FF24: 12301143 | FG24: 1.0452533e+08 | FH24: 17313597 | FI24: 16551330 | FJ24: 8533079.4 | FK24: 9406080.4 | FL24: 20459970 | FM24: 2934289.7 | FN24: 22429145 | FO24: 11754810 | FP24: 4985629.9 | FQ24: 27519080 | FR24: 16282301 | FY24: 2 | FZ24: 6878770.2 | GA24: 4160458.1 | GB24: 12301143 | GC24: 1.0452533e+08 | GD24: 17313597 | GE24: 16551330 | GF24: 8533079.4 | GG24: 9406080.4 | GH24: 20459970 | GI24: 2934289.7 | GJ24: 22429145 | GK24: 11754810 | GL24: 4985629.9 | GM24: 27519080 | GN24: 16282301 | GU24: 2 | GV24: 6878770.2 | GW24: 4160458.1 | GX24: 12301143 | GY24: 1.0452533e+08 | GZ24: 17313597 | HA24: 16551330 | HB24: 8533079.4 | HC24: 9406080.4 | HD24: 20459970 | HE24: 2934289.7 | HF24: 22429145 | HG24: 11754810 | HH24: 4985629.9 | HI24: 27519080 | HJ24: 16282301
C25: 3 | D25: =Supp_Fourth_central_moment_5var!D26 | E25: =Supp_Fourth_central_moment_5var!E26 | F25: =Supp_Fourth_central_moment_5var!F26 | G25: =Supp_Fourth_central_moment_5var!G26 | H25: =Supp_Fourth_central_moment_5var!H26 | I25: =Supp_Fourth_central_moment_5var!I26 | J25: =Supp_Fourth_central_moment_5var!J26 | K25: =Supp_Fourth_central_moment_5var!K26 | ... R25: =Supp_Fourth_central_moment_5var!R26 | AA25: 3 | AB25: 11418019 | AC25: 16496157 | AD25: 26265785 | AE25: 29589068 | AF25: 18192654 | AG25: 8745661 | AH25: 2328698.7 | AI25: 27459813 | AJ25: 24860351 | AK25: 8627578.1 | AL25: 3371880.8 | AM25: 9817630 | AN25: 36082173 | AO25: 23660993 | AP25: 11348486 | AW25: 3 | AX25: 11418019 | AY25: 16496157 | AZ25: 26265785 | BA25: 29589068 | BB25: 18192654 | BC25: 8745661 | BD25: 2328698.7 | BE25: 27459813 | BF25: 24860351 | BG25: 8627578.1 | BH25: 3371880.8 | BI25: 9817630 | BJ25: 36082173 | BK25: 23660993 | BL25: 11348486 | BS25: 3 | BT25: 11418019 | BU25: 16496157 | BV25: 26265785 | BW25: 29589068 | BX25: 18192654 | BY25: 8745661 | BZ25: 2328698.7 | CA25: 27459813 | CB25: 24860351 | CC25: 8627578.1 | CD25: 3371880.8 | CE25: 9817630 | CF25: 36082173 | CG25: 23660993 | CH25: 11348486 | CO25: 3 | CP25: 11418019 | CQ25: 16496157 | CR25: 26265785 | CS25: 29589068 | CT25: 18192654 | CU25: 8745661 | CV25: 2328698.7 | CW25: 27459813 | CX25: 24860351 | CY25: 8627578.1 | CZ25: 3371880.8 | DA25: 9817630 | DB25: 36082173 | DC25: 23660993 | DD25: 11348486 | DK25: 3 | DL25: 11418019 | DM25: 16496157 | DN25: 26265785 | DO25: 29589068 | DP25: 18192654 | DQ25: 8745661 | DR25: 2328698.7 | DS25: 27459813 | DT25: 24860351 | DU25: 8627578.1 | DV25: 3371880.8 | DW25: 9817630 | DX25: 36082173 | DY25: 23660993 | DZ25: 11348486 | EG25: 3 | EH25: 11418019 | EI25: 16496157 | EJ25: 26265785 | EK25: 29589068 | EL25: 18192654 | EM25: 8745661 | EN25: 2328698.7 | EO25: 27459813 | EP25: 24860351 | EQ25: 8627578.1 | ER25: 3371880.8 | ES25: 9817630 | ET25: 36082173 | EU25: 23660993 | EV25: 11348486 | FC25: 3 | FD25: 11418019 | FE25: 16496157 | FF25: 26265785 | FG25: 29589068 | FH25: 18192654 | FI25: 8745661 | FJ25: 2328698.7 | FK25: 27459813 | FL25: 24860351 | FM25: 8627578.1 | FN25: 3371880.8 | FO25: 9817630 | FP25: 36082173 | FQ25: 23660993 | FR25: 11348486 | FY25: 3 | FZ25: 11418019 | GA25: 16496157 | GB25: 26265785 | GC25: 29589068 | GD25: 18192654 | GE25: 8745661 | GF25: 2328698.7 | GG25: 27459813 | GH25: 24860351 | GI25: 8627578.1 | GJ25: 3371880.8 | GK25: 9817630 | GL25: 36082173 | GM25: 23660993 | GN25: 11348486 | GU25: 3 | GV25: 11418019 | GW25: 16496157 | GX25: 26265785 | GY25: 29589068 | GZ25: 18192654 | HA25: 8745661 | HB25: 2328698.7 | HC25: 27459813 | HD25: 24860351 | HE25: 8627578.1 | HF25: 3371880.8 | HG25: 9817630 | HH25: 36082173 | HI25: 23660993 | HJ25: 11348486
B27: 0.2 | C27: CV | D27: 1 | E27: 2 | F27: 3 | G27: 4 | H27: 5 | I27: 6 | J27: 7 | K27: 8 | L27: 9 | M27: 10 | N27: 11 | O27: 12 | P27: 13 | Q27: 14 | R27: 15 | Z27: 0.2 | AA27: CV | AB27: 1 | AC27: 2 | AD27: 3 | AE27: 4 | AF27: 5 | AG27: 6 | AH27: 7 | AI27: 8 | AJ27: 9 | AK27: 10 | AL27: 11 | AM27: 12 | AN27: 13 | AO27: 14 | AP27: 15 | AV27: 0.2 | AW27: CV | AX27: 1 | AY27: 2 | AZ27: 3 | BA27: 4 | BB27: 5 | BC27: 6 | BD27: 7 | BE27: 8 | BF27: 9 | BG27: 10 | BH27: 11 | BI27: 12 | BJ27: 13 | BK27: 14 | BL27: 15 | BR27: 0.2 | BS27: CV | BT27: 1 | BU27: 2 | BV27: 3 | BW27: 4 | BX27: 5 | BY27: 6 | BZ27: 7 | CA27: 8 | CB27: 9 | CC27: 10 | CD27: 11 | CE27: 12 | CF27: 13 | CG27: 14 | CH27: 15 | CN27: 0.2 | CO27: CV | CP27: 1 | CQ27: 2 | CR27: 3 | CS27: 4 | CT27: 5 | CU27: 6 | CV27: 7 | CW27: 8 | CX27: 9 | CY27: 10 | CZ27: 11 | DA27: 12 | DB27: 13 | DC27: 14 | DD27: 15 | DJ27: 0.2 | DK27: CV | DL27: 1 | DM27: 2 | DN27: 3 | DO27: 4 | DP27: 5 | DQ27: 6 | DR27: 7 | DS27: 8 | DT27: 9 | DU27: 10 | DV27: 11 | DW27: 12 | DX27: 13 | DY27: 14 | DZ27: 15 | EF27: 0.2 | EG27: CV | EH27: 1 | EI27: 2 | EJ27: 3 | EK27: 4 | EL27: 5 | EM27: 6 | EN27: 7 | EO27: 8 | EP27: 9 | EQ27: 10 | ER27: 11 | ES27: 12 | ET27: 13 | EU27: 14 | EV27: 15 | FB27: 0.2 | FC27: CV | FD27: 1 | FE27: 2 | FF27: 3 | FG27: 4 | FH27: 5 | FI27: 6 | FJ27: 7 | FK27: 8 | FL27: 9 | FM27: 10 | FN27: 11 | FO27: 12 | FP27: 13 | FQ27: 14 | FR27: 15 | FX27: 0.2 | FY27: CV | FZ27: 1 | GA27: 2 | GB27: 3 | GC27: 4 | GD27: 5 | GE27: 6 | GF27: 7 | GG27: 8 | GH27: 9 | GI27: 10 | GJ27: 11 | GK27: 12 | GL27: 13 | GM27: 14 | GN27: 15 | GT27: 0.2 | GU27: CV | GV27: 1 | GW27: 2 | GX27: 3 | GY27: 4 | GZ27: 5 | HA27: 6 | HB27: 7 | HC27: 8 | HD27: 9 | HE27: 10 | HF27: 11 | HG27: 12 | HH27: 13 | HI27: 14 | HJ27: 15
B28: 0.2 | C28: 1 | D28: =$B$27 | E28: =$B$27 | F28: =$B$27 | G28: =$B$27 | H28: =$B$27 | I28: =$B$27 | J28: =$B$27 | K28: =$B$27 | ... R28: =$B$27 | T28: =SUM(D28:R30) | U28: 9 | V28: =T28-U28 | Z28: 0.2 | AA28: 1 | AB28: 0.2 | AC28: 0.2 | AD28: 0.2 | AE28: 0.2 | AF28: 0.2 | AG28: 0.2 | AH28: 0.2 | AI28: 0.2 | AJ28: 0.2 | AK28: 0.2 | AL28: 0.2 | AM28: 0.2 | AN28: 0.2 | AO28: 0.2 | AP28: 0.2 | AV28: 0.2 | AW28: 1 | AX28: 0.2 | AY28: 0.2 | AZ28: 0.2 | BA28: 0.2 | BB28: 0.2 | BC28: 0.2 | BD28: 0.2 | BE28: 0.2 | BF28: 0.2 | BG28: 0.2 | BH28: 0.2 | BI28: 0.2 | BJ28: 0.2 | BK28: 0.2 | BL28: 0.2 | BR28: 0.2 | BS28: 1 | BT28: 0.2 | BU28: 0.2 | BV28: 0.2 | BW28: 0.2 | BX28: 0.2 | BY28: 0.2 | BZ28: 0.2 | CA28: 0.2 | CB28: 0.2 | CC28: 0.2 | CD28: 0.2 | CE28: 0.2 | CF28: 0.2 | CG28: 0.2 | CH28: 0.2 | CN28: 0.2 | CO28: 1 | CP28: 0.2 | CQ28: 0.2 | CR28: 0.2 | CS28: 0.2 | CT28: 0.2 | CU28: 0.2 | CV28: 0.2 | CW28: 0.2 | CX28: 0.2 | CY28: 0.2 | CZ28: 0.2 | DA28: 0.2 | DB28: 0.2 | DC28: 0.2 | DD28: 0.2 | DJ28: 0.2 | DK28: 1 | DL28: 0.2 | DM28: 0.2 | DN28: 0.2 | DO28: 0.2 | DP28: 0.2 | DQ28: 0.2 | DR28: 0.2 | DS28: 0.2 | DT28: 0.2 | DU28: 0.2 | DV28: 0.2 | DW28: 0.2 | DX28: 0.2 | DY28: 0.2 | DZ28: 0.2 | EF28: 0.2 | EG28: 1 | EH28: 0.2 | EI28: 0.2 | EJ28: 0.2 | EK28: 0.2 | EL28: 0.2 | EM28: 0.2 | EN28: 0.2 | EO28: 0.2 | EP28: 0.2 | EQ28: 0.2 | ER28: 0.2 | ES28: 0.2 | ET28: 0.2 | EU28: 0.2 | EV28: 0.2 | FB28: 0.2 | FC28: 1 | FD28: 0.2 | FE28: 0.2 | FF28: 0.2 | FG28: 0.2 | FH28: 0.2 | FI28: 0.2 | FJ28: 0.2 | FK28: 0.2 | FL28: 0.2 | FM28: 0.2 | FN28: 0.2 | FO28: 0.2 | FP28: 0.2 | FQ28: 0.2 | FR28: 0.2 | FX28: 0.2 | FY28: 1 | FZ28: 0.2 | GA28: 0.2 | GB28: 0.2 | GC28: 0.2 | GD28: 0.2 | GE28: 0.2 | GF28: 0.2 | GG28: 0.2 | GH28: 0.2 | GI28: 0.2 | GJ28: 0.2 | GK28: 0.2 | GL28: 0.2 | GM28: 0.2 | GN28: 0.2 | GT28: 0.2 | GU28: 1 | GV28: 0.2 | GW28: 0.2 | GX28: 0.2 | GY28: 0.2 | GZ28: 0.2 | HA28: 0.2 | HB28: 0.2 | HC28: 0.2 | HD28: 0.2 | HE28: 0.2 | HF28: 0.2 | HG28: 0.2 | HH28: 0.2 | HI28: 0.2 | HJ28: 0.2
B29: 0.6 | C29: 2 | D29: =$B$27 | E29: =$B$27 | F29: =$B$27 | G29: =$B$27 | H29: =$B$27 | I29: =$B$27 | J29: =$B$27 | K29: =$B$27 | ... R29: =$B$27 | Z29: 0.6 | AA29: 2 | AB29: 0.2 | AC29: 0.2 | AD29: 0.2 | AE29: 0.2 | AF29: 0.2 | AG29: 0.2 | AH29: 0.2 | AI29: 0.2 | AJ29: 0.2 | AK29: 0.2 | AL29: 0.2 | AM29: 0.2 | AN29: 0.2 | AO29: 0.2 | AP29: 0.2 | AV29: 0.6 | AW29: 2 | AX29: 0.2 | AY29: 0.2 | AZ29: 0.2 | BA29: 0.2 | BB29: 0.2 | BC29: 0.2 | BD29: 0.2 | BE29: 0.2 | BF29: 0.2 | BG29: 0.2 | BH29: 0.2 | BI29: 0.2 | BJ29: 0.2 | BK29: 0.2 | BL29: 0.2 | BR29: 0.6 | BS29: 2 | BT29: 0.2 | BU29: 0.2 | BV29: 0.2 | BW29: 0.2 | BX29: 0.2 | BY29: 0.2 | BZ29: 0.2 | CA29: 0.2 | CB29: 0.2 | CC29: 0.2 | CD29: 0.2 | CE29: 0.2 | CF29: 0.2 | CG29: 0.2 | CH29: 0.2 | CN29: 0.6 | CO29: 2 | CP29: 0.2 | CQ29: 0.2 | CR29: 0.2 | CS29: 0.2 | CT29: 0.2 | CU29: 0.2 | CV29: 0.2 | CW29: 0.2 | CX29: 0.2 | CY29: 0.2 | CZ29: 0.2 | DA29: 0.2 | DB29: 0.2 | DC29: 0.2 | DD29: 0.2 | DJ29: 0.6 | DK29: 2 | DL29: 0.2 | DM29: 0.2 | DN29: 0.2 | DO29: 0.2 | DP29: 0.2 | DQ29: 0.2 | DR29: 0.2 | DS29: 0.2 | DT29: 0.2 | DU29: 0.2 | DV29: 0.2 | DW29: 0.2 | DX29: 0.2 | DY29: 0.2 | DZ29: 0.2 | EF29: 0.6 | EG29: 2 | EH29: 0.2 | EI29: 0.2 | EJ29: 0.2 | EK29: 0.2 | EL29: 0.2 | EM29: 0.2 | EN29: 0.2 | EO29: 0.2 | EP29: 0.2 | EQ29: 0.2 | ER29: 0.2 | ES29: 0.2 | ET29: 0.2 | EU29: 0.2 | EV29: 0.2 | FB29: 0.6 | FC29: 2 | FD29: 0.2 | FE29: 0.2 | FF29: 0.2 | FG29: 0.2 | FH29: 0.2 | FI29: 0.2 | FJ29: 0.2 | FK29: 0.2 | FL29: 0.2 | FM29: 0.2 | FN29: 0.2 | FO29: 0.2 | FP29: 0.2 | FQ29: 0.2 | FR29: 0.2 | FX29: 0.6 | FY29: 2 | FZ29: 0.2 | GA29: 0.2 | GB29: 0.2 | GC29: 0.2 | GD29: 0.2 | GE29: 0.2 | GF29: 0.2 | GG29: 0.2 | GH29: 0.2 | GI29: 0.2 | GJ29: 0.2 | GK29: 0.2 | GL29: 0.2 | GM29: 0.2 | GN29: 0.2 | GT29: 0.6 | GU29: 2 | GV29: 0.2 | GW29: 0.2 | GX29: 0.2 | GY29: 0.2 | GZ29: 0.2 | HA29: 0.2 | HB29: 0.2 | HC29: 0.2 | HD29: 0.2 | HE29: 0.2 | HF29: 0.2 | HG29: 0.2 | HH29: 0.2 | HI29: 0.2 | HJ29: 0.2
B30: 1 | C30: 3 | D30: =$B$27 | E30: =$B$27 | F30: =$B$27 | G30: =$B$27 | H30: =$B$27 | I30: =$B$27 | J30: =$B$27 | K30: =$B$27 | ... R30: =$B$27 | Z30: 1 | AA30: 3 | AB30: 0.2 | AC30: 0.2 | AD30: 0.2 | AE30: 0.2 | AF30: 0.2 | AG30: 0.2 | AH30: 0.2 | AI30: 0.2 | AJ30: 0.2 | AK30: 0.2 | AL30: 0.2 | AM30: 0.2 | AN30: 0.2 | AO30: 0.2 | AP30: 0.2 | AV30: 1 | AW30: 3 | AX30: 0.2 | AY30: 0.2 | AZ30: 0.2 | BA30: 0.2 | BB30: 0.2 | BC30: 0.2 | BD30: 0.2 | BE30: 0.2 | BF30: 0.2 | BG30: 0.2 | BH30: 0.2 | BI30: 0.2 | BJ30: 0.2 | BK30: 0.2 | BL30: 0.2 | BR30: 1 | BS30: 3 | BT30: 0.2 | BU30: 0.2 | BV30: 0.2 | BW30: 0.2 | BX30: 0.2 | BY30: 0.2 | BZ30: 0.2 | CA30: 0.2 | CB30: 0.2 | CC30: 0.2 | CD30: 0.2 | CE30: 0.2 | CF30: 0.2 | CG30: 0.2 | CH30: 0.2 | CN30: 1 | CO30: 3 | CP30: 0.2 | CQ30: 0.2 | CR30: 0.2 | CS30: 0.2 | CT30: 0.2 | CU30: 0.2 | CV30: 0.2 | CW30: 0.2 | CX30: 0.2 | CY30: 0.2 | CZ30: 0.2 | DA30: 0.2 | DB30: 0.2 | DC30: 0.2 | DD30: 0.2 | DJ30: 1 | DK30: 3 | DL30: 0.2 | DM30: 0.2 | DN30: 0.2 | DO30: 0.2 | DP30: 0.2 | DQ30: 0.2 | DR30: 0.2 | DS30: 0.2 | DT30: 0.2 | DU30: 0.2 | DV30: 0.2 | DW30: 0.2 | DX30: 0.2 | DY30: 0.2 | DZ30: 0.2 | EF30: 1 | EG30: 3 | EH30: 0.2 | EI30: 0.2 | EJ30: 0.2 | EK30: 0.2 | EL30: 0.2 | EM30: 0.2 | EN30: 0.2 | EO30: 0.2 | EP30: 0.2 | EQ30: 0.2 | ER30: 0.2 | ES30: 0.2 | ET30: 0.2 | EU30: 0.2 | EV30: 0.2 | FB30: 1 | FC30: 3 | FD30: 0.2 | FE30: 0.2 | FF30: 0.2 | FG30: 0.2 | FH30: 0.2 | FI30: 0.2 | FJ30: 0.2 | FK30: 0.2 | FL30: 0.2 | FM30: 0.2 | FN30: 0.2 | FO30: 0.2 | FP30: 0.2 | FQ30: 0.2 | FR30: 0.2 | FX30: 1 | FY30: 3 | FZ30: 0.2 | GA30: 0.2 | GB30: 0.2 | GC30: 0.2 | GD30: 0.2 | GE30: 0.2 | GF30: 0.2 | GG30: 0.2 | GH30: 0.2 | GI30: 0.2 | GJ30: 0.2 | GK30: 0.2 | GL30: 0.2 | GM30: 0.2 | GN30: 0.2 | GT30: 1 | GU30: 3 | GV30: 0.2 | GW30: 0.2 | GX30: 0.2 | GY30: 0.2 | GZ30: 0.2 | HA30: 0.2 | HB30: 0.2 | HC30: 0.2 | HD30: 0.2 | HE30: 0.2 | HF30: 0.2 | HG30: 0.2 | HH30: 0.2 | HI30: 0.2 | HJ30: 0.2
B32: 1 | C32: Planned Stock | D32: 1 | E32: 2 | F32: 3 | G32: 4 | H32: 5 | I32: 6 | J32: 7 | K32: 8 | L32: 9 | M32: 10 | N32: 11 | O32: 12 | P32: 13 | Q32: 14 | R32: 15 | Z32: 1 | AA32: Planned Stock | AB32: 1 | AC32: 2 | AD32: 3 | AE32: 4 | AF32: 5 | AG32: 6 | AH32: 7 | AI32: 8 | AJ32: 9 | AK32: 10 | AL32: 11 | AM32: 12 | AN32: 13 | AO32: 14 | AP32: 15 | AV32: 1 | AW32: Planned Stock | AX32: 1 | AY32: 2 | AZ32: 3 | BA32: 4 | BB32: 5 | BC32: 6 | BD32: 7 | BE32: 8 | BF32: 9 | BG32: 10 | BH32: 11 | BI32: 12 | BJ32: 13 | BK32: 14 | BL32: 15 | BR32: 1 | BS32: Planned Stock | BT32: 1 | BU32: 2 | BV32: 3 | BW32: 4 | BX32: 5 | BY32: 6 | BZ32: 7 | CA32: 8 | CB32: 9 | CC32: 10 | CD32: 11 | CE32: 12 | CF32: 13 | CG32: 14 | CH32: 15 | CN32: 0.7 | CO32: Planned Stock | CP32: 1 | CQ32: 2 | CR32: 3 | CS32: 4 | CT32: 5 | CU32: 6 | CV32: 7 | CW32: 8 | CX32: 9 | CY32: 10 | CZ32: 11 | DA32: 12 | DB32: 13 | DC32: 14 | DD32: 15 | DJ32: 0.7 | DK32: Planned Stock | DL32: 1 | DM32: 2 | DN32: 3 | DO32: 4 | DP32: 5 | DQ32: 6 | DR32: 7 | DS32: 8 | DT32: 9 | DU32: 10 | DV32: 11 | DW32: 12 | DX32: 13 | DY32: 14 | DZ32: 15 | EF32: 0.7 | EG32: Planned Stock | EH32: 1 | EI32: 2 | EJ32: 3 | EK32: 4 | EL32: 5 | EM32: 6 | EN32: 7 | EO32: 8 | EP32: 9 | EQ32: 10 | ER32: 11 | ES32: 12 | ET32: 13 | EU32: 14 | EV32: 15 | FB32: 0.4 | FC32: Planned Stock | FD32: 1 | FE32: 2 | FF32: 3 | FG32: 4 | FH32: 5 | FI32: 6 | FJ32: 7 | FK32: 8 | FL32: 9 | FM32: 10 | FN32: 11 | FO32: 12 | FP32: 13 | FQ32: 14 | FR32: 15 | FX32: 0.4 | FY32: Planned Stock | FZ32: 1 | GA32: 2 | GB32: 3 | GC32: 4 | GD32: 5 | GE32: 6 | GF32: 7 | GG32: 8 | GH32: 9 | GI32: 10 | GJ32: 11 | GK32: 12 | GL32: 13 | GM32: 14 | GN32: 15 | GT32: 0.4 | GU32: Planned Stock | GV32: 1 | GW32: 2 | GX32: 3 | GY32: 4 | GZ32: 5 | HA32: 6 | HB32: 7 | HC32: 8 | HD32: 9 | HE32: 10 | HF32: 11 | HG32: 12 | HH32: 13 | HI32: 14 | HJ32: 15
B33: 1 | C33: 1 | D33: =$B$32 | E33: =$B$32 | F33: =$B$32 | G33: =$B$32 | H33: =$B$32 | I33: =$B$32 | J33: =$B$32 | K33: =$B$32 | ... R33: =$B$32 | T33: =SUM(D33:R35) | U33: 45 | V33: =T33-U33 | Z33: 1 | AA33: 1 | AB33: 1 | AC33: 1 | AD33: 1 | AE33: 1 | AF33: 1 | AG33: 1 | AH33: 1 | AI33: 1 | AJ33: 1 | AK33: 1 | AL33: 1 | AM33: 1 | AN33: 1 | AO33: 1 | AP33: 1 | AV33: 1 | AW33: 1 | AX33: 1 | AY33: 1 | AZ33: 1 | BA33: 1 | BB33: 1 | BC33: 1 | BD33: 1 | BE33: 1 | BF33: 1 | BG33: 1 | BH33: 1 | BI33: 1 | BJ33: 1 | BK33: 1 | BL33: 1 | BR33: 1 | BS33: 1 | BT33: 1 | BU33: 1 | BV33: 1 | BW33: 1 | BX33: 1 | BY33: 1 | BZ33: 1 | CA33: 1 | CB33: 1 | CC33: 1 | CD33: 1 | CE33: 1 | CF33: 1 | CG33: 1 | CH33: 1 | CN33: 1 | CO33: 1 | CP33: 0.7 | CQ33: 0.7 | CR33: 0.7 | CS33: 0.7 | CT33: 0.7 | CU33: 0.7 | CV33: 0.7 | CW33: 0.7 | CX33: 0.7 | CY33: 0.7 | CZ33: 0.7 | DA33: 0.7 | DB33: 0.7 | DC33: 0.7 | DD33: 0.7 | DJ33: 1 | DK33: 1 | DL33: 0.7 | DM33: 0.7 | DN33: 0.7 | DO33: 0.7 | DP33: 0.7 | DQ33: 0.7 | DR33: 0.7 | DS33: 0.7 | DT33: 0.7 | DU33: 0.7 | DV33: 0.7 | DW33: 0.7 | DX33: 0.7 | DY33: 0.7 | DZ33: 0.7 | EF33: 1 | EG33: 1 | EH33: 0.7 | EI33: 0.7 | EJ33: 0.7 | EK33: 0.7 | EL33: 0.7 | EM33: 0.7 | EN33: 0.7 | EO33: 0.7 | EP33: 0.7 | EQ33: 0.7 | ER33: 0.7 | ES33: 0.7 | ET33: 0.7 | EU33: 0.7 | EV33: 0.7 | FB33: 1 | FC33: 1 | FD33: 0.4 | FE33: 0.4 | FF33: 0.4 | FG33: 0.4 | FH33: 0.4 | FI33: 0.4 | FJ33: 0.4 | FK33: 0.4 | FL33: 0.4 | FM33: 0.4 | FN33: 0.4 | FO33: 0.4 | FP33: 0.4 | FQ33: 0.4 | FR33: 0.4 | FX33: 1 | FY33: 1 | FZ33: 0.4 | GA33: 0.4 | GB33: 0.4 | GC33: 0.4 | GD33: 0.4 | GE33: 0.4 | GF33: 0.4 | GG33: 0.4 | GH33: 0.4 | GI33: 0.4 | GJ33: 0.4 | GK33: 0.4 | GL33: 0.4 | GM33: 0.4 | GN33: 0.4 | GT33: 1 | GU33: 1 | GV33: 0.4 | GW33: 0.4 | GX33: 0.4 | GY33: 0.4 | GZ33: 0.4 | HA33: 0.4 | HB33: 0.4 | HC33: 0.4 | HD33: 0.4 | HE33: 0.4 | HF33: 0.4 | HG33: 0.4 | HH33: 0.4 | HI33: 0.4 | HJ33: 0.4
B34: 0.7 | C34: 2 | D34: =$B$32 | E34: =$B$32 | F34: =$B$32 | G34: =$B$32 | H34: =$B$32 | I34: =$B$32 | J34: =$B$32 | K34: =$B$32 | ... R34: =$B$32 | Z34: 0.7 | AA34: 2 | AB34: 1 | AC34: 1 | AD34: 1 | AE34: 1 | AF34: 1 | AG34: 1 | AH34: 1 | AI34: 1 | AJ34: 1 | AK34: 1 | AL34: 1 | AM34: 1 | AN34: 1 | AO34: 1 | AP34: 1 | AV34: 0.7 | AW34: 2 | AX34: 1 | AY34: 1 | AZ34: 1 | BA34: 1 | BB34: 1 | BC34: 1 | BD34: 1 | BE34: 1 | BF34: 1 | BG34: 1 | BH34: 1 | BI34: 1 | BJ34: 1 | BK34: 1 | BL34: 1 | BR34: 0.7 | BS34: 2 | BT34: 1 | BU34: 1 | BV34: 1 | BW34: 1 | BX34: 1 | BY34: 1 | BZ34: 1 | CA34: 1 | CB34: 1 | CC34: 1 | CD34: 1 | CE34: 1 | CF34: 1 | CG34: 1 | CH34: 1 | CN34: 0.7 | CO34: 2 | CP34: 0.7 | CQ34: 0.7 | CR34: 0.7 | CS34: 0.7 | CT34: 0.7 | CU34: 0.7 | CV34: 0.7 | CW34: 0.7 | CX34: 0.7 | CY34: 0.7 | CZ34: 0.7 | DA34: 0.7 | DB34: 0.7 | DC34: 0.7 | DD34: 0.7 | DJ34: 0.7 | DK34: 2 | DL34: 0.7 | DM34: 0.7 | DN34: 0.7 | DO34: 0.7 | DP34: 0.7 | DQ34: 0.7 | DR34: 0.7 | DS34: 0.7 | DT34: 0.7 | DU34: 0.7 | DV34: 0.7 | DW34: 0.7 | DX34: 0.7 | DY34: 0.7 | DZ34: 0.7 | EF34: 0.7 | EG34: 2 | EH34: 0.7 | EI34: 0.7 | EJ34: 0.7 | EK34: 0.7 | EL34: 0.7 | EM34: 0.7 | EN34: 0.7 | EO34: 0.7 | EP34: 0.7 | EQ34: 0.7 | ER34: 0.7 | ES34: 0.7 | ET34: 0.7 | EU34: 0.7 | EV34: 0.7 | FB34: 0.7 | FC34: 2 | FD34: 0.4 | FE34: 0.4 | FF34: 0.4 | FG34: 0.4 | FH34: 0.4 | FI34: 0.4 | FJ34: 0.4 | FK34: 0.4 | FL34: 0.4 | FM34: 0.4 | FN34: 0.4 | FO34: 0.4 | FP34: 0.4 | FQ34: 0.4 | FR34: 0.4 | FX34: 0.7 | FY34: 2 | FZ34: 0.4 | GA34: 0.4 | GB34: 0.4 | GC34: 0.4 | GD34: 0.4 | GE34: 0.4 | GF34: 0.4 | GG34: 0.4 | GH34: 0.4 | GI34: 0.4 | GJ34: 0.4 | GK34: 0.4 | GL34: 0.4 | GM34: 0.4 | GN34: 0.4 | GT34: 0.7 | GU34: 2 | GV34: 0.4 | GW34: 0.4 | GX34: 0.4 | GY34: 0.4 | GZ34: 0.4 | HA34: 0.4 | HB34: 0.4 | HC34: 0.4 | HD34: 0.4 | HE34: 0.4 | HF34: 0.4 | HG34: 0.4 | HH34: 0.4 | HI34: 0.4 | HJ34: 0.4
B35: 0.4 | C35: 3 | D35: =$B$32 | E35: =$B$32 | F35: =$B$32 | G35: =$B$32 | H35: =$B$32 | I35: =$B$32 | J35: =$B$32 | K35: =$B$32 | ... R35: =$B$32 | Z35: 0.4 | AA35: 3 | AB35: 1 | AC35: 1 | AD35: 1 | AE35: 1 | AF35: 1 | AG35: 1 | AH35: 1 | AI35: 1 | AJ35: 1 | AK35: 1 | AL35: 1 | AM35: 1 | AN35: 1 | AO35: 1 | AP35: 1 | AV35: 0.4 | AW35: 3 | AX35: 1 | AY35: 1 | AZ35: 1 | BA35: 1 | BB35: 1 | BC35: 1 | BD35: 1 | BE35: 1 | BF35: 1 | BG35: 1 | BH35: 1 | BI35: 1 | BJ35: 1 | BK35: 1 | BL35: 1 | BR35: 0.4 | BS35: 3 | BT35: 1 | BU35: 1 | BV35: 1 | BW35: 1 | BX35: 1 | BY35: 1 | BZ35: 1 | CA35: 1 | CB35: 1 | CC35: 1 | CD35: 1 | CE35: 1 | CF35: 1 | CG35: 1 | CH35: 1 | CN35: 0.4 | CO35: 3 | CP35: 0.7 | CQ35: 0.7 | CR35: 0.7 | CS35: 0.7 | CT35: 0.7 | CU35: 0.7 | CV35: 0.7 | CW35: 0.7 | CX35: 0.7 | CY35: 0.7 | CZ35: 0.7 | DA35: 0.7 | DB35: 0.7 | DC35: 0.7 | DD35: 0.7 | DJ35: 0.4 | DK35: 3 | DL35: 0.7 | DM35: 0.7 | DN35: 0.7 | DO35: 0.7 | DP35: 0.7 | DQ35: 0.7 | DR35: 0.7 | DS35: 0.7 | DT35: 0.7 | DU35: 0.7 | DV35: 0.7 | DW35: 0.7 | DX35: 0.7 | DY35: 0.7 | DZ35: 0.7 | EF35: 0.4 | EG35: 3 | EH35: 0.7 | EI35: 0.7 | EJ35: 0.7 | EK35: 0.7 | EL35: 0.7 | EM35: 0.7 | EN35: 0.7 | EO35: 0.7 | EP35: 0.7 | EQ35: 0.7 | ER35: 0.7 | ES35: 0.7 | ET35: 0.7 | EU35: 0.7 | EV35: 0.7 | FB35: 0.4 | FC35: 3 | FD35: 0.4 | FE35: 0.4 | FF35: 0.4 | FG35: 0.4 | FH35: 0.4 | FI35: 0.4 | FJ35: 0.4 | FK35: 0.4 | FL35: 0.4 | FM35: 0.4 | FN35: 0.4 | FO35: 0.4 | FP35: 0.4 | FQ35: 0.4 | FR35: 0.4 | FX35: 0.4 | FY35: 3 | FZ35: 0.4 | GA35: 0.4 | GB35: 0.4 | GC35: 0.4 | GD35: 0.4 | GE35: 0.4 | GF35: 0.4 | GG35: 0.4 | GH35: 0.4 | GI35: 0.4 | GJ35: 0.4 | GK35: 0.4 | GL35: 0.4 | GM35: 0.4 | GN35: 0.4 | GT35: 0.4 | GU35: 3 | GV35: 0.4 | GW35: 0.4 | GX35: 0.4 | GY35: 0.4 | GZ35: 0.4 | HA35: 0.4 | HB35: 0.4 | HC35: 0.4 | HD35: 0.4 | HE35: 0.4 | HF35: 0.4 | HG35: 0.4 | HH35: 0.4 | HI35: 0.4 | HJ35: 0.4
B37: 1.7057377 | C37: Variance coeff - z(S2nd) | D37: 1 | E37: 2 | F37: 3 | G37: 4 | H37: 5 | I37: 6 | J37: 7 | K37: 8 | L37: 9 | M37: 10 | N37: 11 | O37: 12 | P37: 13 | Q37: 14 | R37: 15 | Z37: 1.7057377 | AA37: Variance coeff - z(S2nd) | AB37: 1 | AC37: 2 | AD37: 3 | AE37: 4 | AF37: 5 | AG37: 6 | AH37: 7 | AI37: 8 | AJ37: 9 | AK37: 10 | AL37: 11 | AM37: 12 | AN37: 13 | AO37: 14 | AP37: 15 | AV37: 2.001 | AW37: Variance coeff - z(S2nd) | AX37: 1 | AY37: 2 | AZ37: 3 | BA37: 4 | BB37: 5 | BC37: 6 | BD37: 7 | BE37: 8 | BF37: 9 | BG37: 10 | BH37: 11 | BI37: 12 | BJ37: 13 | BK37: 14 | BL37: 15 | BR37: 3 | BS37: Variance coeff - z(S2nd) | BT37: 1 | BU37: 2 | BV37: 3 | BW37: 4 | BX37: 5 | BY37: 6 | BZ37: 7 | CA37: 8 | CB37: 9 | CC37: 10 | CD37: 11 | CE37: 12 | CF37: 13 | CG37: 14 | CH37: 15 | CN37: 1.7057377 | CO37: Variance coeff - z(S2nd) | CP37: 1 | CQ37: 2 | CR37: 3 | CS37: 4 | CT37: 5 | CU37: 6 | CV37: 7 | CW37: 8 | CX37: 9 | CY37: 10 | CZ37: 11 | DA37: 12 | DB37: 13 | DC37: 14 | DD37: 15 | DJ37: 2.001 | DK37: Variance coeff - z(S2nd) | DL37: 1 | DM37: 2 | DN37: 3 | DO37: 4 | DP37: 5 | DQ37: 6 | DR37: 7 | DS37: 8 | DT37: 9 | DU37: 10 | DV37: 11 | DW37: 12 | DX37: 13 | DY37: 14 | DZ37: 15 | EF37: 3 | EG37: Variance coeff - z(S2nd) | EH37: 1 | EI37: 2 | EJ37: 3 | EK37: 4 | EL37: 5 | EM37: 6 | EN37: 7 | EO37: 8 | EP37: 9 | EQ37: 10 | ER37: 11 | ES37: 12 | ET37: 13 | EU37: 14 | EV37: 15 | FB37: 1.7057377 | FC37: Variance coeff - z(S2nd) | FD37: 1 | FE37: 2 | FF37: 3 | FG37: 4 | FH37: 5 | FI37: 6 | FJ37: 7 | FK37: 8 | FL37: 9 | FM37: 10 | FN37: 11 | FO37: 12 | FP37: 13 | FQ37: 14 | FR37: 15 | FX37: 2.001 | FY37: Variance coeff - z(S2nd) | FZ37: 1 | GA37: 2 | GB37: 3 | GC37: 4 | GD37: 5 | GE37: 6 | GF37: 7 | GG37: 8 | GH37: 9 | GI37: 10 | GJ37: 11 | GK37: 12 | GL37: 13 | GM37: 14 | GN37: 15 | GT37: 3 | GU37: Variance coeff - z(S2nd) | GV37: 1 | GW37: 2 | GX37: 3 | GY37: 4 | GZ37: 5 | HA37: 6 | HB37: 7 | HC37: 8 | HD37: 9 | HE37: 10 | HF37: 11 | HG37: 12 | HH37: 13 | HI37: 14 | HJ37: 15
B38: 1.7057377 | C38: 1 | D38: =$B$37 | E38: =$B$37 | F38: =$B$37 | G38: =$B$37 | H38: =$B$37 | I38: =$B$37 | J38: =$B$37 | K38: =$B$37 | ... R38: =$B$37 | T38: =SUM(D38:R40) | U38: 76.758196 | V38: =T38-U38 | Z38: 1.7057377 | AA38: 1 | AB38: 1.7057377 | AC38: 1.7057377 | AD38: 1.7057377 | AE38: 1.7057377 | AF38: 1.7057377 | AG38: 1.7057377 | AH38: 1.7057377 | AI38: 1.7057377 | AJ38: 1.7057377 | AK38: 1.7057377 | AL38: 1.7057377 | AM38: 1.7057377 | AN38: 1.7057377 | AO38: 1.7057377 | AP38: 1.7057377 | AV38: 1.7057377 | AW38: 1 | AX38: 2.001 | AY38: 2.001 | AZ38: 2.001 | BA38: 2.001 | BB38: 2.001 | BC38: 2.001 | BD38: 2.001 | BE38: 2.001 | BF38: 2.001 | BG38: 2.001 | BH38: 2.001 | BI38: 2.001 | BJ38: 2.001 | BK38: 2.001 | BL38: 2.001 | BR38: 1.7057377 | BS38: 1 | BT38: 3 | BU38: 3 | BV38: 3 | BW38: 3 | BX38: 3 | BY38: 3 | BZ38: 3 | CA38: 3 | CB38: 3 | CC38: 3 | CD38: 3 | CE38: 3 | CF38: 3 | CG38: 3 | CH38: 3 | CN38: 1.7057377 | CO38: 1 | CP38: 1.7057377 | CQ38: 1.7057377 | CR38: 1.7057377 | CS38: 1.7057377 | CT38: 1.7057377 | CU38: 1.7057377 | CV38: 1.7057377 | CW38: 1.7057377 | CX38: 1.7057377 | CY38: 1.7057377 | CZ38: 1.7057377 | DA38: 1.7057377 | DB38: 1.7057377 | DC38: 1.7057377 | DD38: 1.7057377 | DJ38: 1.7057377 | DK38: 1 | DL38: 2.001 | DM38: 2.001 | DN38: 2.001 | DO38: 2.001 | DP38: 2.001 | DQ38: 2.001 | DR38: 2.001 | DS38: 2.001 | DT38: 2.001 | DU38: 2.001 | DV38: 2.001 | DW38: 2.001 | DX38: 2.001 | DY38: 2.001 | DZ38: 2.001 | EF38: 1.7057377 | EG38: 1 | EH38: 3 | EI38: 3 | EJ38: 3 | EK38: 3 | EL38: 3 | EM38: 3 | EN38: 3 | EO38: 3 | EP38: 3 | EQ38: 3 | ER38: 3 | ES38: 3 | ET38: 3 | EU38: 3 | EV38: 3 | FB38: 1.7057377 | FC38: 1 | FD38: 1.7057377 | FE38: 1.7057377 | FF38: 1.7057377 | FG38: 1.7057377 | FH38: 1.7057377 | FI38: 1.7057377 | FJ38: 1.7057377 | FK38: 1.7057377 | FL38: 1.7057377 | FM38: 1.7057377 | FN38: 1.7057377 | FO38: 1.7057377 | FP38: 1.7057377 | FQ38: 1.7057377 | FR38: 1.7057377 | FX38: 1.7057377 | FY38: 1 | FZ38: 2.001 | GA38: 2.001 | GB38: 2.001 | GC38: 2.001 | GD38: 2.001 | GE38: 2.001 | GF38: 2.001 | GG38: 2.001 | GH38: 2.001 | GI38: 2.001 | GJ38: 2.001 | GK38: 2.001 | GL38: 2.001 | GM38: 2.001 | GN38: 2.001 | GT38: 1.7057377 | GU38: 1 | GV38: 3 | GW38: 3 | GX38: 3 | GY38: 3 | GZ38: 3 | HA38: 3 | HB38: 3 | HC38: 3 | HD38: 3 | HE38: 3 | HF38: 3 | HG38: 3 | HH38: 3 | HI38: 3 | HJ38: 3
B39: 2.001 | C39: 2 | D39: =$B$37 | E39: =$B$37 | F39: =$B$37 | G39: =$B$37 | H39: =$B$37 | I39: =$B$37 | J39: =$B$37 | K39: =$B$37 | ... R39: =$B$37 | Z39: 2.001 | AA39: 2 | AB39: 1.7057377 | AC39: 1.7057377 | AD39: 1.7057377 | AE39: 1.7057377 | AF39: 1.7057377 | AG39: 1.7057377 | AH39: 1.7057377 | AI39: 1.7057377 | AJ39: 1.7057377 | AK39: 1.7057377 | AL39: 1.7057377 | AM39: 1.7057377 | AN39: 1.7057377 | AO39: 1.7057377 | AP39: 1.7057377 | AV39: 2.001 | AW39: 2 | AX39: 2.001 | AY39: 2.001 | AZ39: 2.001 | BA39: 2.001 | BB39: 2.001 | BC39: 2.001 | BD39: 2.001 | BE39: 2.001 | BF39: 2.001 | BG39: 2.001 | BH39: 2.001 | BI39: 2.001 | BJ39: 2.001 | BK39: 2.001 | BL39: 2.001 | BR39: 2.001 | BS39: 2 | BT39: 3 | BU39: 3 | BV39: 3 | BW39: 3 | BX39: 3 | BY39: 3 | BZ39: 3 | CA39: 3 | CB39: 3 | CC39: 3 | CD39: 3 | CE39: 3 | CF39: 3 | CG39: 3 | CH39: 3 | CN39: 2.001 | CO39: 2 | CP39: 1.7057377 | CQ39: 1.7057377 | CR39: 1.7057377 | CS39: 1.7057377 | CT39: 1.7057377 | CU39: 1.7057377 | CV39: 1.7057377 | CW39: 1.7057377 | CX39: 1.7057377 | CY39: 1.7057377 | CZ39: 1.7057377 | DA39: 1.7057377 | DB39: 1.7057377 | DC39: 1.7057377 | DD39: 1.7057377 | DJ39: 2.001 | DK39: 2 | DL39: 2.001 | DM39: 2.001 | DN39: 2.001 | DO39: 2.001 | DP39: 2.001 | DQ39: 2.001 | DR39: 2.001 | DS39: 2.001 | DT39: 2.001 | DU39: 2.001 | DV39: 2.001 | DW39: 2.001 | DX39: 2.001 | DY39: 2.001 | DZ39: 2.001 | EF39: 2.001 | EG39: 2 | EH39: 3 | EI39: 3 | EJ39: 3 | EK39: 3 | EL39: 3 | EM39: 3 | EN39: 3 | EO39: 3 | EP39: 3 | EQ39: 3 | ER39: 3 | ES39: 3 | ET39: 3 | EU39: 3 | EV39: 3 | FB39: 2.001 | FC39: 2 | FD39: 1.7057377 | FE39: 1.7057377 | FF39: 1.7057377 | FG39: 1.7057377 | FH39: 1.7057377 | FI39: 1.7057377 | FJ39: 1.7057377 | FK39: 1.7057377 | FL39: 1.7057377 | FM39: 1.7057377 | FN39: 1.7057377 | FO39: 1.7057377 | FP39: 1.7057377 | FQ39: 1.7057377 | FR39: 1.7057377 | FX39: 2.001 | FY39: 2 | FZ39: 2.001 | GA39: 2.001 | GB39: 2.001 | GC39: 2.001 | GD39: 2.001 | GE39: 2.001 | GF39: 2.001 | GG39: 2.001 | GH39: 2.001 | GI39: 2.001 | GJ39: 2.001 | GK39: 2.001 | GL39: 2.001 | GM39: 2.001 | GN39: 2.001 | GT39: 2.001 | GU39: 2 | GV39: 3 | GW39: 3 | GX39: 3 | GY39: 3 | GZ39: 3 | HA39: 3 | HB39: 3 | HC39: 3 | HD39: 3 | HE39: 3 | HF39: 3 | HG39: 3 | HH39: 3 | HI39: 3 | HJ39: 3
B40: 3 | C40: 3 | D40: =$B$37 | E40: =$B$37 | F40: =$B$37 | G40: =$B$37 | H40: =$B$37 | I40: =$B$37 | J40: =$B$37 | K40: =$B$37 | ... R40: =$B$37 | Z40: 3 | AA40: 3 | AB40: 1.7057377 | AC40: 1.7057377 | AD40: 1.7057377 | AE40: 1.7057377 | AF40: 1.7057377 | AG40: 1.7057377 | AH40: 1.7057377 | AI40: 1.7057377 | AJ40: 1.7057377 | AK40: 1.7057377 | AL40: 1.7057377 | AM40: 1.7057377 | AN40: 1.7057377 | AO40: 1.7057377 | AP40: 1.7057377 | AV40: 3 | AW40: 3 | AX40: 2.001 | AY40: 2.001 | AZ40: 2.001 | BA40: 2.001 | BB40: 2.001 | BC40: 2.001 | BD40: 2.001 | BE40: 2.001 | BF40: 2.001 | BG40: 2.001 | BH40: 2.001 | BI40: 2.001 | BJ40: 2.001 | BK40: 2.001 | BL40: 2.001 | BR40: 3 | BS40: 3 | BT40: 3 | BU40: 3 | BV40: 3 | BW40: 3 | BX40: 3 | BY40: 3 | BZ40: 3 | CA40: 3 | CB40: 3 | CC40: 3 | CD40: 3 | CE40: 3 | CF40: 3 | CG40: 3 | CH40: 3 | CN40: 3 | CO40: 3 | CP40: 1.7057377 | CQ40: 1.7057377 | CR40: 1.7057377 | CS40: 1.7057377 | CT40: 1.7057377 | CU40: 1.7057377 | CV40: 1.7057377 | CW40: 1.7057377 | CX40: 1.7057377 | CY40: 1.7057377 | CZ40: 1.7057377 | DA40: 1.7057377 | DB40: 1.7057377 | DC40: 1.7057377 | DD40: 1.7057377 | DJ40: 3 | DK40: 3 | DL40: 2.001 | DM40: 2.001 | DN40: 2.001 | DO40: 2.001 | DP40: 2.001 | DQ40: 2.001 | DR40: 2.001 | DS40: 2.001 | DT40: 2.001 | DU40: 2.001 | DV40: 2.001 | DW40: 2.001 | DX40: 2.001 | DY40: 2.001 | DZ40: 2.001 | EF40: 3 | EG40: 3 | EH40: 3 | EI40: 3 | EJ40: 3 | EK40: 3 | EL40: 3 | EM40: 3 | EN40: 3 | EO40: 3 | EP40: 3 | EQ40: 3 | ER40: 3 | ES40: 3 | ET40: 3 | EU40: 3 | EV40: 3 | FB40: 3 | FC40: 3 | FD40: 1.7057377 | FE40: 1.7057377 | FF40: 1.7057377 | FG40: 1.7057377 | FH40: 1.7057377 | FI40: 1.7057377 | FJ40: 1.7057377 | FK40: 1.7057377 | FL40: 1.7057377 | FM40: 1.7057377 | FN40: 1.7057377 | FO40: 1.7057377 | FP40: 1.7057377 | FQ40: 1.7057377 | FR40: 1.7057377 | FX40: 3 | FY40: 3 | FZ40: 2.001 | GA40: 2.001 | GB40: 2.001 | GC40: 2.001 | GD40: 2.001 | GE40: 2.001 | GF40: 2.001 | GG40: 2.001 | GH40: 2.001 | GI40: 2.001 | GJ40: 2.001 | GK40: 2.001 | GL40: 2.001 | GM40: 2.001 | GN40: 2.001 | GT40: 3 | GU40: 3 | GV40: 3 | GW40: 3 | GX40: 3 | GY40: 3 | GZ40: 3 | HA40: 3 | HB40: 3 | HC40: 3 | HD40: 3 | HE40: 3 | HF40: 3 | HG40: 3 | HH40: 3 | HI40: 3 | HJ40: 3
C42: demand | D42: 1 | E42: 2 | F42: 3 | G42: 4 | H42: 5 | I42: 6 | J42: 7 | K42: 8 | L42: 9 | M42: 10 | N42: 11 | O42: 12 | P42: 13 | Q42: 14 | R42: 15 | AA42: demand | AB42: 1 | AC42: 2 | AD42: 3 | AE42: 4 | AF42: 5 | AG42: 6 | AH42: 7 | AI42: 8 | AJ42: 9 | AK42: 10 | AL42: 11 | AM42: 12 | AN42: 13 | AO42: 14 | AP42: 15 | AW42: demand | AX42: 1 | AY42: 2 | AZ42: 3 | BA42: 4 | BB42: 5 | BC42: 6 | BD42: 7 | BE42: 8 | BF42: 9 | BG42: 10 | BH42: 11 | BI42: 12 | BJ42: 13 | BK42: 14 | BL42: 15 | BS42: demand | BT42: 1 | BU42: 2 | BV42: 3 | BW42: 4 | BX42: 5 | BY42: 6 | BZ42: 7 | CA42: 8 | CB42: 9 | CC42: 10 | CD42: 11 | CE42: 12 | CF42: 13 | CG42: 14 | CH42: 15 | CO42: demand | CP42: 1 | CQ42: 2 | CR42: 3 | CS42: 4 | CT42: 5 | CU42: 6 | CV42: 7 | CW42: 8 | CX42: 9 | CY42: 10 | CZ42: 11 | DA42: 12 | DB42: 13 | DC42: 14 | DD42: 15 | DK42: demand | DL42: 1 | DM42: 2 | DN42: 3 | DO42: 4 | DP42: 5 | DQ42: 6 | DR42: 7 | DS42: 8 | DT42: 9 | DU42: 10 | DV42: 11 | DW42: 12 | DX42: 13 | DY42: 14 | DZ42: 15 | EG42: demand | EH42: 1 | EI42: 2 | EJ42: 3 | EK42: 4 | EL42: 5 | EM42: 6 | EN42: 7 | EO42: 8 | EP42: 9 | EQ42: 10 | ER42: 11 | ES42: 12 | ET42: 13 | EU42: 14 | EV42: 15 | FC42: demand | FD42: 1 | FE42: 2 | FF42: 3 | FG42: 4 | FH42: 5 | FI42: 6 | FJ42: 7 | FK42: 8 | FL42: 9 | FM42: 10 | FN42: 11 | FO42: 12 | FP42: 13 | FQ42: 14 | FR42: 15 | FY42: demand | FZ42: 1 | GA42: 2 | GB42: 3 | GC42: 4 | GD42: 5 | GE42: 6 | GF42: 7 | GG42: 8 | GH42: 9 | GI42: 10 | GJ42: 11 | GK42: 12 | GL42: 13 | GM42: 14 | GN42: 15 | GU42: demand | GV42: 1 | GW42: 2 | GX42: 3 | GY42: 4 | GZ42: 5 | HA42: 6 | HB42: 7 | HC42: 8 | HD42: 9 | HE42: 10 | HF42: 11 | HG42: 12 | HH42: 13 | HI42: 14 | HJ42: 15
C43: 1 | D43: =Matlab_Data!D3 | E43: =Matlab_Data!E3 | F43: =Matlab_Data!F3 | G43: =Matlab_Data!G3 | H43: =Matlab_Data!H3 | I43: =Matlab_Data!I3 | J43: =Matlab_Data!J3 | K43: =Matlab_Data!K3 | ... R43: =Matlab_Data!R3 | T43: =SUM(D43:R45) | U43: 15515.76 | V43: =T43-U43 | AA43: 1 | AB43: 231.5 | AC43: 297.34 | AD43: 217.82 | AE43: 222.62 | AF43: 453.86 | AG43: 315.98 | AH43: 216.18 | AI43: 463.97 | AJ43: 404.65 | AK43: 334.69 | AL43: 440.61 | AM43: 225.39 | AN43: 314.98 | AO43: 305.23 | AP43: 541.84 | AW43: 1 | AX43: 231.5 | AY43: 297.34 | AZ43: 217.82 | BA43: 222.62 | BB43: 453.86 | BC43: 315.98 | BD43: 216.18 | BE43: 463.97 | BF43: 404.65 | BG43: 334.69 | BH43: 440.61 | BI43: 225.39 | BJ43: 314.98 | BK43: 305.23 | BL43: 541.84 | BS43: 1 | BT43: 231.5 | BU43: 297.34 | BV43: 217.82 | BW43: 222.62 | BX43: 453.86 | BY43: 315.98 | BZ43: 216.18 | CA43: 463.97 | CB43: 404.65 | CC43: 334.69 | CD43: 440.61 | CE43: 225.39 | CF43: 314.98 | CG43: 305.23 | CH43: 541.84 | CO43: 1 | CP43: 231.5 | CQ43: 297.34 | CR43: 217.82 | CS43: 222.62 | CT43: 453.86 | CU43: 315.98 | CV43: 216.18 | CW43: 463.97 | CX43: 404.65 | CY43: 334.69 | CZ43: 440.61 | DA43: 225.39 | DB43: 314.98 | DC43: 305.23 | DD43: 541.84 | DK43: 1 | DL43: 231.5 | DM43: 297.34 | DN43: 217.82 | DO43: 222.62 | DP43: 453.86 | DQ43: 315.98 | DR43: 216.18 | DS43: 463.97 | DT43: 404.65 | DU43: 334.69 | DV43: 440.61 | DW43: 225.39 | DX43: 314.98 | DY43: 305.23 | DZ43: 541.84 | EG43: 1 | EH43: 231.5 | EI43: 297.34 | EJ43: 217.82 | EK43: 222.62 | EL43: 453.86 | EM43: 315.98 | EN43: 216.18 | EO43: 463.97 | EP43: 404.65 | EQ43: 334.69 | ER43: 440.61 | ES43: 225.39 | ET43: 314.98 | EU43: 305.23 | EV43: 541.84 | FC43: 1 | FD43: 231.5 | FE43: 297.34 | FF43: 217.82 | FG43: 222.62 | FH43: 453.86 | FI43: 315.98 | FJ43: 216.18 | FK43: 463.97 | FL43: 404.65 | FM43: 334.69 | FN43: 440.61 | FO43: 225.39 | FP43: 314.98 | FQ43: 305.23 | FR43: 541.84 | FY43: 1 | FZ43: 231.5 | GA43: 297.34 | GB43: 217.82 | GC43: 222.62 | GD43: 453.86 | GE43: 315.98 | GF43: 216.18 | GG43: 463.97 | GH43: 404.65 | GI43: 334.69 | GJ43: 440.61 | GK43: 225.39 | GL43: 314.98 | GM43: 305.23 | GN43: 541.84 | GU43: 1 | GV43: 231.5 | GW43: 297.34 | GX43: 217.82 | GY43: 222.62 | GZ43: 453.86 | HA43: 315.98 | HB43: 216.18 | HC43: 463.97 | HD43: 404.65 | HE43: 334.69 | HF43: 440.61 | HG43: 225.39 | HH43: 314.98 | HI43: 305.23 | HJ43: 541.84
C44: 2 | D44: =Matlab_Data!D4 | E44: =Matlab_Data!E4 | F44: =Matlab_Data!F4 | G44: =Matlab_Data!G4 | H44: =Matlab_Data!H4 | I44: =Matlab_Data!I4 | J44: =Matlab_Data!J4 | K44: =Matlab_Data!K4 | ... R44: =Matlab_Data!R4 | AA44: 2 | AB44: 358.95 | AC44: 308.97 | AD44: 264.61 | AE44: 343.62 | AF44: 399.3 | AG44: 433.24 | AH44: 310.82 | AI44: 234.15 | AJ44: 302.73 | AK44: 304.23 | AL44: 278.95 | AM44: 403.93 | AN44: 327.87 | AO44: 462.67 | AP44: 445.18 | AW44: 2 | AX44: 358.95 | AY44: 308.97 | AZ44: 264.61 | BA44: 343.62 | BB44: 399.3 | BC44: 433.24 | BD44: 310.82 | BE44: 234.15 | BF44: 302.73 | BG44: 304.23 | BH44: 278.95 | BI44: 403.93 | BJ44: 327.87 | BK44: 462.67 | BL44: 445.18 | BS44: 2 | BT44: 358.95 | BU44: 308.97 | BV44: 264.61 | BW44: 343.62 | BX44: 399.3 | BY44: 433.24 | BZ44: 310.82 | CA44: 234.15 | CB44: 302.73 | CC44: 304.23 | CD44: 278.95 | CE44: 403.93 | CF44: 327.87 | CG44: 462.67 | CH44: 445.18 | CO44: 2 | CP44: 358.95 | CQ44: 308.97 | CR44: 264.61 | CS44: 343.62 | CT44: 399.3 | CU44: 433.24 | CV44: 310.82 | CW44: 234.15 | CX44: 302.73 | CY44: 304.23 | CZ44: 278.95 | DA44: 403.93 | DB44: 327.87 | DC44: 462.67 | DD44: 445.18 | DK44: 2 | DL44: 358.95 | DM44: 308.97 | DN44: 264.61 | DO44: 343.62 | DP44: 399.3 | DQ44: 433.24 | DR44: 310.82 | DS44: 234.15 | DT44: 302.73 | DU44: 304.23 | DV44: 278.95 | DW44: 403.93 | DX44: 327.87 | DY44: 462.67 | DZ44: 445.18 | EG44: 2 | EH44: 358.95 | EI44: 308.97 | EJ44: 264.61 | EK44: 343.62 | EL44: 399.3 | EM44: 433.24 | EN44: 310.82 | EO44: 234.15 | EP44: 302.73 | EQ44: 304.23 | ER44: 278.95 | ES44: 403.93 | ET44: 327.87 | EU44: 462.67 | EV44: 445.18 | FC44: 2 | FD44: 358.95 | FE44: 308.97 | FF44: 264.61 | FG44: 343.62 | FH44: 399.3 | FI44: 433.24 | FJ44: 310.82 | FK44: 234.15 | FL44: 302.73 | FM44: 304.23 | FN44: 278.95 | FO44: 403.93 | FP44: 327.87 | FQ44: 462.67 | FR44: 445.18 | FY44: 2 | FZ44: 358.95 | GA44: 308.97 | GB44: 264.61 | GC44: 343.62 | GD44: 399.3 | GE44: 433.24 | GF44: 310.82 | GG44: 234.15 | GH44: 302.73 | GI44: 304.23 | GJ44: 278.95 | GK44: 403.93 | GL44: 327.87 | GM44: 462.67 | GN44: 445.18 | GU44: 2 | GV44: 358.95 | GW44: 308.97 | GX44: 264.61 | GY44: 343.62 | GZ44: 399.3 | HA44: 433.24 | HB44: 310.82 | HC44: 234.15 | HD44: 302.73 | HE44: 304.23 | HF44: 278.95 | HG44: 403.93 | HH44: 327.87 | HI44: 462.67 | HJ44: 445.18
C45: 3 | D45: =Matlab_Data!D5 | E45: =Matlab_Data!E5 | F45: -40028922 | G45: =Matlab_Data!G5 | H45: =Matlab_Data!H5 | I45: =Matlab_Data!I5 | J45: =Matlab_Data!J5 | K45: =Matlab_Data!K5 | L45: =Matlab_Data!L5 | M45: =Matlab_Data!M5 | N45: =Matlab_Data!N5 | ... R45: =Matlab_Data!R5 | AA45: 3 | AB45: 492.88 | AC45: 260.36 | AD45: 232.33 | AE45: 514.32 | AF45: 271.63 | AG45: 506.16 | AH45: 393.21 | AI45: 346.58 | AJ45: 267.82 | AK45: 272.81 | AL45: 372.8 | AM45: 326.64 | AN45: 338.03 | AO45: 348.46 | AP45: 405.85 | AW45: 3 | AX45: 492.88 | AY45: 260.36 | AZ45: 232.33 | BA45: 514.32 | BB45: 271.63 | BC45: 506.16 | BD45: 393.21 | BE45: 346.58 | BF45: 267.82 | BG45: 272.81 | BH45: 372.8 | BI45: 326.64 | BJ45: 338.03 | BK45: 348.46 | BL45: 405.85 | BS45: 3 | BT45: 492.88 | BU45: 260.36 | BV45: 232.33 | BW45: 514.32 | BX45: 271.63 | BY45: 506.16 | BZ45: 393.21 | CA45: 346.58 | CB45: 267.82 | CC45: 272.81 | CD45: 372.8 | CE45: 326.64 | CF45: 338.03 | CG45: 348.46 | CH45: 405.85 | CO45: 3 | CP45: 492.88 | CQ45: 260.36 | CR45: 232.33 | CS45: 514.32 | CT45: 271.63 | CU45: 506.16 | CV45: 393.21 | CW45: 346.58 | CX45: 267.82 | CY45: 272.81 | CZ45: 372.8 | DA45: 326.64 | DB45: 338.03 | DC45: 348.46 | DD45: 405.85 | DK45: 3 | DL45: 492.88 | DM45: 260.36 | DN45: 232.33 | DO45: 514.32 | DP45: 271.63 | DQ45: 506.16 | DR45: 393.21 | DS45: 346.58 | DT45: 267.82 | DU45: 272.81 | DV45: 372.8 | DW45: 326.64 | DX45: 338.03 | DY45: 348.46 | DZ45: 405.85 | EG45: 3 | EH45: 492.88 | EI45: 260.36 | EJ45: 232.33 | EK45: 514.32 | EL45: 271.63 | EM45: 506.16 | EN45: 393.21 | EO45: 346.58 | EP45: 267.82 | EQ45: 272.81 | ER45: 372.8 | ES45: 326.64 | ET45: 338.03 | EU45: 348.46 | EV45: 405.85 | FC45: 3 | FD45: 492.88 | FE45: 260.36 | FF45: 232.33 | FG45: 514.32 | FH45: 271.63 | FI45: 506.16 | FJ45: 393.21 | FK45: 346.58 | FL45: 267.82 | FM45: 272.81 | FN45: 372.8 | FO45: 326.64 | FP45: 338.03 | FQ45: 348.46 | FR45: 405.85 | FY45: 3 | FZ45: 492.88 | GA45: 260.36 | GB45: 232.33 | GC45: 514.32 | GD45: 271.63 | GE45: 506.16 | GF45: 393.21 | GG45: 346.58 | GH45: 267.82 | GI45: 272.81 | GJ45: 372.8 | GK45: 326.64 | GL45: 338.03 | GM45: 348.46 | GN45: 405.85 | GU45: 3 | GV45: 492.88 | GW45: 260.36 | GX45: 232.33 | GY45: 514.32 | GZ45: 271.63 | HA45: 506.16 | HB45: 393.21 | HC45: 346.58 | HD45: 267.82 | HE45: 272.81 | HF45: 372.8 | HG45: 326.64 | HH45: 338.03 | HI45: 348.46 | HJ45: 405.85
B47: Parâmetros p/ μy | C47: Média(E(RLT)) | D47: 1 | E47: 2 | F47: 3 | G47: 4 | H47: 5 | I47: 6 | J47: 7 | K47: 8 | L47: 9 | M47: 10 | N47: 11 | O47: 12 | P47: 13 | Q47: 14 | R47: 15 | Z47: Parâmetros p/ μy | AA47: Média(E(RLT)) | AB47: 1 | AC47: 2 | AD47: 3 | AE47: 4 | AF47: 5 | AG47: 6 | AH47: 7 | AI47: 8 | AJ47: 9 | AK47: 10 | AL47: 11 | AM47: 12 | AN47: 13 | AO47: 14 | AP47: 15 | AV47: Parâmetros p/ μy | AW47: Média(E(RLT)) | AX47: 1 | AY47: 2 | AZ47: 3 | BA47: 4 | BB47: 5 | BC47: 6 | BD47: 7 | BE47: 8 | BF47: 9 | BG47: 10 | BH47: 11 | BI47: 12 | BJ47: 13 | BK47: 14 | BL47: 15 | BR47: Parâmetros p/ μy | BS47: Média(E(RLT)) | BT47: 1 | BU47: 2 | BV47: 3 | BW47: 4 | BX47: 5 | BY47: 6 | BZ47: 7 | CA47: 8 | CB47: 9 | CC47: 10 | CD47: 11 | CE47: 12 | CF47: 13 | CG47: 14 | CH47: 15 | CN47: Parâmetros p/ μy | CO47: Média(E(RLT)) | CP47: 1 | CQ47: 2 | CR47: 3 | CS47: 4 | CT47: 5 | CU47: 6 | CV47: 7 | CW47: 8 | CX47: 9 | CY47: 10 | CZ47: 11 | DA47: 12 | DB47: 13 | DC47: 14 | DD47: 15 | DJ47: Parâmetros p/ μy | DK47: Média(E(RLT)) | DL47: 1 | DM47: 2 | DN47: 3 | DO47: 4 | DP47: 5 | DQ47: 6 | DR47: 7 | DS47: 8 | DT47: 9 | DU47: 10 | DV47: 11 | DW47: 12 | DX47: 13 | DY47: 14 | DZ47: 15 | EF47: Parâmetros p/ μy | EG47: Média(E(RLT)) | EH47: 1 | EI47: 2 | EJ47: 3 | EK47: 4 | EL47: 5 | EM47: 6 | EN47: 7 | EO47: 8 | EP47: 9 | EQ47: 10 | ER47: 11 | ES47: 12 | ET47: 13 | EU47: 14 | EV47: 15 | FB47: Parâmetros p/ μy | FC47: Média(E(RLT)) | FD47: 1 | FE47: 2 | FF47: 3 | FG47: 4 | FH47: 5 | FI47: 6 | FJ47: 7 | FK47: 8 | FL47: 9 | FM47: 10 | FN47: 11 | FO47: 12 | FP47: 13 | FQ47: 14 | FR47: 15 | FX47: Parâmetros p/ μy | FY47: Média(E(RLT)) | FZ47: 1 | GA47: 2 | GB47: 3 | GC47: 4 | GD47: 5 | GE47: 6 | GF47: 7 | GG47: 8 | GH47: 9 | GI47: 10 | GJ47: 11 | GK47: 12 | GL47: 13 | GM47: 14 | GN47: 15 | GT47: Parâmetros p/ μy | GU47: Média(E(RLT)) | GV47: 1 | GW47: 2 | GX47: 3 | GY47: 4 | GZ47: 5 | HA47: 6 | HB47: 7 | HC47: 8 | HD47: 9 | HE47: 10 | HF47: 11 | HG47: 12 | HH47: 13 | HI47: 14 | HJ47: 15
B48: ND*RLT e S2nd | C48: 1 | D48: =Matlab_Data!D8 | E48: =Matlab_Data!E8 | F48: =Matlab_Data!F8 | G48: =Matlab_Data!G8 | H48: =Matlab_Data!H8 | I48: =Matlab_Data!I8 | J48: =Matlab_Data!J8 | K48: =Matlab_Data!K8 | ... R48: =Matlab_Data!R8 | T48: =SUM(D48:R50) | U48: 652.21 | V48: =T48-U48 | Z48: ND*RLT e S2nd | AA48: 1 | AB48: 9.45 | AC48: 14.92 | AD48: 14.79 | AE48: 17.69 | AF48: 14.79 | AG48: 14.31 | AH48: 10.15 | AI48: 14.45 | AJ48: 12.52 | AK48: 11.45 | AL48: 13.36 | AM48: 13.38 | AN48: 14.59 | AO48: 14.28 | AP48: 16.04 | AV48: ND*RLT e S2nd | AW48: 1 | AX48: 9.45 | AY48: 14.92 | AZ48: 14.79 | BA48: 17.69 | BB48: 14.79 | BC48: 14.31 | BD48: 10.15 | BE48: 14.45 | BF48: 12.52 | BG48: 11.45 | BH48: 13.36 | BI48: 13.38 | BJ48: 14.59 | BK48: 14.28 | BL48: 16.04 | BR48: ND*RLT e S2nd | BS48: 1 | BT48: 9.45 | BU48: 14.92 | BV48: 14.79 | BW48: 17.69 | BX48: 14.79 | BY48: 14.31 | BZ48: 10.15 | CA48: 14.45 | CB48: 12.52 | CC48: 11.45 | CD48: 13.36 | CE48: 13.38 | CF48: 14.59 | CG48: 14.28 | CH48: 16.04 | CN48: ND*RLT e S2nd | CO48: 1 | CP48: 9.45 | CQ48: 14.92 | CR48: 14.79 | CS48: 17.69 | CT48: 14.79 | CU48: 14.31 | CV48: 10.15 | CW48: 14.45 | CX48: 12.52 | CY48: 11.45 | CZ48: 13.36 | DA48: 13.38 | DB48: 14.59 | DC48: 14.28 | DD48: 16.04 | DJ48: ND*RLT e S2nd | DK48: 1 | DL48: 9.45 | DM48: 14.92 | DN48: 14.79 | DO48: 17.69 | DP48: 14.79 | DQ48: 14.31 | DR48: 10.15 | DS48: 14.45 | DT48: 12.52 | DU48: 11.45 | DV48: 13.36 | DW48: 13.38 | DX48: 14.59 | DY48: 14.28 | DZ48: 16.04 | EF48: ND*RLT e S2nd | EG48: 1 | EH48: 9.45 | EI48: 14.92 | EJ48: 14.79 | EK48: 17.69 | EL48: 14.79 | EM48: 14.31 | EN48: 10.15 | EO48: 14.45 | EP48: 12.52 | EQ48: 11.45 | ER48: 13.36 | ES48: 13.38 | ET48: 14.59 | EU48: 14.28 | EV48: 16.04 | FB48: ND*RLT e S2nd | FC48: 1 | FD48: 9.45 | FE48: 14.92 | FF48: 14.79 | FG48: 17.69 | FH48: 14.79 | FI48: 14.31 | FJ48: 10.15 | FK48: 14.45 | FL48: 12.52 | FM48: 11.45 | FN48: 13.36 | FO48: 13.38 | FP48: 14.59 | FQ48: 14.28 | FR48: 16.04 | FX48: ND*RLT e S2nd | FY48: 1 | FZ48: 9.45 | GA48: 14.92 | GB48: 14.79 | GC48: 17.69 | GD48: 14.79 | GE48: 14.31 | GF48: 10.15 | GG48: 14.45 | GH48: 12.52 | GI48: 11.45 | GJ48: 13.36 | GK48: 13.38 | GL48: 14.59 | GM48: 14.28 | GN48: 16.04 | GT48: ND*RLT e S2nd | GU48: 1 | GV48: 9.45 | GW48: 14.92 | GX48: 14.79 | GY48: 17.69 | GZ48: 14.79 | HA48: 14.31 | HB48: 10.15 | HC48: 14.45 | HD48: 12.52 | HE48: 11.45 | HF48: 13.36 | HG48: 13.38 | HH48: 14.59 | HI48: 14.28 | HJ48: 16.04
C49: 2 | D49: =Matlab_Data!D9 | E49: =Matlab_Data!E9 | F49: =Matlab_Data!F9 | G49: =Matlab_Data!G9 | H49: =Matlab_Data!H9 | I49: =Matlab_Data!I9 | J49: =Matlab_Data!J9 | K49: =Matlab_Data!K9 | ... R49: =Matlab_Data!R9 | AA49: 2 | AB49: 13.11 | AC49: 17.64 | AD49: 11.65 | AE49: 20.06 | AF49: 11.73 | AG49: 15.92 | AH49: 12.08 | AI49: 15.93 | AJ49: 10.8 | AK49: 13.12 | AL49: 12.44 | AM49: 15.71 | AN49: 19.48 | AO49: 17.94 | AP49: 13.48 | AW49: 2 | AX49: 13.11 | AY49: 17.64 | AZ49: 11.65 | BA49: 20.06 | BB49: 11.73 | BC49: 15.92 | BD49: 12.08 | BE49: 15.93 | BF49: 10.8 | BG49: 13.12 | BH49: 12.44 | BI49: 15.71 | BJ49: 19.48 | BK49: 17.94 | BL49: 13.48 | BS49: 2 | BT49: 13.11 | BU49: 17.64 | BV49: 11.65 | BW49: 20.06 | BX49: 11.73 | BY49: 15.92 | BZ49: 12.08 | CA49: 15.93 | CB49: 10.8 | CC49: 13.12 | CD49: 12.44 | CE49: 15.71 | CF49: 19.48 | CG49: 17.94 | CH49: 13.48 | CO49: 2 | CP49: 13.11 | CQ49: 17.64 | CR49: 11.65 | CS49: 20.06 | CT49: 11.73 | CU49: 15.92 | CV49: 12.08 | CW49: 15.93 | CX49: 10.8 | CY49: 13.12 | CZ49: 12.44 | DA49: 15.71 | DB49: 19.48 | DC49: 17.94 | DD49: 13.48 | DK49: 2 | DL49: 13.11 | DM49: 17.64 | DN49: 11.65 | DO49: 20.06 | DP49: 11.73 | DQ49: 15.92 | DR49: 12.08 | DS49: 15.93 | DT49: 10.8 | DU49: 13.12 | DV49: 12.44 | DW49: 15.71 | DX49: 19.48 | DY49: 17.94 | DZ49: 13.48 | EG49: 2 | EH49: 13.11 | EI49: 17.64 | EJ49: 11.65 | EK49: 20.06 | EL49: 11.73 | EM49: 15.92 | EN49: 12.08 | EO49: 15.93 | EP49: 10.8 | EQ49: 13.12 | ER49: 12.44 | ES49: 15.71 | ET49: 19.48 | EU49: 17.94 | EV49: 13.48 | FC49: 2 | FD49: 13.11 | FE49: 17.64 | FF49: 11.65 | FG49: 20.06 | FH49: 11.73 | FI49: 15.92 | FJ49: 12.08 | FK49: 15.93 | FL49: 10.8 | FM49: 13.12 | FN49: 12.44 | FO49: 15.71 | FP49: 19.48 | FQ49: 17.94 | FR49: 13.48 | FY49: 2 | FZ49: 13.11 | GA49: 17.64 | GB49: 11.65 | GC49: 20.06 | GD49: 11.73 | GE49: 15.92 | GF49: 12.08 | GG49: 15.93 | GH49: 10.8 | GI49: 13.12 | GJ49: 12.44 | GK49: 15.71 | GL49: 19.48 | GM49: 17.94 | GN49: 13.48 | GU49: 2 | GV49: 13.11 | GW49: 17.64 | GX49: 11.65 | GY49: 20.06 | GZ49: 11.73 | HA49: 15.92 | HB49: 12.08 | HC49: 15.93 | HD49: 10.8 | HE49: 13.12 | HF49: 12.44 | HG49: 15.71 | HH49: 19.48 | HI49: 17.94 | HJ49: 13.48
C50: 3 | D50: =Matlab_Data!D10 | E50: =Matlab_Data!E10 | F50: =Matlab_Data!F10 | G50: =Matlab_Data!G10 | H50: =Matlab_Data!H10 | I50: =Matlab_Data!I10 | J50: =Matlab_Data!J10 | K50: =Matlab_Data!K10 | ... R50: =Matlab_Data!R10 | AA50: 3 | AB50: 18.26 | AC50: 19.27 | AD50: 20.64 | AE50: 13.97 | AF50: 13.78 | AG50: 17.6 | AH50: 12.66 | AI50: 13.15 | AJ50: 16.36 | AK50: 15.94 | AL50: 10.35 | AM50: 14.02 | AN50: 14.06 | AO50: 12.12 | AP50: 12.77 | AW50: 3 | AX50: 18.26 | AY50: 19.27 | AZ50: 20.64 | BA50: 13.97 | BB50: 13.78 | BC50: 17.6 | BD50: 12.66 | BE50: 13.15 | BF50: 16.36 | BG50: 15.94 | BH50: 10.35 | BI50: 14.02 | BJ50: 14.06 | BK50: 12.12 | BL50: 12.77 | BS50: 3 | BT50: 18.26 | BU50: 19.27 | BV50: 20.64 | BW50: 13.97 | BX50: 13.78 | BY50: 17.6 | BZ50: 12.66 | CA50: 13.15 | CB50: 16.36 | CC50: 15.94 | CD50: 10.35 | CE50: 14.02 | CF50: 14.06 | CG50: 12.12 | CH50: 12.77 | CO50: 3 | CP50: 18.26 | CQ50: 19.27 | CR50: 20.64 | CS50: 13.97 | CT50: 13.78 | CU50: 17.6 | CV50: 12.66 | CW50: 13.15 | CX50: 16.36 | CY50: 15.94 | CZ50: 10.35 | DA50: 14.02 | DB50: 14.06 | DC50: 12.12 | DD50: 12.77 | DK50: 3 | DL50: 18.26 | DM50: 19.27 | DN50: 20.64 | DO50: 13.97 | DP50: 13.78 | DQ50: 17.6 | DR50: 12.66 | DS50: 13.15 | DT50: 16.36 | DU50: 15.94 | DV50: 10.35 | DW50: 14.02 | DX50: 14.06 | DY50: 12.12 | DZ50: 12.77 | EG50: 3 | EH50: 18.26 | EI50: 19.27 | EJ50: 20.64 | EK50: 13.97 | EL50: 13.78 | EM50: 17.6 | EN50: 12.66 | EO50: 13.15 | EP50: 16.36 | EQ50: 15.94 | ER50: 10.35 | ES50: 14.02 | ET50: 14.06 | EU50: 12.12 | EV50: 12.77 | FC50: 3 | FD50: 18.26 | FE50: 19.27 | FF50: 20.64 | FG50: 13.97 | FH50: 13.78 | FI50: 17.6 | FJ50: 12.66 | FK50: 13.15 | FL50: 16.36 | FM50: 15.94 | FN50: 10.35 | FO50: 14.02 | FP50: 14.06 | FQ50: 12.12 | FR50: 12.77 | FY50: 3 | FZ50: 18.26 | GA50: 19.27 | GB50: 20.64 | GC50: 13.97 | GD50: 13.78 | GE50: 17.6 | GF50: 12.66 | GG50: 13.15 | GH50: 16.36 | GI50: 15.94 | GJ50: 10.35 | GK50: 14.02 | GL50: 14.06 | GM50: 12.12 | GN50: 12.77 | GU50: 3 | GV50: 18.26 | GW50: 19.27 | GX50: 20.64 | GY50: 13.97 | GZ50: 13.78 | HA50: 17.6 | HB50: 12.66 | HC50: 13.15 | HD50: 16.36 | HE50: 15.94 | HF50: 10.35 | HG50: 14.02 | HH50: 14.06 | HI50: 12.12 | HJ50: 12.77
C52: Cap | D52: 1 | E52: 2 | F52: 3 | G52: 4 | H52: 5 | I52: 6 | J52: 7 | K52: 8 | L52: 9 | M52: 10 | N52: 11 | O52: 12 | P52: 13 | Q52: 14 | R52: 15 | AA52: Cap | AB52: 1 | AC52: 2 | AD52: 3 | AE52: 4 | AF52: 5 | AG52: 6 | AH52: 7 | AI52: 8 | AJ52: 9 | AK52: 10 | AL52: 11 | AM52: 12 | AN52: 13 | AO52: 14 | AP52: 15 | AW52: Cap | AX52: 1 | AY52: 2 | AZ52: 3 | BA52: 4 | BB52: 5 | BC52: 6 | BD52: 7 | BE52: 8 | BF52: 9 | BG52: 10 | BH52: 11 | BI52: 12 | BJ52: 13 | BK52: 14 | BL52: 15 | BS52: Cap | BT52: 1 | BU52: 2 | BV52: 3 | BW52: 4 | BX52: 5 | BY52: 6 | BZ52: 7 | CA52: 8 | CB52: 9 | CC52: 10 | CD52: 11 | CE52: 12 | CF52: 13 | CG52: 14 | CH52: 15 | CO52: Cap | CP52: 1 | CQ52: 2 | CR52: 3 | CS52: 4 | CT52: 5 | CU52: 6 | CV52: 7 | CW52: 8 | CX52: 9 | CY52: 10 | CZ52: 11 | DA52: 12 | DB52: 13 | DC52: 14 | DD52: 15 | DK52: Cap | DL52: 1 | DM52: 2 | DN52: 3 | DO52: 4 | DP52: 5 | DQ52: 6 | DR52: 7 | DS52: 8 | DT52: 9 | DU52: 10 | DV52: 11 | DW52: 12 | DX52: 13 | DY52: 14 | DZ52: 15 | EG52: Cap | EH52: 1 | EI52: 2 | EJ52: 3 | EK52: 4 | EL52: 5 | EM52: 6 | EN52: 7 | EO52: 8 | EP52: 9 | EQ52: 10 | ER52: 11 | ES52: 12 | ET52: 13 | EU52: 14 | EV52: 15 | FC52: Cap | FD52: 1 | FE52: 2 | FF52: 3 | FG52: 4 | FH52: 5 | FI52: 6 | FJ52: 7 | FK52: 8 | FL52: 9 | FM52: 10 | FN52: 11 | FO52: 12 | FP52: 13 | FQ52: 14 | FR52: 15 | FY52: Cap | FZ52: 1 | GA52: 2 | GB52: 3 | GC52: 4 | GD52: 5 | GE52: 6 | GF52: 7 | GG52: 8 | GH52: 9 | GI52: 10 | GJ52: 11 | GK52: 12 | GL52: 13 | GM52: 14 | GN52: 15 | GU52: Cap | GV52: 1 | GW52: 2 | GX52: 3 | GY52: 4 | GZ52: 5 | HA52: 6 | HB52: 7 | HC52: 8 | HD52: 9 | HE52: 10 | HF52: 11 | HG52: 12 | HH52: 13 | HI52: 14 | HJ52: 15
C53: 1 | D53: =Matlab_Data!D13 | E53: =Matlab_Data!E13 | F53: =Matlab_Data!F13 | G53: =Matlab_Data!G13 | H53: =Matlab_Data!H13 | I53: =Matlab_Data!I13 | J53: =Matlab_Data!J13 | K53: =Matlab_Data!K13 | ... R53: =Matlab_Data!R13 | T53: =SUM(D53:R55) | U53: 15211.79 | V53: =T53-U53 | AA53: 1 | AB53: 304.6 | AC53: 336.22 | AD53: 367.37 | AE53: 330.6 | AF53: 407.16 | AG53: 209.81 | AH53: 353.15 | AI53: 325.44 | AJ53: 303.38 | AK53: 363.91 | AL53: 423.84 | AM53: 250.7 | AN53: 253.28 | AO53: 216.52 | AP53: 388.77 | AW53: 1 | AX53: 304.6 | AY53: 336.22 | AZ53: 367.37 | BA53: 330.6 | BB53: 407.16 | BC53: 209.81 | BD53: 353.15 | BE53: 325.44 | BF53: 303.38 | BG53: 363.91 | BH53: 423.84 | BI53: 250.7 | BJ53: 253.28 | BK53: 216.52 | BL53: 388.77 | BS53: 1 | BT53: 304.6 | BU53: 336.22 | BV53: 367.37 | BW53: 330.6 | BX53: 407.16 | BY53: 209.81 | BZ53: 353.15 | CA53: 325.44 | CB53: 303.38 | CC53: 363.91 | CD53: 423.84 | CE53: 250.7 | CF53: 253.28 | CG53: 216.52 | CH53: 388.77 | CO53: 1 | CP53: 304.6 | CQ53: 336.22 | CR53: 367.37 | CS53: 330.6 | CT53: 407.16 | CU53: 209.81 | CV53: 353.15 | CW53: 325.44 | CX53: 303.38 | CY53: 363.91 | CZ53: 423.84 | DA53: 250.7 | DB53: 253.28 | DC53: 216.52 | DD53: 388.77 | DK53: 1 | DL53: 304.6 | DM53: 336.22 | DN53: 367.37 | DO53: 330.6 | DP53: 407.16 | DQ53: 209.81 | DR53: 353.15 | DS53: 325.44 | DT53: 303.38 | DU53: 363.91 | DV53: 423.84 | DW53: 250.7 | DX53: 253.28 | DY53: 216.52 | DZ53: 388.77 | EG53: 1 | EH53: 304.6 | EI53: 336.22 | EJ53: 367.37 | EK53: 330.6 | EL53: 407.16 | EM53: 209.81 | EN53: 353.15 | EO53: 325.44 | EP53: 303.38 | EQ53: 363.91 | ER53: 423.84 | ES53: 250.7 | ET53: 253.28 | EU53: 216.52 | EV53: 388.77 | FC53: 1 | FD53: 304.6 | FE53: 336.22 | FF53: 367.37 | FG53: 330.6 | FH53: 407.16 | FI53: 209.81 | FJ53: 353.15 | FK53: 325.44 | FL53: 303.38 | FM53: 363.91 | FN53: 423.84 | FO53: 250.7 | FP53: 253.28 | FQ53: 216.52 | FR53: 388.77 | FY53: 1 | FZ53: 304.6 | GA53: 336.22 | GB53: 367.37 | GC53: 330.6 | GD53: 407.16 | GE53: 209.81 | GF53: 353.15 | GG53: 325.44 | GH53: 303.38 | GI53: 363.91 | GJ53: 423.84 | GK53: 250.7 | GL53: 253.28 | GM53: 216.52 | GN53: 388.77 | GU53: 1 | GV53: 304.6 | GW53: 336.22 | GX53: 367.37 | GY53: 330.6 | GZ53: 407.16 | HA53: 209.81 | HB53: 353.15 | HC53: 325.44 | HD53: 303.38 | HE53: 363.91 | HF53: 423.84 | HG53: 250.7 | HH53: 253.28 | HI53: 216.52 | HJ53: 388.77
C54: 2 | D54: =Matlab_Data!D14 | E54: =Matlab_Data!E14 | F54: =Matlab_Data!F14 | G54: =Matlab_Data!G14 | H54: =Matlab_Data!H14 | I54: =Matlab_Data!I14 | J54: =Matlab_Data!J14 | K54: =Matlab_Data!K14 | ... R54: =Matlab_Data!R14 | AA54: 2 | AB54: 288.68 | AC54: 254.58 | AD54: 333.83 | AE54: 569.96 | AF54: 363.61 | AG54: 359.54 | AH54: 304.66 | AI54: 312.17 | AJ54: 379.11 | AK54: 233.3 | AL54: 387.92 | AM54: 330.06 | AN54: 266.36 | AO54: 408.27 | AP54: 358.07 | AW54: 2 | AX54: 288.68 | AY54: 254.58 | AZ54: 333.83 | BA54: 569.96 | BB54: 363.61 | BC54: 359.54 | BD54: 304.66 | BE54: 312.17 | BF54: 379.11 | BG54: 233.3 | BH54: 387.92 | BI54: 330.06 | BJ54: 266.36 | BK54: 408.27 | BL54: 358.07 | BS54: 2 | BT54: 288.68 | BU54: 254.58 | BV54: 333.83 | BW54: 569.96 | BX54: 363.61 | BY54: 359.54 | BZ54: 304.66 | CA54: 312.17 | CB54: 379.11 | CC54: 233.3 | CD54: 387.92 | CE54: 330.06 | CF54: 266.36 | CG54: 408.27 | CH54: 358.07 | CO54: 2 | CP54: 288.68 | CQ54: 254.58 | CR54: 333.83 | CS54: 569.96 | CT54: 363.61 | CU54: 359.54 | CV54: 304.66 | CW54: 312.17 | CX54: 379.11 | CY54: 233.3 | CZ54: 387.92 | DA54: 330.06 | DB54: 266.36 | DC54: 408.27 | DD54: 358.07 | DK54: 2 | DL54: 288.68 | DM54: 254.58 | DN54: 333.83 | DO54: 569.96 | DP54: 363.61 | DQ54: 359.54 | DR54: 304.66 | DS54: 312.17 | DT54: 379.11 | DU54: 233.3 | DV54: 387.92 | DW54: 330.06 | DX54: 266.36 | DY54: 408.27 | DZ54: 358.07 | EG54: 2 | EH54: 288.68 | EI54: 254.58 | EJ54: 333.83 | EK54: 569.96 | EL54: 363.61 | EM54: 359.54 | EN54: 304.66 | EO54: 312.17 | EP54: 379.11 | EQ54: 233.3 | ER54: 387.92 | ES54: 330.06 | ET54: 266.36 | EU54: 408.27 | EV54: 358.07 | FC54: 2 | FD54: 288.68 | FE54: 254.58 | FF54: 333.83 | FG54: 569.96 | FH54: 363.61 | FI54: 359.54 | FJ54: 304.66 | FK54: 312.17 | FL54: 379.11 | FM54: 233.3 | FN54: 387.92 | FO54: 330.06 | FP54: 266.36 | FQ54: 408.27 | FR54: 358.07 | FY54: 2 | FZ54: 288.68 | GA54: 254.58 | GB54: 333.83 | GC54: 569.96 | GD54: 363.61 | GE54: 359.54 | GF54: 304.66 | GG54: 312.17 | GH54: 379.11 | GI54: 233.3 | GJ54: 387.92 | GK54: 330.06 | GL54: 266.36 | GM54: 408.27 | GN54: 358.07 | GU54: 2 | GV54: 288.68 | GW54: 254.58 | GX54: 333.83 | GY54: 569.96 | GZ54: 363.61 | HA54: 359.54 | HB54: 304.66 | HC54: 312.17 | HD54: 379.11 | HE54: 233.3 | HF54: 387.92 | HG54: 330.06 | HH54: 266.36 | HI54: 408.27 | HJ54: 358.07
C55: 3 | D55: =Matlab_Data!D15 | E55: =Matlab_Data!E15 | F55: =Matlab_Data!F15 | G55: =Matlab_Data!G15 | H55: =Matlab_Data!H15 | I55: =Matlab_Data!I15 | J55: =Matlab_Data!J15 | K55: =Matlab_Data!K15 | ... R55: =Matlab_Data!R15 | AA55: 3 | AB55: 327.67 | AC55: 359.24 | AD55: 403.54 | AE55: 415.74 | AF55: 368.14 | AG55: 306.54 | AH55: 220.2 | AI55: 408.05 | AJ55: 398.03 | AK55: 305.5 | AL55: 241.55 | AM55: 315.53 | AN55: 436.88 | AO55: 393.14 | AP55: 327.17 | AW55: 3 | AX55: 327.67 | AY55: 359.24 | AZ55: 403.54 | BA55: 415.74 | BB55: 368.14 | BC55: 306.54 | BD55: 220.2 | BE55: 408.05 | BF55: 398.03 | BG55: 305.5 | BH55: 241.55 | BI55: 315.53 | BJ55: 436.88 | BK55: 393.14 | BL55: 327.17 | BS55: 3 | BT55: 327.67 | BU55: 359.24 | BV55: 403.54 | BW55: 415.74 | BX55: 368.14 | BY55: 306.54 | BZ55: 220.2 | CA55: 408.05 | CB55: 398.03 | CC55: 305.5 | CD55: 241.55 | CE55: 315.53 | CF55: 436.88 | CG55: 393.14 | CH55: 327.17 | CO55: 3 | CP55: 327.67 | CQ55: 359.24 | CR55: 403.54 | CS55: 415.74 | CT55: 368.14 | CU55: 306.54 | CV55: 220.2 | CW55: 408.05 | CX55: 398.03 | CY55: 305.5 | CZ55: 241.55 | DA55: 315.53 | DB55: 436.88 | DC55: 393.14 | DD55: 327.17 | DK55: 3 | DL55: 327.67 | DM55: 359.24 | DN55: 403.54 | DO55: 415.74 | DP55: 368.14 | DQ55: 306.54 | DR55: 220.2 | DS55: 408.05 | DT55: 398.03 | DU55: 305.5 | DV55: 241.55 | DW55: 315.53 | DX55: 436.88 | DY55: 393.14 | DZ55: 327.17 | EG55: 3 | EH55: 327.67 | EI55: 359.24 | EJ55: 403.54 | EK55: 415.74 | EL55: 368.14 | EM55: 306.54 | EN55: 220.2 | EO55: 408.05 | EP55: 398.03 | EQ55: 305.5 | ER55: 241.55 | ES55: 315.53 | ET55: 436.88 | EU55: 393.14 | EV55: 327.17 | FC55: 3 | FD55: 327.67 | FE55: 359.24 | FF55: 403.54 | FG55: 415.74 | FH55: 368.14 | FI55: 306.54 | FJ55: 220.2 | FK55: 408.05 | FL55: 398.03 | FM55: 305.5 | FN55: 241.55 | FO55: 315.53 | FP55: 436.88 | FQ55: 393.14 | FR55: 327.17 | FY55: 3 | FZ55: 327.67 | GA55: 359.24 | GB55: 403.54 | GC55: 415.74 | GD55: 368.14 | GE55: 306.54 | GF55: 220.2 | GG55: 408.05 | GH55: 398.03 | GI55: 305.5 | GJ55: 241.55 | GK55: 315.53 | GL55: 436.88 | GM55: 393.14 | GN55: 327.17 | GU55: 3 | GV55: 327.67 | GW55: 359.24 | GX55: 403.54 | GY55: 415.74 | GZ55: 368.14 | HA55: 306.54 | HB55: 220.2 | HC55: 408.05 | HD55: 398.03 | HE55: 305.5 | HF55: 241.55 | HG55: 315.53 | HH55: 436.88 | HI55: 393.14 | HJ55: 327.17
B57: Parâmetros p/ μx | C57: Var(d-cap) | D57: 1 | E57: 2 | F57: 3 | G57: 4 | H57: 5 | I57: 6 | J57: 7 | K57: 8 | L57: 9 | M57: 10 | N57: 11 | O57: 12 | P57: 13 | Q57: 14 | R57: 15 | Z57: Parâmetros p/ μx | AA57: Var(d-cap) | AB57: 1 | AC57: 2 | AD57: 3 | AE57: 4 | AF57: 5 | AG57: 6 | AH57: 7 | AI57: 8 | AJ57: 9 | AK57: 10 | AL57: 11 | AM57: 12 | AN57: 13 | AO57: 14 | AP57: 15 | AV57: Parâmetros p/ μx | AW57: Var(d-cap) | AX57: 1 | AY57: 2 | AZ57: 3 | BA57: 4 | BB57: 5 | BC57: 6 | BD57: 7 | BE57: 8 | BF57: 9 | BG57: 10 | BH57: 11 | BI57: 12 | BJ57: 13 | BK57: 14 | BL57: 15 | BR57: Parâmetros p/ μx | BS57: Var(d-cap) | BT57: 1 | BU57: 2 | BV57: 3 | BW57: 4 | BX57: 5 | BY57: 6 | BZ57: 7 | CA57: 8 | CB57: 9 | CC57: 10 | CD57: 11 | CE57: 12 | CF57: 13 | CG57: 14 | CH57: 15 | CN57: Parâmetros p/ μx | CO57: Var(d-cap) | CP57: 1 | CQ57: 2 | CR57: 3 | CS57: 4 | CT57: 5 | CU57: 6 | CV57: 7 | CW57: 8 | CX57: 9 | CY57: 10 | CZ57: 11 | DA57: 12 | DB57: 13 | DC57: 14 | DD57: 15 | DJ57: Parâmetros p/ μx | DK57: Var(d-cap) | DL57: 1 | DM57: 2 | DN57: 3 | DO57: 4 | DP57: 5 | DQ57: 6 | DR57: 7 | DS57: 8 | DT57: 9 | DU57: 10 | DV57: 11 | DW57: 12 | DX57: 13 | DY57: 14 | DZ57: 15 | EF57: Parâmetros p/ μx | EG57: Var(d-cap) | EH57: 1 | EI57: 2 | EJ57: 3 | EK57: 4 | EL57: 5 | EM57: 6 | EN57: 7 | EO57: 8 | EP57: 9 | EQ57: 10 | ER57: 11 | ES57: 12 | ET57: 13 | EU57: 14 | EV57: 15 | FB57: Parâmetros p/ μx | FC57: Var(d-cap) | FD57: 1 | FE57: 2 | FF57: 3 | FG57: 4 | FH57: 5 | FI57: 6 | FJ57: 7 | FK57: 8 | FL57: 9 | FM57: 10 | FN57: 11 | FO57: 12 | FP57: 13 | FQ57: 14 | FR57: 15 | FX57: Parâmetros p/ μx | FY57: Var(d-cap) | FZ57: 1 | GA57: 2 | GB57: 3 | GC57: 4 | GD57: 5 | GE57: 6 | GF57: 7 | GG57: 8 | GH57: 9 | GI57: 10 | GJ57: 11 | GK57: 12 | GL57: 13 | GM57: 14 | GN57: 15 | GT57: Parâmetros p/ μx | GU57: Var(d-cap) | GV57: 1 | GW57: 2 | GX57: 3 | GY57: 4 | GZ57: 5 | HA57: 6 | HB57: 7 | HC57: 8 | HD57: 9 | HE57: 10 | HF57: 11 | HG57: 12 | HH57: 13 | HI57: 14 | HJ57: 15
B58: S2nd | C58: 1 | D58: =Matlab_Data!D18 | E58: =Matlab_Data!E18 | F58: =Matlab_Data!F18 | G58: =Matlab_Data!G18 | H58: =Matlab_Data!H18 | I58: =Matlab_Data!I18 | J58: =Matlab_Data!J18 | K58: =Matlab_Data!K18 | ... R58: =Matlab_Data!R18 | T58: =SUM(D58:R60) | U58: 14737.525 | V58: =T58-U58 | Z58: S2nd | AA58: 1 | AB58: 195.14972 | AC58: 268.59932 | AD58: 243.19779 | AE58: 211.78981 | AF58: 495.67679 | AG58: 191.80865 | AH58: 228.58718 | AI58: 428.22922 | AJ58: 341.0264 | AK58: 325.91803 | AL58: 498.35651 | AM58: 151.52871 | AN58: 217.80742 | AO58: 186.71856 | AP58: 592.96633 | AV58: S2nd | AW58: 1 | AX58: 195.14972 | AY58: 268.59932 | AZ58: 243.19779 | BA58: 211.78981 | BB58: 495.67679 | BC58: 191.80865 | BD58: 228.58718 | BE58: 428.22922 | BF58: 341.0264 | BG58: 325.91803 | BH58: 498.35651 | BI58: 151.52871 | BJ58: 217.80742 | BK58: 186.71856 | BL58: 592.96633 | BR58: S2nd | BS58: 1 | BT58: 195.14972 | BU58: 268.59932 | BV58: 243.19779 | BW58: 211.78981 | BX58: 495.67679 | BY58: 191.80865 | BZ58: 228.58718 | CA58: 428.22922 | CB58: 341.0264 | CC58: 325.91803 | CD58: 498.35651 | CE58: 151.52871 | CF58: 217.80742 | CG58: 186.71856 | CH58: 592.96633 | CN58: S2nd | CO58: 1 | CP58: 195.14972 | CQ58: 268.59932 | CR58: 243.19779 | CS58: 211.78981 | CT58: 495.67679 | CU58: 191.80865 | CV58: 228.58718 | CW58: 428.22922 | CX58: 341.0264 | CY58: 325.91803 | CZ58: 498.35651 | DA58: 151.52871 | DB58: 217.80742 | DC58: 186.71856 | DD58: 592.96633 | DJ58: S2nd | DK58: 1 | DL58: 195.14972 | DM58: 268.59932 | DN58: 243.19779 | DO58: 211.78981 | DP58: 495.67679 | DQ58: 191.80865 | DR58: 228.58718 | DS58: 428.22922 | DT58: 341.0264 | DU58: 325.91803 | DV58: 498.35651 | DW58: 151.52871 | DX58: 217.80742 | DY58: 186.71856 | DZ58: 592.96633 | EF58: S2nd | EG58: 1 | EH58: 195.14972 | EI58: 268.59932 | EJ58: 243.19779 | EK58: 211.78981 | EL58: 495.67679 | EM58: 191.80865 | EN58: 228.58718 | EO58: 428.22922 | EP58: 341.0264 | EQ58: 325.91803 | ER58: 498.35651 | ES58: 151.52871 | ET58: 217.80742 | EU58: 186.71856 | EV58: 592.96633 | FB58: S2nd | FC58: 1 | FD58: 195.14972 | FE58: 268.59932 | FF58: 243.19779 | FG58: 211.78981 | FH58: 495.67679 | FI58: 191.80865 | FJ58: 228.58718 | FK58: 428.22922 | FL58: 341.0264 | FM58: 325.91803 | FN58: 498.35651 | FO58: 151.52871 | FP58: 217.80742 | FQ58: 186.71856 | FR58: 592.96633 | FX58: S2nd | FY58: 1 | FZ58: 195.14972 | GA58: 268.59932 | GB58: 243.19779 | GC58: 211.78981 | GD58: 495.67679 | GE58: 191.80865 | GF58: 228.58718 | GG58: 428.22922 | GH58: 341.0264 | GI58: 325.91803 | GJ58: 498.35651 | GK58: 151.52871 | GL58: 217.80742 | GM58: 186.71856 | GN58: 592.96633 | GT58: S2nd | GU58: 1 | GV58: 195.14972 | GW58: 268.59932 | GX58: 243.19779 | GY58: 211.78981 | GZ58: 495.67679 | HA58: 191.80865 | HB58: 228.58718 | HC58: 428.22922 | HD58: 341.0264 | HE58: 325.91803 | HF58: 498.35651 | HG58: 151.52871 | HH58: 217.80742 | HI58: 186.71856 | HJ58: 592.96633
C59: 2 | D59: =Matlab_Data!D19 | E59: =Matlab_Data!E19 | F59: =Matlab_Data!F19 | G59: =Matlab_Data!G19 | H59: =Matlab_Data!H19 | I59: =Matlab_Data!I19 | J59: =Matlab_Data!J19 | K59: =Matlab_Data!K19 | ... R59: =Matlab_Data!R19 | AA59: 2 | AB59: 282.89894 | AC59: 213.68885 | AD59: 241.92692 | AE59: 590.55804 | AF59: 388.85868 | AG59: 422.60669 | AH59: 252.55884 | AI59: 203.0283 | AJ59: 313.81768 | AK59: 195.9692 | AL59: 304.38734 | AM59: 362.78821 | AN59: 237.91829 | AO59: 507.64596 | AP59: 435.18967 | AW59: 2 | AX59: 282.89894 | AY59: 213.68885 | AZ59: 241.92692 | BA59: 590.55804 | BB59: 388.85868 | BC59: 422.60669 | BD59: 252.55884 | BE59: 203.0283 | BF59: 313.81768 | BG59: 195.9692 | BH59: 304.38734 | BI59: 362.78821 | BJ59: 237.91829 | BK59: 507.64596 | BL59: 435.18967 | BS59: 2 | BT59: 282.89894 | BU59: 213.68885 | BV59: 241.92692 | BW59: 590.55804 | BX59: 388.85868 | BY59: 422.60669 | BZ59: 252.55884 | CA59: 203.0283 | CB59: 313.81768 | CC59: 195.9692 | CD59: 304.38734 | CE59: 362.78821 | CF59: 237.91829 | CG59: 507.64596 | CH59: 435.18967 | CO59: 2 | CP59: 282.89894 | CQ59: 213.68885 | CR59: 241.92692 | CS59: 590.55804 | CT59: 388.85868 | CU59: 422.60669 | CV59: 252.55884 | CW59: 203.0283 | CX59: 313.81768 | CY59: 195.9692 | CZ59: 304.38734 | DA59: 362.78821 | DB59: 237.91829 | DC59: 507.64596 | DD59: 435.18967 | DK59: 2 | DL59: 282.89894 | DM59: 213.68885 | DN59: 241.92692 | DO59: 590.55804 | DP59: 388.85868 | DQ59: 422.60669 | DR59: 252.55884 | DS59: 203.0283 | DT59: 313.81768 | DU59: 195.9692 | DV59: 304.38734 | DW59: 362.78821 | DX59: 237.91829 | DY59: 507.64596 | DZ59: 435.18967 | EG59: 2 | EH59: 282.89894 | EI59: 213.68885 | EJ59: 241.92692 | EK59: 590.55804 | EL59: 388.85868 | EM59: 422.60669 | EN59: 252.55884 | EO59: 203.0283 | EP59: 313.81768 | EQ59: 195.9692 | ER59: 304.38734 | ES59: 362.78821 | ET59: 237.91829 | EU59: 507.64596 | EV59: 435.18967 | FC59: 2 | FD59: 282.89894 | FE59: 213.68885 | FF59: 241.92692 | FG59: 590.55804 | FH59: 388.85868 | FI59: 422.60669 | FJ59: 252.55884 | FK59: 203.0283 | FL59: 313.81768 | FM59: 195.9692 | FN59: 304.38734 | FO59: 362.78821 | FP59: 237.91829 | FQ59: 507.64596 | FR59: 435.18967 | FY59: 2 | FZ59: 282.89894 | GA59: 213.68885 | GB59: 241.92692 | GC59: 590.55804 | GD59: 388.85868 | GE59: 422.60669 | GF59: 252.55884 | GG59: 203.0283 | GH59: 313.81768 | GI59: 195.9692 | GJ59: 304.38734 | GK59: 362.78821 | GL59: 237.91829 | GM59: 507.64596 | GN59: 435.18967 | GU59: 2 | GV59: 282.89894 | GW59: 213.68885 | GX59: 241.92692 | GY59: 590.55804 | GZ59: 388.85868 | HA59: 422.60669 | HB59: 252.55884 | HC59: 203.0283 | HD59: 313.81768 | HE59: 195.9692 | HF59: 304.38734 | HG59: 362.78821 | HH59: 237.91829 | HI59: 507.64596 | HJ59: 435.18967
C60: 3 | D60: =Matlab_Data!D20 | E60: =Matlab_Data!E20 | F60: =Matlab_Data!F20 | G60: =Matlab_Data!G20 | H60: =Matlab_Data!H20 | I60: =Matlab_Data!I20 | J60: =Matlab_Data!J20 | K60: =Matlab_Data!K20 | ... R60: =Matlab_Data!R20 | AA60: 3 | AB60: 467.04829 | AC60: 262.44972 | AD60: 289.07821 | AE60: 583.14522 | AF60: 279.06705 | AG60: 466.86677 | AH60: 270.79994 | AI60: 382.14776 | AJ60: 306.8593 | AK60: 223.66997 | AL60: 263.0884 | AM60: 274.98926 | AN60: 406.8289 | AO60: 367.9568 | AP60: 362.32742 | AW60: 3 | AX60: 467.04829 | AY60: 262.44972 | AZ60: 289.07821 | BA60: 583.14522 | BB60: 279.06705 | BC60: 466.86677 | BD60: 270.79994 | BE60: 382.14776 | BF60: 306.8593 | BG60: 223.66997 | BH60: 263.0884 | BI60: 274.98926 | BJ60: 406.8289 | BK60: 367.9568 | BL60: 362.32742 | BS60: 3 | BT60: 467.04829 | BU60: 262.44972 | BV60: 289.07821 | BW60: 583.14522 | BX60: 279.06705 | BY60: 466.86677 | BZ60: 270.79994 | CA60: 382.14776 | CB60: 306.8593 | CC60: 223.66997 | CD60: 263.0884 | CE60: 274.98926 | CF60: 406.8289 | CG60: 367.9568 | CH60: 362.32742 | CO60: 3 | CP60: 467.04829 | CQ60: 262.44972 | CR60: 289.07821 | CS60: 583.14522 | CT60: 279.06705 | CU60: 466.86677 | CV60: 270.79994 | CW60: 382.14776 | CX60: 306.8593 | CY60: 223.66997 | CZ60: 263.0884 | DA60: 274.98926 | DB60: 406.8289 | DC60: 367.9568 | DD60: 362.32742 | DK60: 3 | DL60: 467.04829 | DM60: 262.44972 | DN60: 289.07821 | DO60: 583.14522 | DP60: 279.06705 | DQ60: 466.86677 | DR60: 270.79994 | DS60: 382.14776 | DT60: 306.8593 | DU60: 223.66997 | DV60: 263.0884 | DW60: 274.98926 | DX60: 406.8289 | DY60: 367.9568 | DZ60: 362.32742 | EG60: 3 | EH60: 467.04829 | EI60: 262.44972 | EJ60: 289.07821 | EK60: 583.14522 | EL60: 279.06705 | EM60: 466.86677 | EN60: 270.79994 | EO60: 382.14776 | EP60: 306.8593 | EQ60: 223.66997 | ER60: 263.0884 | ES60: 274.98926 | ET60: 406.8289 | EU60: 367.9568 | EV60: 362.32742 | FC60: 3 | FD60: 467.04829 | FE60: 262.44972 | FF60: 289.07821 | FG60: 583.14522 | FH60: 279.06705 | FI60: 466.86677 | FJ60: 270.79994 | FK60: 382.14776 | FL60: 306.8593 | FM60: 223.66997 | FN60: 263.0884 | FO60: 274.98926 | FP60: 406.8289 | FQ60: 367.9568 | FR60: 362.32742 | FY60: 3 | FZ60: 467.04829 | GA60: 262.44972 | GB60: 289.07821 | GC60: 583.14522 | GD60: 279.06705 | GE60: 466.86677 | GF60: 270.79994 | GG60: 382.14776 | GH60: 306.8593 | GI60: 223.66997 | GJ60: 263.0884 | GK60: 274.98926 | GL60: 406.8289 | GM60: 367.9568 | GN60: 362.32742 | GU60: 3 | GV60: 467.04829 | GW60: 262.44972 | GX60: 289.07821 | GY60: 583.14522 | GZ60: 279.06705 | HA60: 466.86677 | HB60: 270.79994 | HC60: 382.14776 | HD60: 306.8593 | HE60: 223.66997 | HF60: 263.0884 | HG60: 274.98926 | HH60: 406.8289 | HI60: 367.9568 | HJ60: 362.32742
B62: Parâmetros p/ σx | C62: Desvpad(Var(S2nd)) | D62: 1 | E62: 2 | F62: 3 | G62: 4 | H62: 5 | I62: 6 | J62: 7 | K62: 8 | L62: 9 | M62: 10 | N62: 11 | O62: 12 | P62: 13 | Q62: 14 | R62: 15 | Z62: Parâmetros p/ σx | AA62: Desvpad(Var(S2nd)) | AB62: 1 | AC62: 2 | AD62: 3 | AE62: 4 | AF62: 5 | AG62: 6 | AH62: 7 | AI62: 8 | AJ62: 9 | AK62: 10 | AL62: 11 | AM62: 12 | AN62: 13 | AO62: 14 | AP62: 15 | AV62: Parâmetros p/ σx | AW62: Desvpad(Var(S2nd)) | AX62: 1 | AY62: 2 | AZ62: 3 | BA62: 4 | BB62: 5 | BC62: 6 | BD62: 7 | BE62: 8 | BF62: 9 | BG62: 10 | BH62: 11 | BI62: 12 | BJ62: 13 | BK62: 14 | BL62: 15 | BR62: Parâmetros p/ σx | BS62: Desvpad(Var(S2nd)) | BT62: 1 | BU62: 2 | BV62: 3 | BW62: 4 | BX62: 5 | BY62: 6 | BZ62: 7 | CA62: 8 | CB62: 9 | CC62: 10 | CD62: 11 | CE62: 12 | CF62: 13 | CG62: 14 | CH62: 15 | CN62: Parâmetros p/ σx | CO62: Desvpad(Var(S2nd)) | CP62: 1 | CQ62: 2 | CR62: 3 | CS62: 4 | CT62: 5 | CU62: 6 | CV62: 7 | CW62: 8 | CX62: 9 | CY62: 10 | CZ62: 11 | DA62: 12 | DB62: 13 | DC62: 14 | DD62: 15 | DJ62: Parâmetros p/ σx | DK62: Desvpad(Var(S2nd)) | DL62: 1 | DM62: 2 | DN62: 3 | DO62: 4 | DP62: 5 | DQ62: 6 | DR62: 7 | DS62: 8 | DT62: 9 | DU62: 10 | DV62: 11 | DW62: 12 | DX62: 13 | DY62: 14 | DZ62: 15 | EF62: Parâmetros p/ σx | EG62: Desvpad(Var(S2nd)) | EH62: 1 | EI62: 2 | EJ62: 3 | EK62: 4 | EL62: 5 | EM62: 6 | EN62: 7 | EO62: 8 | EP62: 9 | EQ62: 10 | ER62: 11 | ES62: 12 | ET62: 13 | EU62: 14 | EV62: 15 | FB62: Parâmetros p/ σx | FC62: Desvpad(Var(S2nd)) | FD62: 1 | FE62: 2 | FF62: 3 | FG62: 4 | FH62: 5 | FI62: 6 | FJ62: 7 | FK62: 8 | FL62: 9 | FM62: 10 | FN62: 11 | FO62: 12 | FP62: 13 | FQ62: 14 | FR62: 15 | FX62: Parâmetros p/ σx | FY62: Desvpad(Var(S2nd)) | FZ62: 1 | GA62: 2 | GB62: 3 | GC62: 4 | GD62: 5 | GE62: 6 | GF62: 7 | GG62: 8 | GH62: 9 | GI62: 10 | GJ62: 11 | GK62: 12 | GL62: 13 | GM62: 14 | GN62: 15 | GT62: Parâmetros p/ σx | GU62: Desvpad(Var(S2nd)) | GV62: 1 | GW62: 2 | GX62: 3 | GY62: 4 | GZ62: 5 | HA62: 6 | HB62: 7 | HC62: 8 | HD62: 9 | HE62: 10 | HF62: 11 | HG62: 12 | HH62: 13 | HI62: 14 | HJ62: 15
B63: S2nd | C63: 1 | D63: =Matlab_Data!D23 | E63: =Matlab_Data!E23 | F63: =Matlab_Data!F23 | G63: =Matlab_Data!G23 | H63: =Matlab_Data!H23 | I63: =Matlab_Data!I23 | J63: =Matlab_Data!J23 | K63: =Matlab_Data!K23 | ... R63: =Matlab_Data!R23 | T63: =SUM(D63:R65) | U63: 8523.5494 | V63: =T63-U63 | Z63: S2nd | AA63: 1 | AB63: 112.4037 | AC63: 150.5519 | AD63: 150.0761 | AE63: 125.8954 | AF63: 277.3852 | AG63: 114.4701 | AH63: 139.7176 | AI63: 251.6818 | AJ63: 197.052 | AK63: 181.9621 | AL63: 277.4759 | AM63: 84.7787 | AN63: 123.9421 | AO63: 109.4126 | AP63: 346.4116 | AV63: S2nd | AW63: 1 | AX63: 112.4037 | AY63: 150.5519 | AZ63: 150.0761 | BA63: 125.8954 | BB63: 277.3852 | BC63: 114.4701 | BD63: 139.7176 | BE63: 251.6818 | BF63: 197.052 | BG63: 181.9621 | BH63: 277.4759 | BI63: 84.7787 | BJ63: 123.9421 | BK63: 109.4126 | BL63: 346.4116 | BR63: S2nd | BS63: 1 | BT63: 112.4037 | BU63: 150.5519 | BV63: 150.0761 | BW63: 125.8954 | BX63: 277.3852 | BY63: 114.4701 | BZ63: 139.7176 | CA63: 251.6818 | CB63: 197.052 | CC63: 181.9621 | CD63: 277.4759 | CE63: 84.7787 | CF63: 123.9421 | CG63: 109.4126 | CH63: 346.4116 | CN63: S2nd | CO63: 1 | CP63: 112.4037 | CQ63: 150.5519 | CR63: 150.0761 | CS63: 125.8954 | CT63: 277.3852 | CU63: 114.4701 | CV63: 139.7176 | CW63: 251.6818 | CX63: 197.052 | CY63: 181.9621 | CZ63: 277.4759 | DA63: 84.7787 | DB63: 123.9421 | DC63: 109.4126 | DD63: 346.4116 | DJ63: S2nd | DK63: 1 | DL63: 112.4037 | DM63: 150.5519 | DN63: 150.0761 | DO63: 125.8954 | DP63: 277.3852 | DQ63: 114.4701 | DR63: 139.7176 | DS63: 251.6818 | DT63: 197.052 | DU63: 181.9621 | DV63: 277.4759 | DW63: 84.7787 | DX63: 123.9421 | DY63: 109.4126 | DZ63: 346.4116 | EF63: S2nd | EG63: 1 | EH63: 112.4037 | EI63: 150.5519 | EJ63: 150.0761 | EK63: 125.8954 | EL63: 277.3852 | EM63: 114.4701 | EN63: 139.7176 | EO63: 251.6818 | EP63: 197.052 | EQ63: 181.9621 | ER63: 277.4759 | ES63: 84.7787 | ET63: 123.9421 | EU63: 109.4126 | EV63: 346.4116 | FB63: S2nd | FC63: 1 | FD63: 112.4037 | FE63: 150.5519 | FF63: 150.0761 | FG63: 125.8954 | FH63: 277.3852 | FI63: 114.4701 | FJ63: 139.7176 | FK63: 251.6818 | FL63: 197.052 | FM63: 181.9621 | FN63: 277.4759 | FO63: 84.7787 | FP63: 123.9421 | FQ63: 109.4126 | FR63: 346.4116 | FX63: S2nd | FY63: 1 | FZ63: 112.4037 | GA63: 150.5519 | GB63: 150.0761 | GC63: 125.8954 | GD63: 277.3852 | GE63: 114.4701 | GF63: 139.7176 | GG63: 251.6818 | GH63: 197.052 | GI63: 181.9621 | GJ63: 277.4759 | GK63: 84.7787 | GL63: 123.9421 | GM63: 109.4126 | GN63: 346.4116 | GT63: S2nd | GU63: 1 | GV63: 112.4037 | GW63: 150.5519 | GX63: 150.0761 | GY63: 125.8954 | GZ63: 277.3852 | HA63: 114.4701 | HB63: 139.7176 | HC63: 251.6818 | HD63: 197.052 | HE63: 181.9621 | HF63: 277.4759 | HG63: 84.7787 | HH63: 123.9421 | HI63: 109.4126 | HJ63: 346.4116
C64: 2 | D64: =Matlab_Data!D24 | E64: =Matlab_Data!E24 | F64: =Matlab_Data!F24 | G64: =Matlab_Data!G24 | H64: =Matlab_Data!H24 | I64: =Matlab_Data!I24 | J64: =Matlab_Data!J24 | K64: =Matlab_Data!K24 | ... R64: =Matlab_Data!R24 | AA64: 2 | AB64: 160.9752 | AC64: 121.0452 | AD64: 138.0701 | AE64: 362.605 | AF64: 217.2882 | AG64: 239.086 | AH64: 140.5445 | AI64: 117.3 | AJ64: 178.8198 | AK64: 112.6414 | AL64: 177.7212 | AM64: 205.8108 | AN64: 135.1194 | AO64: 284.6164 | AP64: 247.6234 | AW64: 2 | AX64: 160.9752 | AY64: 121.0452 | AZ64: 138.0701 | BA64: 362.605 | BB64: 217.2882 | BC64: 239.086 | BD64: 140.5445 | BE64: 117.3 | BF64: 178.8198 | BG64: 112.6414 | BH64: 177.7212 | BI64: 205.8108 | BJ64: 135.1194 | BK64: 284.6164 | BL64: 247.6234 | BS64: 2 | BT64: 160.9752 | BU64: 121.0452 | BV64: 138.0701 | BW64: 362.605 | BX64: 217.2882 | BY64: 239.086 | BZ64: 140.5445 | CA64: 117.3 | CB64: 178.8198 | CC64: 112.6414 | CD64: 177.7212 | CE64: 205.8108 | CF64: 135.1194 | CG64: 284.6164 | CH64: 247.6234 | CO64: 2 | CP64: 160.9752 | CQ64: 121.0452 | CR64: 138.0701 | CS64: 362.605 | CT64: 217.2882 | CU64: 239.086 | CV64: 140.5445 | CW64: 117.3 | CX64: 178.8198 | CY64: 112.6414 | CZ64: 177.7212 | DA64: 205.8108 | DB64: 135.1194 | DC64: 284.6164 | DD64: 247.6234 | DK64: 2 | DL64: 160.9752 | DM64: 121.0452 | DN64: 138.0701 | DO64: 362.605 | DP64: 217.2882 | DQ64: 239.086 | DR64: 140.5445 | DS64: 117.3 | DT64: 178.8198 | DU64: 112.6414 | DV64: 177.7212 | DW64: 205.8108 | DX64: 135.1194 | DY64: 284.6164 | DZ64: 247.6234 | EG64: 2 | EH64: 160.9752 | EI64: 121.0452 | EJ64: 138.0701 | EK64: 362.605 | EL64: 217.2882 | EM64: 239.086 | EN64: 140.5445 | EO64: 117.3 | EP64: 178.8198 | EQ64: 112.6414 | ER64: 177.7212 | ES64: 205.8108 | ET64: 135.1194 | EU64: 284.6164 | EV64: 247.6234 | FC64: 2 | FD64: 160.9752 | FE64: 121.0452 | FF64: 138.0701 | FG64: 362.605 | FH64: 217.2882 | FI64: 239.086 | FJ64: 140.5445 | FK64: 117.3 | FL64: 178.8198 | FM64: 112.6414 | FN64: 177.7212 | FO64: 205.8108 | FP64: 135.1194 | FQ64: 284.6164 | FR64: 247.6234 | FY64: 2 | FZ64: 160.9752 | GA64: 121.0452 | GB64: 138.0701 | GC64: 362.605 | GD64: 217.2882 | GE64: 239.086 | GF64: 140.5445 | GG64: 117.3 | GH64: 178.8198 | GI64: 112.6414 | GJ64: 177.7212 | GK64: 205.8108 | GL64: 135.1194 | GM64: 284.6164 | GN64: 247.6234 | GU64: 2 | GV64: 160.9752 | GW64: 121.0452 | GX64: 138.0701 | GY64: 362.605 | GZ64: 217.2882 | HA64: 239.086 | HB64: 140.5445 | HC64: 117.3 | HD64: 178.8198 | HE64: 112.6414 | HF64: 177.7212 | HG64: 205.8108 | HH64: 135.1194 | HI64: 284.6164 | HJ64: 247.6234
C65: 3 | D65: =Matlab_Data!D25 | E65: =Matlab_Data!E25 | F65: =Matlab_Data!F25 | G65: =Matlab_Data!G25 | H65: =Matlab_Data!H25 | I65: =Matlab_Data!I25 | J65: =Matlab_Data!J25 | K65: =Matlab_Data!K25 | ... R65: =Matlab_Data!R25 | AA65: 3 | AB65: 278.6301 | AC65: 152.9252 | AD65: 179.974 | AE65: 331.4884 | AF65: 161.8803 | AG65: 286.2747 | AH65: 169.9887 | AI65: 215.3825 | AJ65: 182.4408 | AK65: 125.2284 | AL65: 158.1255 | AM65: 153.0895 | AN65: 233.367 | AO65: 206.1942 | AP65: 206.0767 | AW65: 3 | AX65: 278.6301 | AY65: 152.9252 | AZ65: 179.974 | BA65: 331.4884 | BB65: 161.8803 | BC65: 286.2747 | BD65: 169.9887 | BE65: 215.3825 | BF65: 182.4408 | BG65: 125.2284 | BH65: 158.1255 | BI65: 153.0895 | BJ65: 233.367 | BK65: 206.1942 | BL65: 206.0767 | BS65: 3 | BT65: 278.6301 | BU65: 152.9252 | BV65: 179.974 | BW65: 331.4884 | BX65: 161.8803 | BY65: 286.2747 | BZ65: 169.9887 | CA65: 215.3825 | CB65: 182.4408 | CC65: 125.2284 | CD65: 158.1255 | CE65: 153.0895 | CF65: 233.367 | CG65: 206.1942 | CH65: 206.0767 | CO65: 3 | CP65: 278.6301 | CQ65: 152.9252 | CR65: 179.974 | CS65: 331.4884 | CT65: 161.8803 | CU65: 286.2747 | CV65: 169.9887 | CW65: 215.3825 | CX65: 182.4408 | CY65: 125.2284 | CZ65: 158.1255 | DA65: 153.0895 | DB65: 233.367 | DC65: 206.1942 | DD65: 206.0767 | DK65: 3 | DL65: 278.6301 | DM65: 152.9252 | DN65: 179.974 | DO65: 331.4884 | DP65: 161.8803 | DQ65: 286.2747 | DR65: 169.9887 | DS65: 215.3825 | DT65: 182.4408 | DU65: 125.2284 | DV65: 158.1255 | DW65: 153.0895 | DX65: 233.367 | DY65: 206.1942 | DZ65: 206.0767 | EG65: 3 | EH65: 278.6301 | EI65: 152.9252 | EJ65: 179.974 | EK65: 331.4884 | EL65: 161.8803 | EM65: 286.2747 | EN65: 169.9887 | EO65: 215.3825 | EP65: 182.4408 | EQ65: 125.2284 | ER65: 158.1255 | ES65: 153.0895 | ET65: 233.367 | EU65: 206.1942 | EV65: 206.0767 | FC65: 3 | FD65: 278.6301 | FE65: 152.9252 | FF65: 179.974 | FG65: 331.4884 | FH65: 161.8803 | FI65: 286.2747 | FJ65: 169.9887 | FK65: 215.3825 | FL65: 182.4408 | FM65: 125.2284 | FN65: 158.1255 | FO65: 153.0895 | FP65: 233.367 | FQ65: 206.1942 | FR65: 206.0767 | FY65: 3 | FZ65: 278.6301 | GA65: 152.9252 | GB65: 179.974 | GC65: 331.4884 | GD65: 161.8803 | GE65: 286.2747 | GF65: 169.9887 | GG65: 215.3825 | GH65: 182.4408 | GI65: 125.2284 | GJ65: 158.1255 | GK65: 153.0895 | GL65: 233.367 | GM65: 206.1942 | GN65: 206.0767 | GU65: 3 | GV65: 278.6301 | GW65: 152.9252 | GX65: 179.974 | GY65: 331.4884 | GZ65: 161.8803 | HA65: 286.2747 | HB65: 169.9887 | HC65: 215.3825 | HD65: 182.4408 | HE65: 125.2284 | HF65: 158.1255 | HG65: 153.0895 | HH65: 233.367 | HI65: 206.1942 | HJ65: 206.0767
B67: Parâmetros p/ σy | C67: DesvPad(Var(E(RLT))) | D67: 1 | E67: 2 | F67: 3 | G67: 4 | H67: 5 | I67: 6 | J67: 7 | K67: 8 | L67: 9 | M67: 10 | N67: 11 | O67: 12 | P67: 13 | Q67: 14 | R67: 15 | Z67: Parâmetros p/ σy | AA67: DesvPad(Var(E(RLT))) | AB67: 1 | AC67: 2 | AD67: 3 | AE67: 4 | AF67: 5 | AG67: 6 | AH67: 7 | AI67: 8 | AJ67: 9 | AK67: 10 | AL67: 11 | AM67: 12 | AN67: 13 | AO67: 14 | AP67: 15 | AV67: Parâmetros p/ σy | AW67: DesvPad(Var(E(RLT))) | AX67: 1 | AY67: 2 | AZ67: 3 | BA67: 4 | BB67: 5 | BC67: 6 | BD67: 7 | BE67: 8 | BF67: 9 | BG67: 10 | BH67: 11 | BI67: 12 | BJ67: 13 | BK67: 14 | BL67: 15 | BR67: Parâmetros p/ σy | BS67: DesvPad(Var(E(RLT))) | BT67: 1 | BU67: 2 | BV67: 3 | BW67: 4 | BX67: 5 | BY67: 6 | BZ67: 7 | CA67: 8 | CB67: 9 | CC67: 10 | CD67: 11 | CE67: 12 | CF67: 13 | CG67: 14 | CH67: 15 | CN67: Parâmetros p/ σy | CO67: DesvPad(Var(E(RLT))) | CP67: 1 | CQ67: 2 | CR67: 3 | CS67: 4 | CT67: 5 | CU67: 6 | CV67: 7 | CW67: 8 | CX67: 9 | CY67: 10 | CZ67: 11 | DA67: 12 | DB67: 13 | DC67: 14 | DD67: 15 | DJ67: Parâmetros p/ σy | DK67: DesvPad(Var(E(RLT))) | DL67: 1 | DM67: 2 | DN67: 3 | DO67: 4 | DP67: 5 | DQ67: 6 | DR67: 7 | DS67: 8 | DT67: 9 | DU67: 10 | DV67: 11 | DW67: 12 | DX67: 13 | DY67: 14 | DZ67: 15 | EF67: Parâmetros p/ σy | EG67: DesvPad(Var(E(RLT))) | EH67: 1 | EI67: 2 | EJ67: 3 | EK67: 4 | EL67: 5 | EM67: 6 | EN67: 7 | EO67: 8 | EP67: 9 | EQ67: 10 | ER67: 11 | ES67: 12 | ET67: 13 | EU67: 14 | EV67: 15 | FB67: Parâmetros p/ σy | FC67: DesvPad(Var(E(RLT))) | FD67: 1 | FE67: 2 | FF67: 3 | FG67: 4 | FH67: 5 | FI67: 6 | FJ67: 7 | FK67: 8 | FL67: 9 | FM67: 10 | FN67: 11 | FO67: 12 | FP67: 13 | FQ67: 14 | FR67: 15 | FX67: Parâmetros p/ σy | FY67: DesvPad(Var(E(RLT))) | FZ67: 1 | GA67: 2 | GB67: 3 | GC67: 4 | GD67: 5 | GE67: 6 | GF67: 7 | GG67: 8 | GH67: 9 | GI67: 10 | GJ67: 11 | GK67: 12 | GL67: 13 | GM67: 14 | GN67: 15 | GT67: Parâmetros p/ σy | GU67: DesvPad(Var(E(RLT))) | GV67: 1 | GW67: 2 | GX67: 3 | GY67: 4 | GZ67: 5 | HA67: 6 | HB67: 7 | HC67: 8 | HD67: 9 | HE67: 10 | HF67: 11 | HG67: 12 | HH67: 13 | HI67: 14 | HJ67: 15
B68: ND*RLT e S2nd | C68: 1 | D68: =Matlab_Data!D28 | E68: =Matlab_Data!E28 | F68: =Matlab_Data!F28 | G68: =Matlab_Data!G28 | H68: =Matlab_Data!H28 | I68: =Matlab_Data!I28 | J68: =Matlab_Data!J28 | K68: =Matlab_Data!K28 | ... R68: =Matlab_Data!R28 | T68: =SUM(D68:R70) | U68: 23.8109 | V68: =T68-U68 | Z68: ND*RLT e S2nd | AA68: 1 | AB68: 0.3449 | AC68: 0.5447 | AD68: 0.54 | AE68: 0.6459 | AF68: 0.54 | AG68: 0.5224 | AH68: 0.3705 | AI68: 0.5276 | AJ68: 0.4571 | AK68: 0.418 | AL68: 0.4877 | AM68: 0.4884 | AN68: 0.5327 | AO68: 0.5213 | AP68: 0.5856 | AV68: ND*RLT e S2nd | AW68: 1 | AX68: 0.3449 | AY68: 0.5447 | AZ68: 0.54 | BA68: 0.6459 | BB68: 0.54 | BC68: 0.5224 | BD68: 0.3705 | BE68: 0.5276 | BF68: 0.4571 | BG68: 0.418 | BH68: 0.4877 | BI68: 0.4884 | BJ68: 0.5327 | BK68: 0.5213 | BL68: 0.5856 | BR68: ND*RLT e S2nd | BS68: 1 | BT68: 0.3449 | BU68: 0.5447 | BV68: 0.54 | BW68: 0.6459 | BX68: 0.54 | BY68: 0.5224 | BZ68: 0.3705 | CA68: 0.5276 | CB68: 0.4571 | CC68: 0.418 | CD68: 0.4877 | CE68: 0.4884 | CF68: 0.5327 | CG68: 0.5213 | CH68: 0.5856 | CN68: ND*RLT e S2nd | CO68: 1 | CP68: 0.3449 | CQ68: 0.5447 | CR68: 0.54 | CS68: 0.6459 | CT68: 0.54 | CU68: 0.5224 | CV68: 0.3705 | CW68: 0.5276 | CX68: 0.4571 | CY68: 0.418 | CZ68: 0.4877 | DA68: 0.4884 | DB68: 0.5327 | DC68: 0.5213 | DD68: 0.5856 | DJ68: ND*RLT e S2nd | DK68: 1 | DL68: 0.3449 | DM68: 0.5447 | DN68: 0.54 | DO68: 0.6459 | DP68: 0.54 | DQ68: 0.5224 | DR68: 0.3705 | DS68: 0.5276 | DT68: 0.4571 | DU68: 0.418 | DV68: 0.4877 | DW68: 0.4884 | DX68: 0.5327 | DY68: 0.5213 | DZ68: 0.5856 | EF68: ND*RLT e S2nd | EG68: 1 | EH68: 0.3449 | EI68: 0.5447 | EJ68: 0.54 | EK68: 0.6459 | EL68: 0.54 | EM68: 0.5224 | EN68: 0.3705 | EO68: 0.5276 | EP68: 0.4571 | EQ68: 0.418 | ER68: 0.4877 | ES68: 0.4884 | ET68: 0.5327 | EU68: 0.5213 | EV68: 0.5856 | FB68: ND*RLT e S2nd | FC68: 1 | FD68: 0.3449 | FE68: 0.5447 | FF68: 0.54 | FG68: 0.6459 | FH68: 0.54 | FI68: 0.5224 | FJ68: 0.3705 | FK68: 0.5276 | FL68: 0.4571 | FM68: 0.418 | FN68: 0.4877 | FO68: 0.4884 | FP68: 0.5327 | FQ68: 0.5213 | FR68: 0.5856 | FX68: ND*RLT e S2nd | FY68: 1 | FZ68: 0.3449 | GA68: 0.5447 | GB68: 0.54 | GC68: 0.6459 | GD68: 0.54 | GE68: 0.5224 | GF68: 0.3705 | GG68: 0.5276 | GH68: 0.4571 | GI68: 0.418 | GJ68: 0.4877 | GK68: 0.4884 | GL68: 0.5327 | GM68: 0.5213 | GN68: 0.5856 | GT68: ND*RLT e S2nd | GU68: 1 | GV68: 0.3449 | GW68: 0.5447 | GX68: 0.54 | GY68: 0.6459 | GZ68: 0.54 | HA68: 0.5224 | HB68: 0.3705 | HC68: 0.5276 | HD68: 0.4571 | HE68: 0.418 | HF68: 0.4877 | HG68: 0.4884 | HH68: 0.5327 | HI68: 0.5213 | HJ68: 0.5856
C69: 2 | D69: =Matlab_Data!D29 | E69: =Matlab_Data!E29 | F69: =Matlab_Data!F29 | G69: =Matlab_Data!G29 | H69: =Matlab_Data!H29 | I69: =Matlab_Data!I29 | J69: =Matlab_Data!J29 | K69: =Matlab_Data!K29 | ... R69: =Matlab_Data!R29 | AA69: 2 | AB69: 0.4786 | AC69: 0.644 | AD69: 0.4253 | AE69: 0.7324 | AF69: 0.4282 | AG69: 0.5812 | AH69: 0.441 | AI69: 0.5816 | AJ69: 0.3943 | AK69: 0.479 | AL69: 0.4542 | AM69: 0.5735 | AN69: 0.7112 | AO69: 0.655 | AP69: 0.4921 | AW69: 2 | AX69: 0.4786 | AY69: 0.644 | AZ69: 0.4253 | BA69: 0.7324 | BB69: 0.4282 | BC69: 0.5812 | BD69: 0.441 | BE69: 0.5816 | BF69: 0.3943 | BG69: 0.479 | BH69: 0.4542 | BI69: 0.5735 | BJ69: 0.7112 | BK69: 0.655 | BL69: 0.4921 | BS69: 2 | BT69: 0.4786 | BU69: 0.644 | BV69: 0.4253 | BW69: 0.7324 | BX69: 0.4282 | BY69: 0.5812 | BZ69: 0.441 | CA69: 0.5816 | CB69: 0.3943 | CC69: 0.479 | CD69: 0.4542 | CE69: 0.5735 | CF69: 0.7112 | CG69: 0.655 | CH69: 0.4921 | CO69: 2 | CP69: 0.4786 | CQ69: 0.644 | CR69: 0.4253 | CS69: 0.7324 | CT69: 0.4282 | CU69: 0.5812 | CV69: 0.441 | CW69: 0.5816 | CX69: 0.3943 | CY69: 0.479 | CZ69: 0.4542 | DA69: 0.5735 | DB69: 0.7112 | DC69: 0.655 | DD69: 0.4921 | DK69: 2 | DL69: 0.4786 | DM69: 0.644 | DN69: 0.4253 | DO69: 0.7324 | DP69: 0.4282 | DQ69: 0.5812 | DR69: 0.441 | DS69: 0.5816 | DT69: 0.3943 | DU69: 0.479 | DV69: 0.4542 | DW69: 0.5735 | DX69: 0.7112 | DY69: 0.655 | DZ69: 0.4921 | EG69: 2 | EH69: 0.4786 | EI69: 0.644 | EJ69: 0.4253 | EK69: 0.7324 | EL69: 0.4282 | EM69: 0.5812 | EN69: 0.441 | EO69: 0.5816 | EP69: 0.3943 | EQ69: 0.479 | ER69: 0.4542 | ES69: 0.5735 | ET69: 0.7112 | EU69: 0.655 | EV69: 0.4921 | FC69: 2 | FD69: 0.4786 | FE69: 0.644 | FF69: 0.4253 | FG69: 0.7324 | FH69: 0.4282 | FI69: 0.5812 | FJ69: 0.441 | FK69: 0.5816 | FL69: 0.3943 | FM69: 0.479 | FN69: 0.4542 | FO69: 0.5735 | FP69: 0.7112 | FQ69: 0.655 | FR69: 0.4921 | FY69: 2 | FZ69: 0.4786 | GA69: 0.644 | GB69: 0.4253 | GC69: 0.7324 | GD69: 0.4282 | GE69: 0.5812 | GF69: 0.441 | GG69: 0.5816 | GH69: 0.3943 | GI69: 0.479 | GJ69: 0.4542 | GK69: 0.5735 | GL69: 0.7112 | GM69: 0.655 | GN69: 0.4921 | GU69: 2 | GV69: 0.4786 | GW69: 0.644 | GX69: 0.4253 | GY69: 0.7324 | GZ69: 0.4282 | HA69: 0.5812 | HB69: 0.441 | HC69: 0.5816 | HD69: 0.3943 | HE69: 0.479 | HF69: 0.4542 | HG69: 0.5735 | HH69: 0.7112 | HI69: 0.655 | HJ69: 0.4921
C70: 3 | D70: =Matlab_Data!D30 | E70: =Matlab_Data!E30 | F70: =Matlab_Data!F30 | G70: =Matlab_Data!G30 | H70: =Matlab_Data!H30 | I70: =Matlab_Data!I30 | J70: =Matlab_Data!J30 | K70: =Matlab_Data!K30 | ... R70: =Matlab_Data!R30 | AA70: 3 | AB70: 0.6667 | AC70: 0.7036 | AD70: 0.7536 | AE70: 0.51 | AF70: 0.503 | AG70: 0.6426 | AH70: 0.4622 | AI70: 0.4801 | AJ70: 0.5973 | AK70: 0.5819 | AL70: 0.3778 | AM70: 0.5118 | AN70: 0.5133 | AO70: 0.4424 | AP70: 0.4662 | AW70: 3 | AX70: 0.6667 | AY70: 0.7036 | AZ70: 0.7536 | BA70: 0.51 | BB70: 0.503 | BC70: 0.6426 | BD70: 0.4622 | BE70: 0.4801 | BF70: 0.5973 | BG70: 0.5819 | BH70: 0.3778 | BI70: 0.5118 | BJ70: 0.5133 | BK70: 0.4424 | BL70: 0.4662 | BS70: 3 | BT70: 0.6667 | BU70: 0.7036 | BV70: 0.7536 | BW70: 0.51 | BX70: 0.503 | BY70: 0.6426 | BZ70: 0.4622 | CA70: 0.4801 | CB70: 0.5973 | CC70: 0.5819 | CD70: 0.3778 | CE70: 0.5118 | CF70: 0.5133 | CG70: 0.4424 | CH70: 0.4662 | CO70: 3 | CP70: 0.6667 | CQ70: 0.7036 | CR70: 0.7536 | CS70: 0.51 | CT70: 0.503 | CU70: 0.6426 | CV70: 0.4622 | CW70: 0.4801 | CX70: 0.5973 | CY70: 0.5819 | CZ70: 0.3778 | DA70: 0.5118 | DB70: 0.5133 | DC70: 0.4424 | DD70: 0.4662 | DK70: 3 | DL70: 0.6667 | DM70: 0.7036 | DN70: 0.7536 | DO70: 0.51 | DP70: 0.503 | DQ70: 0.6426 | DR70: 0.4622 | DS70: 0.4801 | DT70: 0.5973 | DU70: 0.5819 | DV70: 0.3778 | DW70: 0.5118 | DX70: 0.5133 | DY70: 0.4424 | DZ70: 0.4662 | EG70: 3 | EH70: 0.6667 | EI70: 0.7036 | EJ70: 0.7536 | EK70: 0.51 | EL70: 0.503 | EM70: 0.6426 | EN70: 0.4622 | EO70: 0.4801 | EP70: 0.5973 | EQ70: 0.5819 | ER70: 0.3778 | ES70: 0.5118 | ET70: 0.5133 | EU70: 0.4424 | EV70: 0.4662 | FC70: 3 | FD70: 0.6667 | FE70: 0.7036 | FF70: 0.7536 | FG70: 0.51 | FH70: 0.503 | FI70: 0.6426 | FJ70: 0.4622 | FK70: 0.4801 | FL70: 0.5973 | FM70: 0.5819 | FN70: 0.3778 | FO70: 0.5118 | FP70: 0.5133 | FQ70: 0.4424 | FR70: 0.4662 | FY70: 3 | FZ70: 0.6667 | GA70: 0.7036 | GB70: 0.7536 | GC70: 0.51 | GD70: 0.503 | GE70: 0.6426 | GF70: 0.4622 | GG70: 0.4801 | GH70: 0.5973 | GI70: 0.5819 | GJ70: 0.3778 | GK70: 0.5118 | GL70: 0.5133 | GM70: 0.4424 | GN70: 0.4662 | GU70: 3 | GV70: 0.6667 | GW70: 0.7036 | GX70: 0.7536 | GY70: 0.51 | GZ70: 0.503 | HA70: 0.6426 | HB70: 0.4622 | HC70: 0.4801 | HD70: 0.5973 | HE70: 0.5819 | HF70: 0.3778 | HG70: 0.5118 | HH70: 0.5133 | HI70: 0.4424 | HJ70: 0.4662
B72: Parâmetros p/ μx | C72: Média(d-Cap) | D72: 1 | E72: 2 | F72: 3 | G72: 4 | H72: 5 | I72: 6 | J72: 7 | K72: 8 | L72: 9 | M72: 10 | N72: 11 | O72: 12 | P72: 13 | Q72: 14 | R72: 15 | Z72: Parâmetros p/ μx | AA72: Média(d-Cap) | AB72: 1 | AC72: 2 | AD72: 3 | AE72: 4 | AF72: 5 | AG72: 6 | AH72: 7 | AI72: 8 | AJ72: 9 | AK72: 10 | AL72: 11 | AM72: 12 | AN72: 13 | AO72: 14 | AP72: 15 | AV72: Parâmetros p/ μx | AW72: Média(d-Cap) | AX72: 1 | AY72: 2 | AZ72: 3 | BA72: 4 | BB72: 5 | BC72: 6 | BD72: 7 | BE72: 8 | BF72: 9 | BG72: 10 | BH72: 11 | BI72: 12 | BJ72: 13 | BK72: 14 | BL72: 15 | BR72: Parâmetros p/ μx | BS72: Média(d-Cap) | BT72: 1 | BU72: 2 | BV72: 3 | BW72: 4 | BX72: 5 | BY72: 6 | BZ72: 7 | CA72: 8 | CB72: 9 | CC72: 10 | CD72: 11 | CE72: 12 | CF72: 13 | CG72: 14 | CH72: 15 | CN72: Parâmetros p/ μx | CO72: Média(d-Cap) | CP72: 1 | CQ72: 2 | CR72: 3 | CS72: 4 | CT72: 5 | CU72: 6 | CV72: 7 | CW72: 8 | CX72: 9 | CY72: 10 | CZ72: 11 | DA72: 12 | DB72: 13 | DC72: 14 | DD72: 15 | DJ72: Parâmetros p/ μx | DK72: Média(d-Cap) | DL72: 1 | DM72: 2 | DN72: 3 | DO72: 4 | DP72: 5 | DQ72: 6 | DR72: 7 | DS72: 8 | DT72: 9 | DU72: 10 | DV72: 11 | DW72: 12 | DX72: 13 | DY72: 14 | DZ72: 15 | EF72: Parâmetros p/ μx | EG72: Média(d-Cap) | EH72: 1 | EI72: 2 | EJ72: 3 | EK72: 4 | EL72: 5 | EM72: 6 | EN72: 7 | EO72: 8 | EP72: 9 | EQ72: 10 | ER72: 11 | ES72: 12 | ET72: 13 | EU72: 14 | EV72: 15 | FB72: Parâmetros p/ μx | FC72: Média(d-Cap) | FD72: 1 | FE72: 2 | FF72: 3 | FG72: 4 | FH72: 5 | FI72: 6 | FJ72: 7 | FK72: 8 | FL72: 9 | FM72: 10 | FN72: 11 | FO72: 12 | FP72: 13 | FQ72: 14 | FR72: 15 | FX72: Parâmetros p/ μx | FY72: Média(d-Cap) | FZ72: 1 | GA72: 2 | GB72: 3 | GC72: 4 | GD72: 5 | GE72: 6 | GF72: 7 | GG72: 8 | GH72: 9 | GI72: 10 | GJ72: 11 | GK72: 12 | GL72: 13 | GM72: 14 | GN72: 15 | GT72: Parâmetros p/ μx | GU72: Média(d-Cap) | GV72: 1 | GW72: 2 | GX72: 3 | GY72: 4 | GZ72: 5 | HA72: 6 | HB72: 7 | HC72: 8 | HD72: 9 | HE72: 10 | HF72: 11 | HG72: 12 | HH72: 13 | HI72: 14 | HJ72: 15
B73: ND*RLT | C73: 1 | D73: =Matlab_Data!D33 | E73: =Matlab_Data!E33 | F73: =Matlab_Data!F33 | G73: =Matlab_Data!G33 | H73: =Matlab_Data!H33 | I73: =Matlab_Data!I33 | J73: =Matlab_Data!J33 | K73: =Matlab_Data!K33 | ... R73: =Matlab_Data!R33 | T73: =SUM(D73:R75) | U73: 303.97 | V73: =T73-U73 | Z73: ND*RLT | AA73: 1 | AB73: -73.1 | AC73: -38.88 | AD73: -149.55 | AE73: -107.98 | AF73: 46.7 | AG73: 106.17 | AH73: -136.97 | AI73: 138.53 | AJ73: 101.27 | AK73: -29.22 | AL73: 16.77 | AM73: -25.31 | AN73: 61.7 | AO73: 88.71 | AP73: 153.07 | AV73: ND*RLT | AW73: 1 | AX73: -73.1 | AY73: -38.88 | AZ73: -149.55 | BA73: -107.98 | BB73: 46.7 | BC73: 106.17 | BD73: -136.97 | BE73: 138.53 | BF73: 101.27 | BG73: -29.22 | BH73: 16.77 | BI73: -25.31 | BJ73: 61.7 | BK73: 88.71 | BL73: 153.07 | BR73: ND*RLT | BS73: 1 | BT73: -73.1 | BU73: -38.88 | BV73: -149.55 | BW73: -107.98 | BX73: 46.7 | BY73: 106.17 | BZ73: -136.97 | CA73: 138.53 | CB73: 101.27 | CC73: -29.22 | CD73: 16.77 | CE73: -25.31 | CF73: 61.7 | CG73: 88.71 | CH73: 153.07 | CN73: ND*RLT | CO73: 1 | CP73: -73.1 | CQ73: -38.88 | CR73: -149.55 | CS73: -107.98 | CT73: 46.7 | CU73: 106.17 | CV73: -136.97 | CW73: 138.53 | CX73: 101.27 | CY73: -29.22 | CZ73: 16.77 | DA73: -25.31 | DB73: 61.7 | DC73: 88.71 | DD73: 153.07 | DJ73: ND*RLT | DK73: 1 | DL73: -73.1 | DM73: -38.88 | DN73: -149.55 | DO73: -107.98 | DP73: 46.7 | DQ73: 106.17 | DR73: -136.97 | DS73: 138.53 | DT73: 101.27 | DU73: -29.22 | DV73: 16.77 | DW73: -25.31 | DX73: 61.7 | DY73: 88.71 | DZ73: 153.07 | EF73: ND*RLT | EG73: 1 | EH73: -73.1 | EI73: -38.88 | EJ73: -149.55 | EK73: -107.98 | EL73: 46.7 | EM73: 106.17 | EN73: -136.97 | EO73: 138.53 | EP73: 101.27 | EQ73: -29.22 | ER73: 16.77 | ES73: -25.31 | ET73: 61.7 | EU73: 88.71 | EV73: 153.07 | FB73: ND*RLT | FC73: 1 | FD73: -73.1 | FE73: -38.88 | FF73: -149.55 | FG73: -107.98 | FH73: 46.7 | FI73: 106.17 | FJ73: -136.97 | FK73: 138.53 | FL73: 101.27 | FM73: -29.22 | FN73: 16.77 | FO73: -25.31 | FP73: 61.7 | FQ73: 88.71 | FR73: 153.07 | FX73: ND*RLT | FY73: 1 | FZ73: -73.1 | GA73: -38.88 | GB73: -149.55 | GC73: -107.98 | GD73: 46.7 | GE73: 106.17 | GF73: -136.97 | GG73: 138.53 | GH73: 101.27 | GI73: -29.22 | GJ73: 16.77 | GK73: -25.31 | GL73: 61.7 | GM73: 88.71 | GN73: 153.07 | GT73: ND*RLT | GU73: 1 | GV73: -73.1 | GW73: -38.88 | GX73: -149.55 | GY73: -107.98 | GZ73: 46.7 | HA73: 106.17 | HB73: -136.97 | HC73: 138.53 | HD73: 101.27 | HE73: -29.22 | HF73: 16.77 | HG73: -25.31 | HH73: 61.7 | HI73: 88.71 | HJ73: 153.07
C74: 2 | D74: =Matlab_Data!D34 | E74: =Matlab_Data!E34 | F74: =Matlab_Data!F34 | G74: =Matlab_Data!G34 | H74: =Matlab_Data!H34 | I74: =Matlab_Data!I34 | J74: =Matlab_Data!J34 | K74: =Matlab_Data!K34 | ... R74: =Matlab_Data!R34 | AA74: 2 | AB74: 70.27 | AC74: 54.39 | AD74: -69.22 | AE74: -226.34 | AF74: 35.69 | AG74: 73.7 | AH74: 6.16 | AI74: -78.02 | AJ74: -76.38 | AK74: 70.93 | AL74: -108.97 | AM74: 73.87 | AN74: 61.51 | AO74: 54.4 | AP74: 87.11 | AW74: 2 | AX74: 70.27 | AY74: 54.39 | AZ74: -69.22 | BA74: -226.34 | BB74: 35.69 | BC74: 73.7 | BD74: 6.16 | BE74: -78.02 | BF74: -76.38 | BG74: 70.93 | BH74: -108.97 | BI74: 73.87 | BJ74: 61.51 | BK74: 54.4 | BL74: 87.11 | BS74: 2 | BT74: 70.27 | BU74: 54.39 | BV74: -69.22 | BW74: -226.34 | BX74: 35.69 | BY74: 73.7 | BZ74: 6.16 | CA74: -78.02 | CB74: -76.38 | CC74: 70.93 | CD74: -108.97 | CE74: 73.87 | CF74: 61.51 | CG74: 54.4 | CH74: 87.11 | CO74: 2 | CP74: 70.27 | CQ74: 54.39 | CR74: -69.22 | CS74: -226.34 | CT74: 35.69 | CU74: 73.7 | CV74: 6.16 | CW74: -78.02 | CX74: -76.38 | CY74: 70.93 | CZ74: -108.97 | DA74: 73.87 | DB74: 61.51 | DC74: 54.4 | DD74: 87.11 | DK74: 2 | DL74: 70.27 | DM74: 54.39 | DN74: -69.22 | DO74: -226.34 | DP74: 35.69 | DQ74: 73.7 | DR74: 6.16 | DS74: -78.02 | DT74: -76.38 | DU74: 70.93 | DV74: -108.97 | DW74: 73.87 | DX74: 61.51 | DY74: 54.4 | DZ74: 87.11 | EG74: 2 | EH74: 70.27 | EI74: 54.39 | EJ74: -69.22 | EK74: -226.34 | EL74: 35.69 | EM74: 73.7 | EN74: 6.16 | EO74: -78.02 | EP74: -76.38 | EQ74: 70.93 | ER74: -108.97 | ES74: 73.87 | ET74: 61.51 | EU74: 54.4 | EV74: 87.11 | FC74: 2 | FD74: 70.27 | FE74: 54.39 | FF74: -69.22 | FG74: -226.34 | FH74: 35.69 | FI74: 73.7 | FJ74: 6.16 | FK74: -78.02 | FL74: -76.38 | FM74: 70.93 | FN74: -108.97 | FO74: 73.87 | FP74: 61.51 | FQ74: 54.4 | FR74: 87.11 | FY74: 2 | FZ74: 70.27 | GA74: 54.39 | GB74: -69.22 | GC74: -226.34 | GD74: 35.69 | GE74: 73.7 | GF74: 6.16 | GG74: -78.02 | GH74: -76.38 | GI74: 70.93 | GJ74: -108.97 | GK74: 73.87 | GL74: 61.51 | GM74: 54.4 | GN74: 87.11 | GU74: 2 | GV74: 70.27 | GW74: 54.39 | GX74: -69.22 | GY74: -226.34 | GZ74: 35.69 | HA74: 73.7 | HB74: 6.16 | HC74: -78.02 | HD74: -76.38 | HE74: 70.93 | HF74: -108.97 | HG74: 73.87 | HH74: 61.51 | HI74: 54.4 | HJ74: 87.11
C75: 3 | D75: =Matlab_Data!D35 | E75: =Matlab_Data!E35 | F75: =Matlab_Data!F35 | G75: =Matlab_Data!G35 | H75: =Matlab_Data!H35 | I75: =Matlab_Data!I35 | J75: =Matlab_Data!J35 | K75: =Matlab_Data!K35 | ... R75: =Matlab_Data!R35 | AA75: 3 | AB75: 165.21 | AC75: -98.88 | AD75: -171.21 | AE75: 98.58 | AF75: -96.51 | AG75: 199.62 | AH75: 173.01 | AI75: -61.47 | AJ75: -130.21 | AK75: -32.69 | AL75: 131.25 | AM75: 11.11 | AN75: -98.85 | AO75: -44.68 | AP75: 78.68 | AW75: 3 | AX75: 165.21 | AY75: -98.88 | AZ75: -171.21 | BA75: 98.58 | BB75: -96.51 | BC75: 199.62 | BD75: 173.01 | BE75: -61.47 | BF75: -130.21 | BG75: -32.69 | BH75: 131.25 | BI75: 11.11 | BJ75: -98.85 | BK75: -44.68 | BL75: 78.68 | BS75: 3 | BT75: 165.21 | BU75: -98.88 | BV75: -171.21 | BW75: 98.58 | BX75: -96.51 | BY75: 199.62 | BZ75: 173.01 | CA75: -61.47 | CB75: -130.21 | CC75: -32.69 | CD75: 131.25 | CE75: 11.11 | CF75: -98.85 | CG75: -44.68 | CH75: 78.68 | CO75: 3 | CP75: 165.21 | CQ75: -98.88 | CR75: -171.21 | CS75: 98.58 | CT75: -96.51 | CU75: 199.62 | CV75: 173.01 | CW75: -61.47 | CX75: -130.21 | CY75: -32.69 | CZ75: 131.25 | DA75: 11.11 | DB75: -98.85 | DC75: -44.68 | DD75: 78.68 | DK75: 3 | DL75: 165.21 | DM75: -98.88 | DN75: -171.21 | DO75: 98.58 | DP75: -96.51 | DQ75: 199.62 | DR75: 173.01 | DS75: -61.47 | DT75: -130.21 | DU75: -32.69 | DV75: 131.25 | DW75: 11.11 | DX75: -98.85 | DY75: -44.68 | DZ75: 78.68 | EG75: 3 | EH75: 165.21 | EI75: -98.88 | EJ75: -171.21 | EK75: 98.58 | EL75: -96.51 | EM75: 199.62 | EN75: 173.01 | EO75: -61.47 | EP75: -130.21 | EQ75: -32.69 | ER75: 131.25 | ES75: 11.11 | ET75: -98.85 | EU75: -44.68 | EV75: 78.68 | FC75: 3 | FD75: 165.21 | FE75: -98.88 | FF75: -171.21 | FG75: 98.58 | FH75: -96.51 | FI75: 199.62 | FJ75: 173.01 | FK75: -61.47 | FL75: -130.21 | FM75: -32.69 | FN75: 131.25 | FO75: 11.11 | FP75: -98.85 | FQ75: -44.68 | FR75: 78.68 | FY75: 3 | FZ75: 165.21 | GA75: -98.88 | GB75: -171.21 | GC75: 98.58 | GD75: -96.51 | GE75: 199.62 | GF75: 173.01 | GG75: -61.47 | GH75: -130.21 | GI75: -32.69 | GJ75: 131.25 | GK75: 11.11 | GL75: -98.85 | GM75: -44.68 | GN75: 78.68 | GU75: 3 | GV75: 165.21 | GW75: -98.88 | GX75: -171.21 | GY75: 98.58 | GZ75: -96.51 | HA75: 199.62 | HB75: 173.01 | HC75: -61.47 | HD75: -130.21 | HE75: -32.69 | HF75: 131.25 | HG75: 11.11 | HH75: -98.85 | HI75: -44.68 | HJ75: 78.68
B77: Parâmetros p/ σx | C77: DesvPad(Var(d-cap)) | D77: 1 | E77: 2 | F77: 3 | G77: 4 | H77: 5 | I77: 6 | J77: 7 | K77: 8 | L77: 9 | M77: 10 | N77: 11 | O77: 12 | P77: 13 | Q77: 14 | R77: 15 | Z77: Parâmetros p/ σx | AA77: DesvPad(Var(d-cap)) | AB77: 1 | AC77: 2 | AD77: 3 | AE77: 4 | AF77: 5 | AG77: 6 | AH77: 7 | AI77: 8 | AJ77: 9 | AK77: 10 | AL77: 11 | AM77: 12 | AN77: 13 | AO77: 14 | AP77: 15 | AV77: Parâmetros p/ σx | AW77: DesvPad(Var(d-cap)) | AX77: 1 | AY77: 2 | AZ77: 3 | BA77: 4 | BB77: 5 | BC77: 6 | BD77: 7 | BE77: 8 | BF77: 9 | BG77: 10 | BH77: 11 | BI77: 12 | BJ77: 13 | BK77: 14 | BL77: 15 | BR77: Parâmetros p/ σx | BS77: DesvPad(Var(d-cap)) | BT77: 1 | BU77: 2 | BV77: 3 | BW77: 4 | BX77: 5 | BY77: 6 | BZ77: 7 | CA77: 8 | CB77: 9 | CC77: 10 | CD77: 11 | CE77: 12 | CF77: 13 | CG77: 14 | CH77: 15 | CN77: Parâmetros p/ σx | CO77: DesvPad(Var(d-cap)) | CP77: 1 | CQ77: 2 | CR77: 3 | CS77: 4 | CT77: 5 | CU77: 6 | CV77: 7 | CW77: 8 | CX77: 9 | CY77: 10 | CZ77: 11 | DA77: 12 | DB77: 13 | DC77: 14 | DD77: 15 | DJ77: Parâmetros p/ σx | DK77: DesvPad(Var(d-cap)) | DL77: 1 | DM77: 2 | DN77: 3 | DO77: 4 | DP77: 5 | DQ77: 6 | DR77: 7 | DS77: 8 | DT77: 9 | DU77: 10 | DV77: 11 | DW77: 12 | DX77: 13 | DY77: 14 | DZ77: 15 | EF77: Parâmetros p/ σx | EG77: DesvPad(Var(d-cap)) | EH77: 1 | EI77: 2 | EJ77: 3 | EK77: 4 | EL77: 5 | EM77: 6 | EN77: 7 | EO77: 8 | EP77: 9 | EQ77: 10 | ER77: 11 | ES77: 12 | ET77: 13 | EU77: 14 | EV77: 15 | FB77: Parâmetros p/ σx | FC77: DesvPad(Var(d-cap)) | FD77: 1 | FE77: 2 | FF77: 3 | FG77: 4 | FH77: 5 | FI77: 6 | FJ77: 7 | FK77: 8 | FL77: 9 | FM77: 10 | FN77: 11 | FO77: 12 | FP77: 13 | FQ77: 14 | FR77: 15 | FX77: Parâmetros p/ σx | FY77: DesvPad(Var(d-cap)) | FZ77: 1 | GA77: 2 | GB77: 3 | GC77: 4 | GD77: 5 | GE77: 6 | GF77: 7 | GG77: 8 | GH77: 9 | GI77: 10 | GJ77: 11 | GK77: 12 | GL77: 13 | GM77: 14 | GN77: 15 | GT77: Parâmetros p/ σx | GU77: DesvPad(Var(d-cap)) | GV77: 1 | GW77: 2 | GX77: 3 | GY77: 4 | GZ77: 5 | HA77: 6 | HB77: 7 | HC77: 8 | HD77: 9 | HE77: 10 | HF77: 11 | HG77: 12 | HH77: 13 | HI77: 14 | HJ77: 15
B78: ND*RLT | C78: 1 | D78: =Matlab_Data!D38 | E78: =Matlab_Data!E38 | F78: =Matlab_Data!F38 | G78: =Matlab_Data!G38 | H78: =Matlab_Data!H38 | I78: =Matlab_Data!I38 | J78: =Matlab_Data!J38 | K78: =Matlab_Data!K38 | ... R78: =Matlab_Data!R38 | T78: =SUM(D78:R80) | U78: 802.0373 | V78: =T78-U78 | Z78: ND*RLT | AA78: 1 | AB78: 13.9696 | AC78: 16.389 | AD78: 15.5948 | AE78: 14.553 | AF78: 22.2638 | AG78: 13.8495 | AH78: 15.1191 | AI78: 20.6937 | AJ78: 18.4669 | AK78: 18.0532 | AL78: 22.3239 | AM78: 12.3097 | AN78: 14.7583 | AO78: 13.6645 | AP78: 24.3509 | AV78: ND*RLT | AW78: 1 | AX78: 13.9696 | AY78: 16.389 | AZ78: 15.5948 | BA78: 14.553 | BB78: 22.2638 | BC78: 13.8495 | BD78: 15.1191 | BE78: 20.6937 | BF78: 18.4669 | BG78: 18.0532 | BH78: 22.3239 | BI78: 12.3097 | BJ78: 14.7583 | BK78: 13.6645 | BL78: 24.3509 | BR78: ND*RLT | BS78: 1 | BT78: 13.9696 | BU78: 16.389 | BV78: 15.5948 | BW78: 14.553 | BX78: 22.2638 | BY78: 13.8495 | BZ78: 15.1191 | CA78: 20.6937 | CB78: 18.4669 | CC78: 18.0532 | CD78: 22.3239 | CE78: 12.3097 | CF78: 14.7583 | CG78: 13.6645 | CH78: 24.3509 | CN78: ND*RLT | CO78: 1 | CP78: 13.9696 | CQ78: 16.389 | CR78: 15.5948 | CS78: 14.553 | CT78: 22.2638 | CU78: 13.8495 | CV78: 15.1191 | CW78: 20.6937 | CX78: 18.4669 | CY78: 18.0532 | CZ78: 22.3239 | DA78: 12.3097 | DB78: 14.7583 | DC78: 13.6645 | DD78: 24.3509 | DJ78: ND*RLT | DK78: 1 | DL78: 13.9696 | DM78: 16.389 | DN78: 15.5948 | DO78: 14.553 | DP78: 22.2638 | DQ78: 13.8495 | DR78: 15.1191 | DS78: 20.6937 | DT78: 18.4669 | DU78: 18.0532 | DV78: 22.3239 | DW78: 12.3097 | DX78: 14.7583 | DY78: 13.6645 | DZ78: 24.3509 | EF78: ND*RLT | EG78: 1 | EH78: 13.9696 | EI78: 16.389 | EJ78: 15.5948 | EK78: 14.553 | EL78: 22.2638 | EM78: 13.8495 | EN78: 15.1191 | EO78: 20.6937 | EP78: 18.4669 | EQ78: 18.0532 | ER78: 22.3239 | ES78: 12.3097 | ET78: 14.7583 | EU78: 13.6645 | EV78: 24.3509 | FB78: ND*RLT | FC78: 1 | FD78: 13.9696 | FE78: 16.389 | FF78: 15.5948 | FG78: 14.553 | FH78: 22.2638 | FI78: 13.8495 | FJ78: 15.1191 | FK78: 20.6937 | FL78: 18.4669 | FM78: 18.0532 | FN78: 22.3239 | FO78: 12.3097 | FP78: 14.7583 | FQ78: 13.6645 | FR78: 24.3509 | FX78: ND*RLT | FY78: 1 | FZ78: 13.9696 | GA78: 16.389 | GB78: 15.5948 | GC78: 14.553 | GD78: 22.2638 | GE78: 13.8495 | GF78: 15.1191 | GG78: 20.6937 | GH78: 18.4669 | GI78: 18.0532 | GJ78: 22.3239 | GK78: 12.3097 | GL78: 14.7583 | GM78: 13.6645 | GN78: 24.3509 | GT78: ND*RLT | GU78: 1 | GV78: 13.9696 | GW78: 16.389 | GX78: 15.5948 | GY78: 14.553 | GZ78: 22.2638 | HA78: 13.8495 | HB78: 15.1191 | HC78: 20.6937 | HD78: 18.4669 | HE78: 18.0532 | HF78: 22.3239 | HG78: 12.3097 | HH78: 14.7583 | HI78: 13.6645 | HJ78: 24.3509
C79: 2 | D79: =Matlab_Data!D39 | E79: =Matlab_Data!E39 | F79: =Matlab_Data!F39 | G79: =Matlab_Data!G39 | H79: =Matlab_Data!H39 | I79: =Matlab_Data!I39 | J79: =Matlab_Data!J39 | K79: =Matlab_Data!K39 | ... R79: =Matlab_Data!R39 | AA79: 2 | AB79: 16.8196 | AC79: 14.6181 | AD79: 15.554 | AE79: 24.3014 | AF79: 19.7195 | AG79: 20.5574 | AH79: 15.8921 | AI79: 14.2488 | AJ79: 17.7149 | AK79: 13.9989 | AL79: 17.4467 | AM79: 19.047 | AN79: 15.4246 | AO79: 22.531 | AP79: 20.8612 | AW79: 2 | AX79: 16.8196 | AY79: 14.6181 | AZ79: 15.554 | BA79: 24.3014 | BB79: 19.7195 | BC79: 20.5574 | BD79: 15.8921 | BE79: 14.2488 | BF79: 17.7149 | BG79: 13.9989 | BH79: 17.4467 | BI79: 19.047 | BJ79: 15.4246 | BK79: 22.531 | BL79: 20.8612 | BS79: 2 | BT79: 16.8196 | BU79: 14.6181 | BV79: 15.554 | BW79: 24.3014 | BX79: 19.7195 | BY79: 20.5574 | BZ79: 15.8921 | CA79: 14.2488 | CB79: 17.7149 | CC79: 13.9989 | CD79: 17.4467 | CE79: 19.047 | CF79: 15.4246 | CG79: 22.531 | CH79: 20.8612 | CO79: 2 | CP79: 16.8196 | CQ79: 14.6181 | CR79: 15.554 | CS79: 24.3014 | CT79: 19.7195 | CU79: 20.5574 | CV79: 15.8921 | CW79: 14.2488 | CX79: 17.7149 | CY79: 13.9989 | CZ79: 17.4467 | DA79: 19.047 | DB79: 15.4246 | DC79: 22.531 | DD79: 20.8612 | DK79: 2 | DL79: 16.8196 | DM79: 14.6181 | DN79: 15.554 | DO79: 24.3014 | DP79: 19.7195 | DQ79: 20.5574 | DR79: 15.8921 | DS79: 14.2488 | DT79: 17.7149 | DU79: 13.9989 | DV79: 17.4467 | DW79: 19.047 | DX79: 15.4246 | DY79: 22.531 | DZ79: 20.8612 | EG79: 2 | EH79: 16.8196 | EI79: 14.6181 | EJ79: 15.554 | EK79: 24.3014 | EL79: 19.7195 | EM79: 20.5574 | EN79: 15.8921 | EO79: 14.2488 | EP79: 17.7149 | EQ79: 13.9989 | ER79: 17.4467 | ES79: 19.047 | ET79: 15.4246 | EU79: 22.531 | EV79: 20.8612 | FC79: 2 | FD79: 16.8196 | FE79: 14.6181 | FF79: 15.554 | FG79: 24.3014 | FH79: 19.7195 | FI79: 20.5574 | FJ79: 15.8921 | FK79: 14.2488 | FL79: 17.7149 | FM79: 13.9989 | FN79: 17.4467 | FO79: 19.047 | FP79: 15.4246 | FQ79: 22.531 | FR79: 20.8612 | FY79: 2 | FZ79: 16.8196 | GA79: 14.6181 | GB79: 15.554 | GC79: 24.3014 | GD79: 19.7195 | GE79: 20.5574 | GF79: 15.8921 | GG79: 14.2488 | GH79: 17.7149 | GI79: 13.9989 | GJ79: 17.4467 | GK79: 19.047 | GL79: 15.4246 | GM79: 22.531 | GN79: 20.8612 | GU79: 2 | GV79: 16.8196 | GW79: 14.6181 | GX79: 15.554 | GY79: 24.3014 | GZ79: 19.7195 | HA79: 20.5574 | HB79: 15.8921 | HC79: 14.2488 | HD79: 17.7149 | HE79: 13.9989 | HF79: 17.4467 | HG79: 19.047 | HH79: 15.4246 | HI79: 22.531 | HJ79: 20.8612
C80: 3 | D80: =Matlab_Data!D40 | E80: =Matlab_Data!E40 | F80: =Matlab_Data!F40 | G80: =Matlab_Data!G40 | H80: =Matlab_Data!H40 | I80: =Matlab_Data!I40 | J80: =Matlab_Data!J40 | K80: =Matlab_Data!K40 | ... R80: =Matlab_Data!R40 | AA80: 3 | AB80: 21.6113 | AC80: 16.2003 | AD80: 17.0023 | AE80: 24.1484 | AF80: 16.7053 | AG80: 21.6071 | AH80: 16.456 | AI80: 19.5486 | AJ80: 17.5174 | AK80: 14.9556 | AL80: 16.22 | AM80: 16.5828 | AN80: 20.17 | AO80: 19.1822 | AP80: 19.0349 | AW80: 3 | AX80: 21.6113 | AY80: 16.2003 | AZ80: 17.0023 | BA80: 24.1484 | BB80: 16.7053 | BC80: 21.6071 | BD80: 16.456 | BE80: 19.5486 | BF80: 17.5174 | BG80: 14.9556 | BH80: 16.22 | BI80: 16.5828 | BJ80: 20.17 | BK80: 19.1822 | BL80: 19.0349 | BS80: 3 | BT80: 21.6113 | BU80: 16.2003 | BV80: 17.0023 | BW80: 24.1484 | BX80: 16.7053 | BY80: 21.6071 | BZ80: 16.456 | CA80: 19.5486 | CB80: 17.5174 | CC80: 14.9556 | CD80: 16.22 | CE80: 16.5828 | CF80: 20.17 | CG80: 19.1822 | CH80: 19.0349 | CO80: 3 | CP80: 21.6113 | CQ80: 16.2003 | CR80: 17.0023 | CS80: 24.1484 | CT80: 16.7053 | CU80: 21.6071 | CV80: 16.456 | CW80: 19.5486 | CX80: 17.5174 | CY80: 14.9556 | CZ80: 16.22 | DA80: 16.5828 | DB80: 20.17 | DC80: 19.1822 | DD80: 19.0349 | DK80: 3 | DL80: 21.6113 | DM80: 16.2003 | DN80: 17.0023 | DO80: 24.1484 | DP80: 16.7053 | DQ80: 21.6071 | DR80: 16.456 | DS80: 19.5486 | DT80: 17.5174 | DU80: 14.9556 | DV80: 16.22 | DW80: 16.5828 | DX80: 20.17 | DY80: 19.1822 | DZ80: 19.0349 | EG80: 3 | EH80: 21.6113 | EI80: 16.2003 | EJ80: 17.0023 | EK80: 24.1484 | EL80: 16.7053 | EM80: 21.6071 | EN80: 16.456 | EO80: 19.5486 | EP80: 17.5174 | EQ80: 14.9556 | ER80: 16.22 | ES80: 16.5828 | ET80: 20.17 | EU80: 19.1822 | EV80: 19.0349 | FC80: 3 | FD80: 21.6113 | FE80: 16.2003 | FF80: 17.0023 | FG80: 24.1484 | FH80: 16.7053 | FI80: 21.6071 | FJ80: 16.456 | FK80: 19.5486 | FL80: 17.5174 | FM80: 14.9556 | FN80: 16.22 | FO80: 16.5828 | FP80: 20.17 | FQ80: 19.1822 | FR80: 19.0349 | FY80: 3 | FZ80: 21.6113 | GA80: 16.2003 | GB80: 17.0023 | GC80: 24.1484 | GD80: 16.7053 | GE80: 21.6071 | GF80: 16.456 | GG80: 19.5486 | GH80: 17.5174 | GI80: 14.9556 | GJ80: 16.22 | GK80: 16.5828 | GL80: 20.17 | GM80: 19.1822 | GN80: 19.0349 | GU80: 3 | GV80: 21.6113 | GW80: 16.2003 | GX80: 17.0023 | GY80: 24.1484 | GZ80: 16.7053 | HA80: 21.6071 | HB80: 16.456 | HC80: 19.5486 | HD80: 17.5174 | HE80: 14.9556 | HF80: 16.22 | HG80: 16.5828 | HH80: 20.17 | HI80: 19.1822 | HJ80: 19.0349
C82: LB | D82: 1 | E82: 2 | F82: 3 | G82: 4 | H82: 5 | I82: 6 | J82: 7 | K82: 8 | L82: 9 | M82: 10 | N82: 11 | O82: 12 | P82: 13 | Q82: 14 | R82: 15 | AA82: LB | AB82: 1 | AC82: 2 | AD82: 3 | AE82: 4 | AF82: 5 | AG82: 6 | AH82: 7 | AI82: 8 | AJ82: 9 | AK82: 10 | AL82: 11 | AM82: 12 | AN82: 13 | AO82: 14 | AP82: 15 | AW82: LB | AX82: 1 | AY82: 2 | AZ82: 3 | BA82: 4 | BB82: 5 | BC82: 6 | BD82: 7 | BE82: 8 | BF82: 9 | BG82: 10 | BH82: 11 | BI82: 12 | BJ82: 13 | BK82: 14 | BL82: 15 | BS82: LB | BT82: 1 | BU82: 2 | BV82: 3 | BW82: 4 | BX82: 5 | BY82: 6 | BZ82: 7 | CA82: 8 | CB82: 9 | CC82: 10 | CD82: 11 | CE82: 12 | CF82: 13 | CG82: 14 | CH82: 15 | CO82: LB | CP82: 1 | CQ82: 2 | CR82: 3 | CS82: 4 | CT82: 5 | CU82: 6 | CV82: 7 | CW82: 8 | CX82: 9 | CY82: 10 | CZ82: 11 | DA82: 12 | DB82: 13 | DC82: 14 | DD82: 15 | DK82: LB | DL82: 1 | DM82: 2 | DN82: 3 | DO82: 4 | DP82: 5 | DQ82: 6 | DR82: 7 | DS82: 8 | DT82: 9 | DU82: 10 | DV82: 11 | DW82: 12 | DX82: 13 | DY82: 14 | DZ82: 15 | EG82: LB | EH82: 1 | EI82: 2 | EJ82: 3 | EK82: 4 | EL82: 5 | EM82: 6 | EN82: 7 | EO82: 8 | EP82: 9 | EQ82: 10 | ER82: 11 | ES82: 12 | ET82: 13 | EU82: 14 | EV82: 15 | FC82: LB | FD82: 1 | FE82: 2 | FF82: 3 | FG82: 4 | FH82: 5 | FI82: 6 | FJ82: 7 | FK82: 8 | FL82: 9 | FM82: 10 | FN82: 11 | FO82: 12 | FP82: 13 | FQ82: 14 | FR82: 15 | FY82: LB | FZ82: 1 | GA82: 2 | GB82: 3 | GC82: 4 | GD82: 5 | GE82: 6 | GF82: 7 | GG82: 8 | GH82: 9 | GI82: 10 | GJ82: 11 | GK82: 12 | GL82: 13 | GM82: 14 | GN82: 15 | GU82: LB | GV82: 1 | GW82: 2 | GX82: 3 | GY82: 4 | GZ82: 5 | HA82: 6 | HB82: 7 | HC82: 8 | HD82: 9 | HE82: 10 | HF82: 11 | HG82: 12 | HH82: 13 | HI82: 14 | HJ82: 15
