Workbook
Name Distributors_Stock_Begining: Distributors_stock_balance!$D$10:$F$11
Name Distributors_Stock_Demand: Distributors_stock_balance!$D$16:$F$17
Name Distributors_Stock_Replenishment: Distributors_stock_balance!$D$5:$F$6
Name DistributorsBegStock: Beginning_stock!$AT$25:$AV$26
Name DistributorsCap: Distributors_Cap!$D$13:$F$14
Name DistributorsCost: Distributors!$P$6:$R$7
Name DistributorsDem: Demand!$AU$19:$AW$20
Name DistributorsLeadTime: Distributors!$P$16:$R$17
Name DistributorsNumberBinaryVarY: Distributors_Cap!$D$29:$F$30
Name DistributorsSafetyFactor: Distributors!$P$21:$R$22
Name DistributorsStdDev: Distributors!$P$11:$R$12
Name DistributorsUpperBound: Distributors_Cap!$D$22:$F$23
Name Fac_Qtd_LB: Matlab_Data!$D$98:$F$100
Name Factories_Coverage_Time: Factories_stock_balance!$D$28:$F$30
Name Factories_Delta: Factories_stock_balance!$D$34:$F$36
Name Factories_Gamma: Factories_stock_balance!$D$45:$F$47
Name Factories_Gross_Base_Stock: Factories_stock_balance!$D$212:$F$214
Name Factories_Net_Demand: Factories_stock_balance!$D$200:$F$202
Name Factories_Omega: Factories_stock_balance!$D$57:$F$59
Name Factories_Omega1: Factories_stock_balance!$D$110:$F$112
Name Factories_Omega2: Factories_stock_balance!$D$116:$F$118
Name Factories_Omega3: Factories_stock_balance!$D$122:$F$124
Name Factories_Omega4: Factories_stock_balance!$D$140:$F$142
Name Factories_Omega5: Factories_stock_balance!$D$146:$F$148
Name Factories_Omega6: Factories_stock_balance!$D$152:$F$154
Name Factories_Replenishment_Time: Factories_stock_balance!$D$22:$F$24
Name Factories_Rho: Factories_stock_balance!$D$51:$F$53
Name Factories_Runout_Time: Factories_stock_balance!$D$63:$F$65
Name Factories_Safety_Stock: Factories_stock_balance!$D$230:$F$232
Name Factories_Squared_root: Factories_stock_balance!$D$182:$F$184
Name Factories_Variance_NetDemand_Rate: Factories_stock_balance!$D$218:$F$220
Name Factories_Work_in_process: Factories_WIP!$D$8:$F$10
Name Factories_Zeta: Factories_stock_balance!$D$39:$F$41
Name FactoriesBegStock: Beginning_stock!$AT$15:$AV$17
Name FactoriesCap: Factories_Cap!$D$8:$F$10
Name FactoriesCost: Factories!$I$6:$K$8
Name FactoriesDem: Demand!$AU$11:$AW$13
Name FactoriesLeadTime: Factories!$I$22:$K$24
Name FactoriesLeadTimeStdDev: Factories!$I$27:$K$29
Name FactoriesNumberBinaryVarY: Factories_Cap!$D$55:$F$57
Name FactoriesStdDev: Factories!$I$17:$K$19
Name FactoriesStdDevVarVar: Fac_Fourth_central_moment_5var!$D$41:$F$43
Name FactoriesUpperBound: Factories_Cap!#REF!
Name InboundServiceTimef: Factories_Cap!$D$33:$F$35
Name InboundServiceTimew: Suppliers_Cap!$D$33:$R$35
Name Maxd: Distributors_Cap!$D$35
Name Maxf: Factories_Cap!#REF!
Name Maxr: Retailers_Cap!$AN$9
Name MaxStkOutd: Distributors_Cap!$R$47
Name MaxStkOutf: Factories_Cap!#REF!
Name MaxStkOutr: Retailers_Cap!$CQ$7
Name MaxStkOutw: Suppliers_Cap!$V$25
Name MaxStkOutw1: Suppliers_Cap!$V$19
Name MaxStkOutw2: Suppliers_Cap!$V$20
Name MaxStkOutw3: Suppliers_Cap!$V$21
Name Maxw: Suppliers_Cap!$D$61
Name Mind: Distributors_Cap!$D$36
Name Minf: Factories_Cap!#REF!
Name Minr: Retailers_Cap!$AN$10
Name Minw: Suppliers_Cap!$D$62

Sheet Matlab_Data
C1: SUPPLIERS
C2: demand | D2: 1 | E2: 2 | F2: 3 | G2: 4 | H2: 5 | I2: 6 | J2: 7 | K2: 8 | L2: 9 | M2: 10 | N2: 11 | O2: 12 | P2: 13 | Q2: 14 | R2: 15
C3: 1 | D3: =Demand!AU5 | E3: =Demand!AV5 | F3: =Demand!AW5 | G3: =Demand!AX5 | H3: =Demand!AY5 | I3: =Demand!AZ5 | J3: =Demand!BA5 | K3: =Demand!BB5 | ... R3: =Demand!BI5
C4: 2 | D4: =Demand!AU6 | E4: =Demand!AV6 | F4: =Demand!AW6 | G4: =Demand!AX6 | H4: =Demand!AY6 | I4: =Demand!AZ6 | J4: =Demand!BA6 | K4: =Demand!BB6 | ... R4: =Demand!BI6
C5: 3 | D5: =Demand!AU7 | E5: =Demand!AV7 | F5: =Demand!AW7 | G5: =Demand!AX7 | H5: =Demand!AY7 | I5: =Demand!AZ7 | J5: =Demand!BA7 | K5: =Demand!BB7 | ... R5: =Demand!BI7
B7: Parâmetro p/ | C7: Média(E(RLT)) | D7: 1 | E7: 2 | F7: 3 | G7: 4 | H7: 5 | I7: 6 | J7: 7 | K7: 8 | L7: 9 | M7: 10 | N7: 11 | O7: 12 | P7: 13 | Q7: 14 | R7: 15
B8: LBw e DesvPad(ND*RLT)w | C8: 1 | D8: =Suppliers!I22 | E8: =Suppliers!J22 | F8: =Suppliers!K22 | G8: =Suppliers!L22 | H8: =Suppliers!M22 | I8: =Suppliers!N22 | J8: =Suppliers!O22 | K8: =Suppliers!P22 | ... R8: =Suppliers!W22
B9: LBw e DesvPad(ND*RLT)w | C9: 2 | D9: =Suppliers!I23 | E9: =Suppliers!J23 | F9: =Suppliers!K23 | G9: =Suppliers!L23 | H9: =Suppliers!M23 | I9: =Suppliers!N23 | J9: =Suppliers!O23 | K9: =Suppliers!P23 | ... R9: =Suppliers!W23
B10: LBw e DesvPad(ND*RLT)w | C10: 3 | D10: =Suppliers!I24 | E10: =Suppliers!J24 | F10: =Suppliers!K24 | G10: =Suppliers!L24 | H10: =Suppliers!M24 | I10: =Suppliers!N24 | J10: =Suppliers!O24 | K10: =Suppliers!P24 | ... R10: =Suppliers!W24
C12: Cap | D12: 1 | E12: 2 | F12: 3 | G12: 4 | H12: 5 | I12: 6 | J12: 7 | K12: 8 | L12: 9 | M12: 10 | N12: 11 | O12: 12 | P12: 13 | Q12: 14 | R12: 15
C13: 1 | D13: =Suppliers_Cap!D8 | E13: =Suppliers_Cap!E8 | F13: =Suppliers_Cap!F8 | G13: =Suppliers_Cap!G8 | H13: =Suppliers_Cap!H8 | I13: =Suppliers_Cap!I8 | J13: =Suppliers_Cap!J8 | K13: =Suppliers_Cap!K8 | ... R13: =Suppliers_Cap!R8
C14: 2 | D14: =Suppliers_Cap!D9 | E14: =Suppliers_Cap!E9 | F14: =Suppliers_Cap!F9 | G14: =Suppliers_Cap!G9 | H14: =Suppliers_Cap!H9 | I14: =Suppliers_Cap!I9 | J14: =Suppliers_Cap!J9 | K14: =Suppliers_Cap!K9 | ... R14: =Suppliers_Cap!R9
C15: 3 | D15: =Suppliers_Cap!D10 | E15: =Suppliers_Cap!E10 | F15: =Suppliers_Cap!F10 | G15: =Suppliers_Cap!G10 | H15: =Suppliers_Cap!H10 | I15: =Suppliers_Cap!I10 | J15: =Suppliers_Cap!J10 | K15: =Suppliers_Cap!K10 | ... R15: =Suppliers_Cap!R10
B17: Parâmetro p/ | C17: Var(d-cap) | D17: 1 | E17: 2 | F17: 3 | G17: 4 | H17: 5 | I17: 6 | J17: 7 | K17: 8 | L17: 9 | M17: 10 | N17: 11 | O17: 12 | P17: 13 | Q17: 14 | R17: 15
B18: LBw | C18: 1 | H18: 495,6908 | I18: 191.8181 | K18: 428.2391 | L18: 341.0413 | N18: 498.37 | P18: 217.8175 | Q18: 186.7283 | R18: 592.9769
B19: LBw | C19: 2 | D19: 282,9083 | E19: 213,6979 | H19: 388,8702 | I19: 422.6212 | J19: 252.569 | M19: 195.9797 | O19: 362.7987 | P19: 237.9285 | Q19: 507.6638 | R19: 435.1991
B20: LBw | C20: 3 | D20: 467,0644 | G20: 583,1530 | I20: 466.8862 | J20: 270.8028 | N20: 263.1016 | O20: 275.0038 | R20: 362.3392
B22: Parâmetro p/ | C22: Desvpad(Var(S2nd)) | D22: 1 | E22: 2 | F22: 3 | G22: 4 | H22: 5 | I22: 6 | J22: 7 | K22: 8 | L22: 9 | M22: 10 | N22: 11 | O22: 12 | P22: 13 | Q22: 14 | R22: 15
B23: LBw | C23: 1 | H23: 277.3852 | I23: 114.4701 | K23: 251.6818 | L23: 197.052 | N23: 277.4759 | P23: 123.9421 | Q23: 109.4126 | R23: 346.4116
B24: LBw | C24: 2 | D24: 160.9752 | E24: 121.0452 | H24: 217.2882 | I24: 239.086 | J24: 140.5445 | M24: 112.6414 | O24: 205.8108 | P24: 135.1195 | Q24: 284.6164 | R24: 247.6234
B25: LBw | C25: 3 | D25: 278.6301 | G25: 331.4884 | I25: 286.2747 | J25: 169.9887 | N25: 158.1255 | O25: 153.0895 | R25: 206.0767
B27: Parâmetro p/ | C27: DesvPad(Var(E(RLT))) | D27: 1 | E27: 2 | F27: 3 | G27: 4 | H27: 5 | I27: 6 | J27: 7 | K27: 8 | L27: 9 | M27: 10 | N27: 11 | O27: 12 | P27: 13 | Q27: 14 | R27: 15
B28: LBw e DesvPad(ND*RLT)w | C28: 1 | D28: =Suppliers!I27 | E28: =Suppliers!J27 | F28: =Suppliers!K27 | G28: =Suppliers!L27 | H28: =Suppliers!M27 | I28: =Suppliers!N27 | J28: =Suppliers!O27 | K28: =Suppliers!P27 | ... R28: =Suppliers!W27
B29: LBw e DesvPad(ND*RLT)w | C29: 2 | D29: =Suppliers!I28 | E29: =Suppliers!J28 | F29: =Suppliers!K28 | G29: =Suppliers!L28 | H29: =Suppliers!M28 | I29: =Suppliers!N28 | J29: =Suppliers!O28 | K29: =Suppliers!P28 | ... R29: =Suppliers!W28
B30: LBw e DesvPad(ND*RLT)w | C30: 3 | D30: =Suppliers!I29 | E30: =Suppliers!J29 | F30: =Suppliers!K29 | G30: =Suppliers!L29 | H30: =Suppliers!M29 | I30: =Suppliers!N29 | J30: =Suppliers!O29 | K30: =Suppliers!P29 | ... R30: =Suppliers!W29
B32: Parâmetro p/ | C32: Média(d-Cap) | D32: 1 | E32: 2 | F32: 3 | G32: 4 | H32: 5 | I32: 6 | J32: 7 | K32: 8 | L32: 9 | M32: 10 | N32: 11 | O32: 12 | P32: 13 | Q32: 14 | R32: 15
B33: DesvPad(ND*RLT)w | C33: 1 | D33: -73.1 | E33: -38.88 | F33: -149.55 | G33: -107.98 | H33: 46.7 | I33: 106.17 | J33: -136.97 | K33: 138.53 | L33: 101.27 | M33: -29.22 | N33: 16.77 | O33: -25.31 | P33: 61.7 | Q33: 88.71 | R33: 153.07
B34: DesvPad(ND*RLT)w | C34: 2 | D34: 70.27 | E34: 54.39 | F34: -69.22 | G34: -226.34 | H34: 35.69 | I34: 73.7 | J34: 6.16 | K34: -78.02 | L34: -76.38 | M34: 70.93 | N34: -108.97 | O34: 73.87 | P34: 61.51 | Q34: 54.4 | R34: 87.11
B35: DesvPad(ND*RLT)w | C35: 3 | D35: 165.21 | E35: -98.88 | F35: -171.21 | G35: 98.58 | H35: -96.51 | I35: 199.62 | J35: 173.01 | K35: -61.47 | L35: -130.21 | M35: -32.69 | N35: 131.25 | O35: 11.11 | P35: -98.85 | Q35: -44.68 | R35: 78.68
B37: Parâmetro p/ | C37: DesvPad(Var(d-cap)) | D37: 1 | E37: 2 | F37: 3 | G37: 4 | H37: 5 | I37: 6 | J37: 7 | K37: 8 | L37: 9 | M37: 10 | N37: 11 | O37: 12 | P37: 13 | Q37: 14 | R37: 15
B38: DesvPad(ND*RLT)w | C38: 1 | D38: =D18^0.5 | E38: =E18^0.5 | F38: =F18^0.5 | G38: =G18^0.5 | H38: =H18^0.5 | I38: =I18^0.5 | J38: =J18^0.5 | K38: =K18^0.5 | ... R38: =R18^0.5
B39: DesvPad(ND*RLT)w | C39: 2 | D39: =D19^0.5 | E39: =E19^0.5 | F39: =F19^0.5 | G39: =G19^0.5 | H39: =H19^0.5 | I39: =I19^0.5 | J39: =J19^0.5 | K39: =K19^0.5 | ... R39: =R19^0.5
B40: DesvPad(ND*RLT)w | C40: 3 | D40: =D20^0.5 | E40: =E20^0.5 | F40: =F20^0.5 | G40: =G20^0.5 | H40: =H20^0.5 | I40: =I20^0.5 | J40: =J20^0.5 | K40: =K20^0.5 | ... R40: =R20^0.5
C42: Prob1 | D42: 0.98
C44: LBw | D44: 1 | E44: 2 | F44: 3 | G44: 4 | H44: 5 | I44: 6 | J44: 7 | K44: 8 | L44: 9 | M44: 10 | N44: 11 | O44: 12 | P44: 13 | Q44: 14 | R44: 15
C45: 1 | D45: -1000 | E45: 0 | F45: 0 | G45: 0 | H45: 15818.302 | I45: 6132.0093 | J45: 0 | K45: 13708.849 | L45: 9372.3396 | M45: 0 | N45: 14327.465 | O45: 0 | P45: 6918.3969 | Q45: 5897.5627 | R45: 21002.39
C46: 2 | D46: 8074.1812 | E46: 8186.4463 | F46: 0 | G46: 0 | H46: 9834.2635 | I46: 14601.568 | J46: 6563.4316 | K46: 0 | L46: 0 | M46: 5627.9126 | N46: 0 | O46: 12387.656 | P46: 10079.393 | Q46: 19670.323 | R46: 12770.938
C47: 3 | D47: 19048.847 | E47: 0 | F47: 0 | G47: 17725.552 | H47: 0 | I47: 18633.411 | J47: 7876.7163 | K47: 0 | L47: 0 | M47: 0 | N47: 6106.9843 | O47: 8295.8778 | P47: 0 | Q47: 0 | R47: 10070.459
C49: DesvPad(ND*RLT)w | D49: 1 | E49: 2 | F49: 3 | G49: 4 | H49: 5 | I49: 6 | J49: 7 | K49: 8 | L49: 9 | M49: 10 | N49: 11 | O49: 12 | P49: 13 | Q49: 14 | R49: 15
C50: 1 | D50: 0 | E50: 0 | F50: 0 | G50: 0 | H50: 89.3519 | I50: 58.127 | J50: 0 | K50: 86.0169 | L50: 70.3036 | M50: 0 | N50: 84.7408 | O50: 0 | P50: 59.7737 | Q50: 56.3029 | R50: 106.0337
C51: 2 | D51: 223.0756 | E51: 64.8184 | F51: 0 | G51: 0 | H51: 70.3806 | I51: 86.4921 | J51: 57.3334 | K51: 0 | L51: 0 | M51: 54.2832 | N51: 0 | O51: 79.8168 | P51: 72.0508 | Q51: 99.7673 | R51: 81.2089
C52: 3 | D52: 102.4257 | E52: 0 | F52: 0 | G52: 95.6105 | H52: 0 | I52: 103.1899 | J52: 68.1494 | K52: 0 | L52: 0 | M52: 0 | N52: 58.2861 | O52: 64.4752 | P52: 0 | Q52: 0 | R52: 72.0919
C54: FACTORIES
C55: demand | D55: 16 | E55: 17 | F55: 18
C56: 4 | D56: =Demand!AU11 | E56: =Demand!AV11 | F56: =Demand!AW11
C57: 5 | D57: =Demand!AU12 | E57: =Demand!AV12 | F57: =Demand!AW12
C58: 6 | D58: =Demand!AU13 | E58: =Demand!AV13 | F58: =Demand!AW13
B60: Parâmetro p/ | C60: Média(E(RLT)) | D60: 16 | E60: 17 | F60: 18
B61: LBf e DesvPad(ND*RLT)f | C61: 4 | D61: =Factories!I22 | E61: =Factories!J22 | F61: =Factories!K22
B62: LBf e DesvPad(ND*RLT)f | C62: 5 | D62: =Factories!I23 | E62: =Factories!J23 | F62: =Factories!K23
B63: LBf e DesvPad(ND*RLT)f | C63: 6 | D63: =Factories!I24 | E63: =Factories!J24 | F63: =Factories!K24
C65: Cap | D65: 16 | E65: 17 | F65: 18
C66: 4 | D66: =Factories_Cap!D8 | E66: =Factories_Cap!E8 | F66: =Factories_Cap!F8
C67: 5 | D67: =Factories_Cap!D9 | E67: =Factories_Cap!E9 | F67: =Factories_Cap!F9
C68: 6 | D68: =Factories_Cap!D10 | E68: =Factories_Cap!E10 | F68: =Factories_Cap!F10
B70: Parâmetro p/ | C70: Var(d-cap) | D70: 16 | E70: 17 | F70: 18
B71: LBf | C71: 4 | D71: 7365,6680 | E71: 6202,5095 | F71: 8265,4988
B72: LBf | C72: 5 | E72: 5170,4611
B73: LBf | C73: 6 | E73: 4906,5998
B75: Parâmetro p/ | C75: Desvpad(Var(S2nd)) | D75: 16 | E75: 17 | F75: 18
B76: LBf | C76: 4 | D76: 4277,7774 | E76: 3472,1356 | F76: 4613,1497
B77: LBf | C77: 5 | E77: 2903,2134
B78: LBf | C78: 6 | E78: 2818,2132
B80: Parâmetro p/ | C80: DesvPadVar(E(RLT)) | D80: 16 | E80: 17 | F80: 18
B81: LBf e DesvPad(ND*RLT)f | C81: 4 | D81: =Factories!I27 | E81: =Factories!J27 | F81: =Factories!K27
B82: LBf e DesvPad(ND*RLT)f | C82: 5 | D82: =Factories!I28 | E82: =Factories!J28 | F82: =Factories!K28
B83: LBf e DesvPad(ND*RLT)f | C83: 6 | D83: =Factories!I29 | E83: =Factories!J29 | F83: =Factories!K29
B85: Parâmetro p/ | C85: Média(d-Cap) | D85: 16 | E85: 17 | F85: 18
B86: DesvPad(ND*RLT)f | C86: 4 | D86: 503.65 | E86: 170.29 | F86: 140.76
B87: DesvPad(ND*RLT)f | C87: 5 | D87: -200.04 | E87: 190.37 | F87: -404.96
B88: DesvPad(ND*RLT)f | C88: 6 | D88: -331.54 | E88: 351.01 | F88: -972.89
B90: Parâmetro p/ | C90: DesvPad(Var(d-cap)) | D90: 16 | E90: 17 | F90: 18
B91: DesvPad(ND*RLT)f | C91: 4 | D91: 85.82347 | E91: 78.756012 | F91: 90.914789
B92: DesvPad(ND*RLT)f | C92: 5 | D92: 0 | E92: 71.905918 | F92: 0
B93: DesvPad(ND*RLT)f | C93: 6 | D93: 0 | E93: 70.047126 | F93: 0
C95: Prob1 | D95: 0.98
C97: Fac Var*LT | D97: 16 | E97: 17 | F97: 18
C98: 4 | D98: 79279.53 | E98: 87272.457 | F98: 72838.994
C99: 5 | E99: 75216.293
C100: 6 | E100: 59044.691
C102: DesvPad(ND*RLT)f | D102: 16 | E102: 17 | F102: 18
C103: 4 | D103: 205.1894 | E103: 209.9278 | F103: 191.3891
C104: 5 | D104: 0 | E104: 195.2975 | F104: 0
C105: 6 | D105: 0 | E105: 175.744 | F105: 0

Sheet Estado da arte
C1: SUPPLIERS
B2: Parâmetros p/ | C2: demand | D2: 1 | E2: 2 | F2: 3 | G2: 4 | H2: 5 | I2: 6 | J2: 7 | K2: 8 | L2: 9 | M2: 10 | N2: 11 | O2: 12 | P2: 13 | Q2: 14 | R2: 15
B3: Prob(D*RLT) | C3: 1 | D3: =Demand!AU5 | E3: =Demand!AV5 | F3: =Demand!AW5 | G3: =Demand!AX5 | H3: =Demand!AY5 | I3: =Demand!AZ5 | J3: =Demand!BA5 | K3: =Demand!BB5 | ... R3: =Demand!BI5
B4: Prob(D*RLT) | C4: 2 | D4: =Demand!AU6 | E4: =Demand!AV6 | F4: =Demand!AW6 | G4: =Demand!AX6 | H4: =Demand!AY6 | I4: =Demand!AZ6 | J4: =Demand!BA6 | K4: =Demand!BB6 | ... R4: =Demand!BI6
B5: Prob(D*RLT) | C5: 3 | D5: =Demand!AU7 | E5: =Demand!AV7 | F5: =Demand!AW7 | G5: =Demand!AX7 | H5: =Demand!AY7 | I5: =Demand!AZ7 | J5: =Demand!BA7 | K5: =Demand!BB7 | ... R5: =Demand!BI7
A6: CV
A7: 0.2 | B7: Parâmetros | C7: DesvPad(demand) | D7: 1 | E7: 2 | F7: 3 | G7: 4 | H7: 5 | I7: 6 | J7: 7 | K7: 8 | L7: 9 | M7: 10 | N7: 11 | O7: 12 | P7: 13 | Q7: 14 | R7: 15
B8: Prob(D*RLT) | C8: 1 | D8: =D3*0.2 | E8: =E3*0.2 | F8: =F3*0.2 | G8: =G3*0.2 | H8: =H3*0.2 | I8: =I3*0.2 | J8: =J3*0.2 | K8: =K3*0.2 | ... R8: =R3*0.2
B9: Prob(D*RLT) | C9: 2 | D9: =D4*0.2 | E9: =E4*0.2 | F9: =F4*0.2 | G9: =G4*0.2 | H9: =H4*0.2 | I9: =I4*0.2 | J9: =J4*0.2 | K9: =K4*0.2 | ... R9: =R4*0.2
B10: Prob(D*RLT) | C10: 3 | D10: =D5*0.2 | E10: =E5*0.2 | F10: =F5*0.2 | G10: =G5*0.2 | H10: =H5*0.2 | I10: =I5*0.2 | J10: =J5*0.2 | K10: =K5*0.2 | ... R10: =R5*0.2
B12: Parâmetros | C12: Média(E(RLT)) | D12: 1 | E12: 2 | F12: 3 | G12: 4 | H12: 5 | I12: 6 | J12: 7 | K12: 8 | L12: 9 | M12: 10 | N12: 11 | O12: 12 | P12: 13 | Q12: 14 | R12: 15
B13: Prob(D*RLT) | C13: 1 | D13: =Suppliers!I22 | E13: =Suppliers!J22 | F13: =Suppliers!K22 | G13: =Suppliers!L22 | H13: =Suppliers!M22 | I13: =Suppliers!N22 | J13: =Suppliers!O22 | K13: =Suppliers!P22 | ... R13: =Suppliers!W22
B14: Prob(D*RLT) | C14: 2 | D14: =Suppliers!I23 | E14: =Suppliers!J23 | F14: =Suppliers!K23 | G14: =Suppliers!L23 | H14: =Suppliers!M23 | I14: =Suppliers!N23 | J14: =Suppliers!O23 | K14: =Suppliers!P23 | ... R14: =Suppliers!W23
B15: Prob(D*RLT) | C15: 3 | D15: =Suppliers!I24 | E15: =Suppliers!J24 | F15: =Suppliers!K24 | G15: =Suppliers!L24 | H15: =Suppliers!M24 | I15: =Suppliers!N24 | J15: =Suppliers!O24 | K15: =Suppliers!P24 | ... R15: =Suppliers!W24
A17: CV | B17: Parâmetros | C17: DesvPad(Média(RLT)) | D17: 1 | E17: 2 | F17: 3 | G17: 4 | H17: 5 | I17: 6 | J17: 7 | K17: 8 | L17: 9 | M17: 10 | N17: 11 | O17: 12 | P17: 13 | Q17: 14 | R17: 15
A18: 0.2 | B18: Prob(D*RLT) | C18: 1 | D18: =D13*0.2 | E18: =E13*0.2 | F18: =F13*0.2 | G18: =G13*0.2 | H18: =H13*0.2 | I18: =I13*0.2 | J18: =J13*0.2 | K18: =K13*0.2 | ... R18: =R13*0.2
B19: Prob(D*RLT) | C19: 2 | D19: =D14*0.2 | E19: =E14*0.2 | F19: =F14*0.2 | G19: =G14*0.2 | H19: =H14*0.2 | I19: =I14*0.2 | J19: =J14*0.2 | K19: =K14*0.2 | ... R19: =R14*0.2
B20: Prob(D*RLT) | C20: 3 | D20: =D15*0.2 | E20: =E15*0.2 | F20: =F15*0.2 | G20: =G15*0.2 | H20: =H15*0.2 | I20: =I15*0.2 | J20: =J15*0.2 | K20: =K15*0.2 | ... R20: =R15*0.2
C23: z | D23: 2.06
C25: DesvPad | D25: 1 | E25: 2 | F25: 3 | G25: 4 | H25: 5 | I25: 6 | J25: 7 | K25: 8 | L25: 9 | M25: 10 | N25: 11 | O25: 12 | P25: 13 | Q25: 14 | R25: 15
C26: 1 | D26: =(D13*(D8^2)+(D3^2)*(D18^2))^0.5 | E26: =(E13*(E8^2)+(E3^2)*(E18^2))^0.5 | F26: =(F13*(F8^2)+(F3^2)*(F18^2))^0.5 | G26: =(G13*(G8^2)+(G3^2)*(G18^2))^0.5 | H26: =(H13*(H8^2)+(H3^2)*(H18^2))^0.5 | I26: =(I13*(I8^2)+(I3^2)*(I18^2))^0.5 | J26: =(J13*(J8^2)+(J3^2)*(J18^2))^0.5 | K26: =(K13*(K8^2)+(K3^2)*(K18^2))^0.5 | ... R26: =(R13*(R8^2)+(R3^2)*(R18^2))^0.5
C27: 2 | D27: =(D14*(D9^2)+(D4^2)*(D19^2))^0.5 | E27: =(E14*(E9^2)+(E4^2)*(E19^2))^0.5 | F27: =(F14*(F9^2)+(F4^2)*(F19^2))^0.5 | G27: =(G14*(G9^2)+(G4^2)*(G19^2))^0.5 | H27: =(H14*(H9^2)+(H4^2)*(H19^2))^0.5 | I27: =(I14*(I9^2)+(I4^2)*(I19^2))^0.5 | J27: =(J14*(J9^2)+(J4^2)*(J19^2))^0.5 | K27: =(K14*(K9^2)+(K4^2)*(K19^2))^0.5 | ... R27: =(R14*(R9^2)+(R4^2)*(R19^2))^0.5
C28: 3 | D28: =(D15*(D10^2)+(D5^2)*(D20^2))^0.5 | E28: =(E15*(E10^2)+(E5^2)*(E20^2))^0.5 | F28: =(F15*(F10^2)+(F5^2)*(F20^2))^0.5 | G28: =(G15*(G10^2)+(G5^2)*(G20^2))^0.5 | H28: =(H15*(H10^2)+(H5^2)*(H20^2))^0.5 | I28: =(I15*(I10^2)+(I5^2)*(I20^2))^0.5 | J28: =(J15*(J10^2)+(J5^2)*(J20^2))^0.5 | K28: =(K15*(K10^2)+(K5^2)*(K20^2))^0.5 | ... R28: =(R15*(R10^2)+(R5^2)*(R20^2))^0.5
C30: Média(Demand*RLT) | D30: 1 | E30: 2 | F30: 3 | G30: 4 | H30: 5 | I30: 6 | J30: 7 | K30: 8 | L30: 9 | M30: 10 | N30: 11 | O30: 12 | P30: 13 | Q30: 14 | R30: 15
C31: 1 | D31: =D3*D13 | E31: =E3*E13 | F31: =F3*F13 | G31: =G3*G13 | H31: =H3*H13 | I31: =I3*I13 | J31: =J3*J13 | K31: =K3*K13 | ... R31: =R3*R13
C32: 2 | D32: =D4*D14 | E32: =E4*E14 | F32: =F4*F14 | G32: =G4*G14 | H32: =H4*H14 | I32: =I4*I14 | J32: =J4*J14 | K32: =K4*K14 | ... R32: =R4*R14
C33: 3 | D33: =D5*D15 | E33: =E5*E15 | F33: =F5*F15 | G33: =G5*G15 | H33: =H5*H15 | I33: =I5*I15 | J33: =J5*J15 | K33: =K5*K15 | ... R33: =R5*R15
B35: Parâmetro p/ c | C35: Reposição | D35: 1 | E35: 2 | F35: 3 | G35: 4 | H35: 5 | I35: 6 | J35: 7 | K35: 8 | L35: 9 | M35: 10 | N35: 11 | O35: 12 | P35: 13 | Q35: 14 | R35: 15
B36: Prob(D*RLT) | C36: 1 | D36: =D31+$D$23*D26 | E36: =E31+$D$23*E26 | F36: =F31+$D$23*F26 | G36: =G31+$D$23*G26 | H36: =H31+$D$23*H26 | I36: =I31+$D$23*I26 | J36: =J31+$D$23*J26 | K36: =K31+$D$23*K26 | ... R36: =R31+$D$23*R26
B37: Prob(D*RLT) | C37: 2 | D37: =D32+$D$23*D27 | E37: =E32+$D$23*E27 | F37: =F32+$D$23*F27 | G37: =G32+$D$23*G27 | H37: =H32+$D$23*H27 | I37: =I32+$D$23*I27 | J37: =J32+$D$23*J27 | K37: =K32+$D$23*K27 | ... R37: =R32+$D$23*R27
B38: Prob(D*RLT) | C38: 3 | D38: =D33+$D$23*D28 | E38: =E33+$D$23*E28 | F38: =F33+$D$23*F28 | G38: =G33+$D$23*G28 | H38: =H33+$D$23*H28 | I38: =I33+$D$23*I28 | J38: =J33+$D$23*J28 | K38: =K33+$D$23*K28 | ... R38: =R33+$D$23*R28
C40: Factories
B41: Parâmetros p/ | C41: demand | D41: 16 | E41: 17 | F41: 18
B42: Prob(D*RLT) | C42: 4 | D42: =Demand!AU11 | E42: =Demand!AV11 | F42: =Demand!AW11
B43: Prob(D*RLT) | C43: 5 | D43: =Demand!AU12 | E43: =Demand!AV12 | F43: =Demand!AW12
B44: Prob(D*RLT) | C44: 6 | D44: =Demand!AU13 | E44: =Demand!AV13 | F44: =Demand!AW13
B46: Parâmetros | C46: DesvPad(demand) | D46: 16 | E46: 17 | F46: 18
B47: Prob(D*RLT) | C47: 4 | D47: =D42*0.2 | E47: =E42*0.2 | F47: =F42*0.2
B48: Prob(D*RLT) | C48: 5 | D48: =D43*0.2 | E48: =E43*0.2 | F48: =F43*0.2
B49: Prob(D*RLT) | C49: 6 | D49: =D44*0.2 | E49: =E44*0.2 | F49: =F44*0.2
B51: Parâmetros | C51: Média(E(RLT)) | D51: 16 | E51: 17 | F51: 18
B52: Prob(D*RLT) | C52: 4 | D52: =Factories!I22 | E52: =Factories!J22 | F52: =Factories!K22
B53: Prob(D*RLT) | C53: 5 | D53: =Factories!I23 | E53: =Factories!J23 | F53: =Factories!K23
B54: Prob(D*RLT) | C54: 6 | D54: =Factories!I24 | E54: =Factories!J24 | F54: =Factories!K24
B56: Parâmetros | C56: DesvPad(Média(RLT)) | D56: 16 | E56: 17 | F56: 18
B57: Prob(D*RLT) | C57: 4 | D57: =D52*0.2 | E57: =E52*0.2 | F57: =F52*0.2
B58: Prob(D*RLT) | C58: 5 | D58: =D53*0.2 | E58: =E53*0.2 | F58: =F53*0.2
B59: Prob(D*RLT) | C59: 6 | D59: =D54*0.2 | E59: =E54*0.2 | F59: =F54*0.2
C62: z | D62: 2.06
C64: DesvPad | D64: 16 | E64: 17 | F64: 18
C65: 4 | D65: =(D52*(D47^2)+(D42^2)*(D57^2))^0.5 | E65: =(E52*(E47^2)+(E42^2)*(E57^2))^0.5 | F65: =(F52*(F47^2)+(F42^2)*(F57^2))^0.5
C66: 5 | D66: =(D53*(D48^2)+(D43^2)*(D58^2))^0.5 | E66: =(E53*(E48^2)+(E43^2)*(E58^2))^0.5 | F66: =(F53*(F48^2)+(F43^2)*(F58^2))^0.5
C67: 6 | D67: =(D54*(D49^2)+(D44^2)*(D59^2))^0.5 | E67: =(E54*(E49^2)+(E44^2)*(E59^2))^0.5 | F67: =(F54*(F49^2)+(F44^2)*(F59^2))^0.5
C69: Média(Demand*RLT) | D69: 16 | E69: 17 | F69: 18
C70: 4 | D70: =D42*D52 | E70: =E42*E52 | F70: =F42*F52
C71: 5 | D71: =D43*D53 | E71: =E43*E53 | F71: =F43*F53
C72: 6 | D72: =D44*D54 | E72: =E44*E54 | F72: =F44*F54
B74: Parâmetro p/ c | C74: Reposição | D74: 1 | E74: 2 | F74: 3
B75: Prob(D*RLT) | C75: 4 | D75: =D70+$D$62*D65 | E75: =E70+$D$62*E65 | F75: =F70+$D$62*F65
B76: Prob(D*RLT) | C76: 5 | D76: =D71+$D$62*D66 | E76: =E71+$D$62*E66 | F76: =F71+$D$62*F66
B77: Prob(D*RLT) | C77: 6 | D77: =D72+$D$62*D67 | E77: =E72+$D$62*E67 | F77: =F72+$D$62*F67

Sheet Factories_WIP
C2: Wipf | D2: 1 | E2: 2 | F2: 3
C3: 1 | D3: =Factories!I22 | E3: =Factories!J22 | F3: =Factories!K22
C4: 2 | D4: =Factories!I23 | E4: =Factories!J23 | F4: =Factories!K23
C5: 3 | D5: =Factories!I24 | E5: =Factories!J24 | F5: =Factories!K24
C7: Wipf | D7: 1 | E7: 2 | F7: 3
C8: 1 | D8: 4.889 | E8: 6.521 | F8: 4.091
C9: 2 | D9: 3.548 | E9: 6.734 | F9: 4.237
C10: 3 | D10: 4.35 | E10: 5.496 | F10: 4.967

Sheet Supp_Fourth_central_moment_5var
D3: 1 | E3: 2 | F3: 3 | G3: 4 | H3: 5 | I3: 6 | J3: 7 | K3: 8 | L3: 9 | M3: 10 | N3: 11 | O3: 12 | P3: 13 | Q3: 14 | R3: 15
B4: Var(d) | C4: 1 | D4: =TRUNC(((Demand!AU5*0.2)^2),4) | E4: =TRUNC(((Demand!AV5*0.2)^2),4) | F4: =TRUNC(((Demand!AW5*0.2)^2),4) | G4: =TRUNC(((Demand!AX5*0.2)^2),4) | H4: =TRUNC(((Demand!AY5*0.2)^2),4) | I4: =TRUNC(((Demand!AZ5*0.2)^2),4) | J4: =TRUNC(((Demand!BA5*0.2)^2),4) | K4: =TRUNC(((Demand!BB5*0.2)^2),4) | ... R4: =TRUNC(((Demand!BI5*0.2)^2),4)
C5: 2 | D5: =TRUNC(((Demand!AU6*0.2)^2),4) | E5: =TRUNC(((Demand!AV6*0.2)^2),4) | F5: =TRUNC(((Demand!AW6*0.2)^2),4) | G5: =TRUNC(((Demand!AX6*0.2)^2),4) | H5: =TRUNC(((Demand!AY6*0.2)^2),4) | I5: =TRUNC(((Demand!AZ6*0.2)^2),4) | J5: =TRUNC(((Demand!BA6*0.2)^2),4) | K5: =TRUNC(((Demand!BB6*0.2)^2),4) | ... R5: =TRUNC(((Demand!BI6*0.2)^2),4)
C6: 3 | D6: =TRUNC(((Demand!AU7*0.2)^2),4) | E6: =TRUNC(((Demand!AV7*0.2)^2),4) | F6: =TRUNC(((Demand!AW7*0.2)^2),4) | G6: =TRUNC(((Demand!AX7*0.2)^2),4) | H6: =TRUNC(((Demand!AY7*0.2)^2),4) | I6: =TRUNC(((Demand!AZ7*0.2)^2),4) | J6: =TRUNC(((Demand!BA7*0.2)^2),4) | K6: =TRUNC(((Demand!BB7*0.2)^2),4) | ... R6: =TRUNC(((Demand!BI7*0.2)^2),4)
D9: 1 | E9: 2 | F9: 3 | G9: 4 | H9: 5 | I9: 6 | J9: 7 | K9: 8 | L9: 9 | M9: 10 | N9: 11 | O9: 12 | P9: 13 | Q9: 14 | R9: 15
B10: Var(Cap) | C10: 1 | D10: =TRUNC(((Suppliers_Cap!D8*0.2)^2),4) | E10: =TRUNC(((Suppliers_Cap!E8*0.2)^2),4) | F10: =TRUNC(((Suppliers_Cap!F8*0.2)^2),4) | G10: =TRUNC(((Suppliers_Cap!G8*0.2)^2),4) | H10: =TRUNC(((Suppliers_Cap!H8*0.2)^2),4) | I10: =TRUNC(((Suppliers_Cap!I8*0.2)^2),4) | J10: =TRUNC(((Suppliers_Cap!J8*0.2)^2),4) | K10: =TRUNC(((Suppliers_Cap!K8*0.2)^2),4) | ... R10: =TRUNC(((Suppliers_Cap!R8*0.2)^2),4)
C11: 2 | D11: =TRUNC(((Suppliers_Cap!D9*0.2)^2),4) | E11: =TRUNC(((Suppliers_Cap!E9*0.2)^2),4) | F11: =TRUNC(((Suppliers_Cap!F9*0.2)^2),4) | G11: =TRUNC(((Suppliers_Cap!G9*0.2)^2),4) | H11: =TRUNC(((Suppliers_Cap!H9*0.2)^2),4) | I11: =TRUNC(((Suppliers_Cap!I9*0.2)^2),4) | J11: =TRUNC(((Suppliers_Cap!J9*0.2)^2),4) | K11: =TRUNC(((Suppliers_Cap!K9*0.2)^2),4) | ... R11: =TRUNC(((Suppliers_Cap!R9*0.2)^2),4)
C12: 3 | D12: =TRUNC(((Suppliers_Cap!D10*0.2)^2),4) | E12: =TRUNC(((Suppliers_Cap!E10*0.2)^2),4) | F12: =TRUNC(((Suppliers_Cap!F10*0.2)^2),4) | G12: =TRUNC(((Suppliers_Cap!G10*0.2)^2),4) | H12: =TRUNC(((Suppliers_Cap!H10*0.2)^2),4) | I12: =TRUNC(((Suppliers_Cap!I10*0.2)^2),4) | J12: =TRUNC(((Suppliers_Cap!J10*0.2)^2),4) | K12: =TRUNC(((Suppliers_Cap!K10*0.2)^2),4) | ... R12: =TRUNC(((Suppliers_Cap!R10*0.2)^2),4)
B14: n | C14: 7
B15: m | C15: 30
D17: 1 | E17: 2 | F17: 3 | G17: 4 | H17: 5 | I17: 6 | J17: 7 | K17: 8 | L17: 9 | M17: 10 | N17: 11 | O17: 12 | P17: 13 | Q17: 14 | R17: 15
B18: Var(Var(d)) | C18: 1 | D18: =TRUNC((1/$C$14)*(5*(D4^2)-((($C$14-3)/($C$14-1))*D4^2)),4) | E18: =TRUNC((1/$C$14)*(5*(E4^2)-((($C$14-3)/($C$14-1))*E4^2)),4) | F18: =TRUNC((1/$C$14)*(5*(F4^2)-((($C$14-3)/($C$14-1))*F4^2)),4) | G18: =TRUNC((1/$C$14)*(5*(G4^2)-((($C$14-3)/($C$14-1))*G4^2)),4) | H18: =TRUNC((1/$C$14)*(5*(H4^2)-((($C$14-3)/($C$14-1))*H4^2)),4) | I18: =TRUNC((1/$C$14)*(5*(I4^2)-((($C$14-3)/($C$14-1))*I4^2)),4) | J18: =TRUNC((1/$C$14)*(5*(J4^2)-((($C$14-3)/($C$14-1))*J4^2)),4) | K18: =TRUNC((1/$C$14)*(5*(K4^2)-((($C$14-3)/($C$14-1))*K4^2)),4) | ... R18: =TRUNC((1/$C$14)*(5*(R4^2)-((($C$14-3)/($C$14-1))*R4^2)),4)
C19: 2 | D19: =TRUNC((1/$C$14)*(5*(D5^2)-((($C$14-3)/($C$14-1))*D5^2)),4) | E19: =TRUNC((1/$C$14)*(5*(E5^2)-((($C$14-3)/($C$14-1))*E5^2)),4) | F19: =TRUNC((1/$C$14)*(5*(F5^2)-((($C$14-3)/($C$14-1))*F5^2)),4) | G19: =TRUNC((1/$C$14)*(5*(G5^2)-((($C$14-3)/($C$14-1))*G5^2)),4) | H19: =TRUNC((1/$C$14)*(5*(H5^2)-((($C$14-3)/($C$14-1))*H5^2)),4) | I19: =TRUNC((1/$C$14)*(5*(I5^2)-((($C$14-3)/($C$14-1))*I5^2)),4) | J19: =TRUNC((1/$C$14)*(5*(J5^2)-((($C$14-3)/($C$14-1))*J5^2)),4) | K19: =TRUNC((1/$C$14)*(5*(K5^2)-((($C$14-3)/($C$14-1))*K5^2)),4) | ... R19: =TRUNC((1/$C$14)*(5*(R5^2)-((($C$14-3)/($C$14-1))*R5^2)),4)
C20: 3 | D20: =TRUNC((1/$C$14)*(5*(D6^2)-((($C$14-3)/($C$14-1))*D6^2)),4) | E20: =TRUNC((1/$C$14)*(5*(E6^2)-((($C$14-3)/($C$14-1))*E6^2)),4) | F20: =TRUNC((1/$C$14)*(5*(F6^2)-((($C$14-3)/($C$14-1))*F6^2)),4) | G20: =TRUNC((1/$C$14)*(5*(G6^2)-((($C$14-3)/($C$14-1))*G6^2)),4) | H20: =TRUNC((1/$C$14)*(5*(H6^2)-((($C$14-3)/($C$14-1))*H6^2)),4) | I20: =TRUNC((1/$C$14)*(5*(I6^2)-((($C$14-3)/($C$14-1))*I6^2)),4) | J20: =TRUNC((1/$C$14)*(5*(J6^2)-((($C$14-3)/($C$14-1))*J6^2)),4) | K20: =TRUNC((1/$C$14)*(5*(K6^2)-((($C$14-3)/($C$14-1))*K6^2)),4) | ... R20: =TRUNC((1/$C$14)*(5*(R6^2)-((($C$14-3)/($C$14-1))*R6^2)),4)
D23: 1 | E23: 2 | F23: 3 | G23: 4 | H23: 5 | I23: 6 | J23: 7 | K23: 8 | L23: 9 | M23: 10 | N23: 11 | O23: 12 | P23: 13 | Q23: 14 | R23: 15
B24: Var(Var(Cap)) | C24: 1 | D24: =TRUNC((1/$C$14)*(5*(D10^2)-((($C$14-3)/($C$14-1))*D10^2)),4) | E24: =TRUNC((1/$C$14)*(5*(E10^2)-((($C$14-3)/($C$14-1))*E10^2)),4) | F24: =TRUNC((1/$C$14)*(5*(F10^2)-((($C$14-3)/($C$14-1))*F10^2)),4) | G24: =TRUNC((1/$C$14)*(5*(G10^2)-((($C$14-3)/($C$14-1))*G10^2)),4) | H24: =TRUNC((1/$C$14)*(5*(H10^2)-((($C$14-3)/($C$14-1))*H10^2)),4) | I24: =TRUNC((1/$C$14)*(5*(I10^2)-((($C$14-3)/($C$14-1))*I10^2)),4) | J24: =TRUNC((1/$C$14)*(5*(J10^2)-((($C$14-3)/($C$14-1))*J10^2)),4) | K24: =TRUNC((1/$C$14)*(5*(K10^2)-((($C$14-3)/($C$14-1))*K10^2)),4) | ... R24: =TRUNC((1/$C$14)*(5*(R10^2)-((($C$14-3)/($C$14-1))*R10^2)),4)
C25: 2 | D25: =TRUNC((1/$C$14)*(5*(D11^2)-((($C$14-3)/($C$14-1))*D11^2)),4) | E25: =TRUNC((1/$C$14)*(5*(E11^2)-((($C$14-3)/($C$14-1))*E11^2)),4) | F25: =TRUNC((1/$C$14)*(5*(F11^2)-((($C$14-3)/($C$14-1))*F11^2)),4) | G25: =TRUNC((1/$C$14)*(5*(G11^2)-((($C$14-3)/($C$14-1))*G11^2)),4) | H25: =TRUNC((1/$C$14)*(5*(H11^2)-((($C$14-3)/($C$14-1))*H11^2)),4) | I25: =TRUNC((1/$C$14)*(5*(I11^2)-((($C$14-3)/($C$14-1))*I11^2)),4) | J25: =TRUNC((1/$C$14)*(5*(J11^2)-((($C$14-3)/($C$14-1))*J11^2)),4) | K25: =TRUNC((1/$C$14)*(5*(K11^2)-((($C$14-3)/($C$14-1))*K11^2)),4) | ... R25: =TRUNC((1/$C$14)*(5*(R11^2)-((($C$14-3)/($C$14-1))*R11^2)),4)
C26: 3 | D26: =TRUNC((1/$C$14)*(5*(D12^2)-((($C$14-3)/($C$14-1))*D12^2)),4) | E26: =TRUNC((1/$C$14)*(5*(E12^2)-((($C$14-3)/($C$14-1))*E12^2)),4) | F26: =TRUNC((1/$C$14)*(5*(F12^2)-((($C$14-3)/($C$14-1))*F12^2)),4) | G26: =TRUNC((1/$C$14)*(5*(G12^2)-((($C$14-3)/($C$14-1))*G12^2)),4) | H26: =TRUNC((1/$C$14)*(5*(H12^2)-((($C$14-3)/($C$14-1))*H12^2)),4) | I26: =TRUNC((1/$C$14)*(5*(I12^2)-((($C$14-3)/($C$14-1))*I12^2)),4) | J26: =TRUNC((1/$C$14)*(5*(J12^2)-((($C$14-3)/($C$14-1))*J12^2)),4) | K26: =TRUNC((1/$C$14)*(5*(K12^2)-((($C$14-3)/($C$14-1))*K12^2)),4) | ... R26: =TRUNC((1/$C$14)*(5*(R12^2)-((($C$14-3)/($C$14-1))*R12^2)),4)
D28: 1 | E28: 2 | F28: 3 | G28: 4 | H28: 5 | I28: 6 | J28: 7 | K28: 8 | L28: 9 | M28: 10 | N28: 11 | O28: 12 | P28: 13 | Q28: 14 | R28: 15
B29: Var(soma das Var) | C29: 1 | D29: =TRUNC((D18+D24)*((1/$C$15)^2),4) | E29: =TRUNC((E18+E24)*((1/$C$15)^2),4) | F29: =TRUNC((F18+F24)*((1/$C$15)^2),4) | G29: =TRUNC((G18+G24)*((1/$C$15)^2),4) | H29: =TRUNC((H18+H24)*((1/$C$15)^2),4) | I29: =TRUNC((I18+I24)*((1/$C$15)^2),4) | J29: =TRUNC((J18+J24)*((1/$C$15)^2),4) | K29: =TRUNC((K18+K24)*((1/$C$15)^2),4) | ... R29: =TRUNC((R18+R24)*((1/$C$15)^2),4)
C30: 2 | D30: =TRUNC((D19+D25)*((1/$C$15)^2),4) | E30: =TRUNC((E19+E25)*((1/$C$15)^2),4) | F30: =TRUNC((F19+F25)*((1/$C$15)^2),4) | G30: =TRUNC((G19+G25)*((1/$C$15)^2),4) | H30: =TRUNC((H19+H25)*((1/$C$15)^2),4) | I30: =TRUNC((I19+I25)*((1/$C$15)^2),4) | J30: =TRUNC((J19+J25)*((1/$C$15)^2),4) | K30: =TRUNC((K19+K25)*((1/$C$15)^2),4) | ... R30: =TRUNC((R19+R25)*((1/$C$15)^2),4)
C31: 3 | D31: =TRUNC((D20+D26)*((1/$C$15)^2),4) | E31: =TRUNC((E20+E26)*((1/$C$15)^2),4) | F31: =TRUNC((F20+F26)*((1/$C$15)^2),4) | G31: =TRUNC((G20+G26)*((1/$C$15)^2),4) | H31: =TRUNC((H20+H26)*((1/$C$15)^2),4) | I31: =TRUNC((I20+I26)*((1/$C$15)^2),4) | J31: =TRUNC((J20+J26)*((1/$C$15)^2),4) | K31: =TRUNC((K20+K26)*((1/$C$15)^2),4) | ... R31: =TRUNC((R20+R26)*((1/$C$15)^2),4)
D34: 1 | E34: 2 | F34: 3 | G34: 4 | H34: 5 | I34: 6 | J34: 7 | K34: 8 | L34: 9 | M34: 10 | N34: 11 | O34: 12 | P34: 13 | Q34: 14 | R34: 15
C35: 1 | D35: =TRUNC(D29^0.5,4) | E35: =TRUNC(E29^0.5,4) | F35: =TRUNC(F29^0.5,4) | G35: =TRUNC(G29^0.5,4) | H35: =TRUNC(H29^0.5,4) | I35: =TRUNC(I29^0.5,4) | J35: =TRUNC(J29^0.5,4) | K35: =TRUNC(K29^0.5,4) | ... R35: =TRUNC(R29^0.5,4)
C36: 2 | D36: =TRUNC(D30^0.5,4) | E36: =TRUNC(E30^0.5,4) | F36: =TRUNC(F30^0.5,4) | G36: =TRUNC(G30^0.5,4) | H36: =TRUNC(H30^0.5,4) | I36: =TRUNC(I30^0.5,4) | J36: =TRUNC(J30^0.5,4) | K36: =TRUNC(K30^0.5,4) | ... R36: =TRUNC(R30^0.5,4)
C37: 3 | D37: =TRUNC(D31^0.5,4) | E37: =TRUNC(E31^0.5,4) | F37: =TRUNC(F31^0.5,4) | G37: =TRUNC(G31^0.5,4) | H37: =TRUNC(H31^0.5,4) | I37: =TRUNC(I31^0.5,4) | J37: =TRUNC(J31^0.5,4) | K37: =TRUNC(K31^0.5,4) | ... R37: =TRUNC(R31^0.5,4)
D40: 1 | E40: 2 | F40: 3 | G40: 4 | H40: 5 | I40: 6 | J40: 7 | K40: 8 | L40: 9 | M40: 10 | N40: 11 | O40: 12 | P40: 13 | Q40: 14 | R40: 15
B41: Desvpad(Var(soma das Var)) | C41: 1 | D41: 112.4037 | E41: 150.5519 | F41: 150.0761 | G41: 125.8954 | H41: 277.3852 | I41: 114.4701 | J41: 139.7176 | K41: 251.6818 | L41: 197.052 | M41: 181.9621 | N41: 277.4759 | O41: 84.7787 | P41: 123.9421 | Q41: 109.4126 | R41: 346.4116
C42: 2 | D42: 160.9752 | E42: 121.0452 | F42: 138.0701 | G42: 362.605 | H42: 217.2882 | I42: 239.086 | J42: 140.5445 | K42: 117.3 | L42: 178.8198 | M42: 112.6414 | N42: 177.7212 | O42: 205.8108 | P42: 135.1194 | Q42: 284.6164 | R42: 247.6234
C43: 3 | D43: 278.6301 | E43: 152.9252 | F43: 179.974 | G43: 331.4884 | H43: 161.8803 | I43: 286.2747 | J43: 169.9887 | K43: 215.3825 | L43: 182.4408 | M43: 125.2284 | N43: 158.1255 | O43: 153.0895 | P43: 233.367 | Q43: 206.1942 | R43: 206.0767

Sheet Fac_Fourth_central_moment_5var
D3: 1 | E3: 2 | F3: 3
B4: Var(d) | C4: 1 | D4: =TRUNC(((Demand!AU11*0.2)^2),2) | E4: =TRUNC(((Demand!AV11*0.2)^2),2) | F4: =TRUNC(((Demand!AW11*0.2)^2),2)
C5: 2 | D5: =TRUNC(((Demand!AU12*0.2)^2),2) | E5: =TRUNC(((Demand!AV12*0.2)^2),2) | F5: =TRUNC(((Demand!AW12*0.2)^2),2)
C6: 3 | D6: =TRUNC(((Demand!AU13*0.2)^2),2) | E6: =TRUNC(((Demand!AV13*0.2)^2),2) | F6: =TRUNC(((Demand!AW13*0.2)^2),2)
D9: 1 | E9: 2 | F9: 3
B10: Var(Cap) | C10: 1 | D10: =TRUNC(((Factories_Cap!D8*0.2)^2),2) | E10: =TRUNC(((Factories_Cap!E8*0.2)^2),2) | F10: =TRUNC(((Factories_Cap!F8*0.2)^2),2)
C11: 2 | D11: =TRUNC(((Factories_Cap!D9*0.2)^2),2) | E11: =TRUNC(((Factories_Cap!E9*0.2)^2),2) | F11: =TRUNC(((Factories_Cap!F9*0.2)^2),2)
C12: 3 | D12: =TRUNC(((Factories_Cap!D10*0.2)^2),2) | E12: =TRUNC(((Factories_Cap!E10*0.2)^2),2) | F12: =TRUNC(((Factories_Cap!F10*0.2)^2),2)
B14: n | C14: 7
B15: m | C15: 30
D17: 1 | E17: 2 | F17: 3
B18: Var(Var(d)) | C18: 1 | D18: =TRUNC((1/$C$14)*(5*(D4^2)-((($C$14-3)/($C$14-1))*D4^2)),2) | E18: =TRUNC((1/$C$14)*(5*(E4^2)-((($C$14-3)/($C$14-1))*E4^2)),2) | F18: =TRUNC((1/$C$14)*(5*(F4^2)-((($C$14-3)/($C$14-1))*F4^2)),2)
C19: 2 | D19: =TRUNC((1/$C$14)*(5*(D5^2)-((($C$14-3)/($C$14-1))*D5^2)),2) | E19: =TRUNC((1/$C$14)*(5*(E5^2)-((($C$14-3)/($C$14-1))*E5^2)),2) | F19: =TRUNC((1/$C$14)*(5*(F5^2)-((($C$14-3)/($C$14-1))*F5^2)),2)
C20: 3 | D20: =TRUNC((1/$C$14)*(5*(D6^2)-((($C$14-3)/($C$14-1))*D6^2)),2) | E20: =TRUNC((1/$C$14)*(5*(E6^2)-((($C$14-3)/($C$14-1))*E6^2)),2) | F20: =TRUNC((1/$C$14)*(5*(F6^2)-((($C$14-3)/($C$14-1))*F6^2)),2)
D23: 1 | E23: 2 | F23: 3
B24: Var(Var(Cap)) | C24: 1 | D24: =TRUNC((1/$C$14)*(5*(D10^2)-((($C$14-3)/($C$14-1))*D10^2)),2) | E24: =TRUNC((1/$C$14)*(5*(E10^2)-((($C$14-3)/($C$14-1))*E10^2)),2) | F24: =TRUNC((1/$C$14)*(5*(F10^2)-((($C$14-3)/($C$14-1))*F10^2)),2)
C25: 2 | D25: =TRUNC((1/$C$14)*(5*(D11^2)-((($C$14-3)/($C$14-1))*D11^2)),2) | E25: =TRUNC((1/$C$14)*(5*(E11^2)-((($C$14-3)/($C$14-1))*E11^2)),2) | F25: =TRUNC((1/$C$14)*(5*(F11^2)-((($C$14-3)/($C$14-1))*F11^2)),2)
C26: 3 | D26: =TRUNC((1/$C$14)*(5*(D12^2)-((($C$14-3)/($C$14-1))*D12^2)),2) | E26: =TRUNC((1/$C$14)*(5*(E12^2)-((($C$14-3)/($C$14-1))*E12^2)),2) | F26: =TRUNC((1/$C$14)*(5*(F12^2)-((($C$14-3)/($C$14-1))*F12^2)),2)
D28: 1 | E28: 2 | F28: 3
B29: Var(soma das Var) | C29: 1 | D29: =TRUNC((D18+D24)*((1/$C$15)^2),2) | E29: =TRUNC((E18+E24)*((1/$C$15)^2),2) | F29: =TRUNC((F18+F24)*((1/$C$15)^2),2)
C30: 2 | D30: =TRUNC((D19+D25)*((1/$C$15)^2),2) | E30: =TRUNC((E19+E25)*((1/$C$15)^2),2) | F30: =TRUNC((F19+F25)*((1/$C$15)^2),2)
C31: 3 | D31: =TRUNC((D20+D26)*((1/$C$15)^2),2) | E31: =TRUNC((E20+E26)*((1/$C$15)^2),2) | F31: =TRUNC((F20+F26)*((1/$C$15)^2),2)
D34: 1 | E34: 2 | F34: 3
C35: 1 | D35: =TRUNC(D29^0.5,2) | E35: =TRUNC(E29^0.5,2) | F35: =TRUNC(F29^0.5,2)
C36: 2 | D36: =TRUNC(D30^0.5,2) | E36: =TRUNC(E30^0.5,2) | F36: =TRUNC(F30^0.5,2)
C37: 3 | D37: =TRUNC(D31^0.5,2) | E37: =TRUNC(E31^0.5,2) | F37: =TRUNC(F31^0.5,2)
D40: 1 | E40: 2 | F40: 3
B41: Desvpad(Var(soma das Var)) | C41: 1 | D41: 4277.77 | E41: 3472.13 | F41: 4613.14
C42: 2 | D42: 2964.88 | E42: 2903.21 | F42: 6033.67
C43: 3 | D43: 3655.82 | E43: 2818.21 | F43: 5710.71

Sheet Results
C4: vSw | D4: 1 | E4: 2 | F4: 3 | G4: 4 | H4: 5 | I4: 6 | J4: 7 | K4: 8 | L4: 9 | M4: 10 | N4: 11 | O4: 12 | P4: 13 | Q4: 14 | R4: 15 | T4: Processamento atual
C5: 1 | D5: 0 | E5: 0 | F5: 0 | G5: 0 | H5: 0.36031306 | I5: 0.61848277 | J5: 0 | K5: 0 | L5: 0 | M5: 0 | N5: -56.04966 | O5: 0 | P5: 0 | Q5: 0.61301092 | R5: 0.68753182 | T5: 3189795.6
B6: MaxStockOutw | C6: 2 | D6: 0 | E6: 0 | F6: 0 | G6: 0 | H6: -36.154562 | I6: 0 | J6: -178.82909 | K6: 0 | L6: 0 | M6: 0 | N6: 0 | O6: 0.66606833 | P6: 0.098308882 | Q6: 0 | R6: 0
B7: =MaxStkOutw | C7: 3 | D7: 0.78899108 | E7: 0 | F7: 0 | G7: 0 | H7: 0 | I7: 0.76830148 | J7: 0.55724378 | K7: 0 | L7: 0 | M7: 0 | N7: 0.4485051 | O7: -103.17172 | P7: 0 | Q7: 0 | R7: 0
C9: vSf | D9: 16 | E9: 17 | F9: 18 | H9: Processamento atual
C10: 4 | D10: 0.2102503 | E10: 0.27443333 | F10: 0.17150194 | H10: 2135426.9
B11: MaxStockOutf | C11: 5 | D11: 0 | E11: 0.28070017 | F11: 0
B12: =MaxStkOutf | C12: 6 | D12: 8.3232882 | E12: 0.23867881 | F12: 9.0390984
C16: Sd | D16: 19 | E16: 20 | F16: 21
C17: 7 | D17: 0 | E17: 30.858508 | F17: 33.243508
B18: MaxStockOutd | C18: 8 | D18: 0 | E18: 29.193508 | F18: 4.2531253
B19: =MaxStkOutd
C20: Sr | D20: 22 | E20: 23 | F20: 24
C21: 9 | D21: 0 | E21: 0 | F21: 0
C22: 10 | D22: 88.906235 | E22: 91.990235 | F22: 1.8097652
C23: 11 | D23: 77.061235 | E23: 94.718235 | F23: 0
C24: 12 | D24: 78.244235 | E24: 81.456235 | F24: 78.675235
C25: 13 | D25: 0 | E25: 81.000235 | F25: 71.417235
C26: 14 | D26: 87.887235 | E26: 85.048235 | F26: 98.407235
C27: 15 | D27: 0 | E27: 71.301235 | F27: 0
C28: 16 | D28: 82.366235 | E28: 0 | F28: 0
C29: 17 | D29: 96.069235 | E29: 75.526235 | F29: 85.083235
C30: 18 | D30: 0 | E30: 85.508235 | F30: 81.738235
C31: 19 | D31: 61.443235 | E31: 93.442235 | F31: 94.468235
C32: 20 | D32: 75.650235 | E32: 62.140235 | F32: 108.86323
... C210: 198 | D210: 0 | E210: 0 | F210: 91.329235

Sheet Demand
D3: CÁLCULOS PARA A GERAÇÃO DOS DADOS DA DEMANDA | AU3: máximo | AV3: =MAX(SuppliersDem) | AX3: mínimo | AY3: =MIN(SuppliersDem)
A4: Mínimo | B4: Máximo | H4: 1 | I4: 2 | J4: 3 | K4: 4 | L4: 5 | M4: 6 | N4: 7 | O4: 8 | P4: 9 | Q4: 10 | R4: 11 | S4: 12 | T4: 13 | U4: 14 | V4: 15 | X4: Soma | AB4: 1 | AC4: 2 | AD4: 3 | AE4: 4 | AF4: 5 | AG4: 6 | AH4: 7 | AI4: 8 | AJ4: 9 | AK4: 10 | AL4: 11 | AM4: 12 | AN4: 13 | AO4: 14 | AP4: 15 | AU4: 1 | AV4: 2 | AW4: 3 | AX4: 4 | AY4: 5 | AZ4: 6 | BA4: 7 | BB4: 8 | BC4: 9 | BD4: 10 | BE4: 11 | BF4: 12 | BG4: 13 | BH4: 14 | BI4: 15
A5: =MIN(H5:V7) | B5: =MAX(H5:V7) | C5: prod/dia | D5: Avarege | E5: =(M24/3)/15 | F5: Dw | G5: 1 | H5: =TRUNC((_xlfn.NORM.INV((RAND()),$E$5,$E$6)),2) | I5: =TRUNC((_xlfn.NORM.INV((RAND()),$E$5,$E$6)),2) | J5: =TRUNC((_xlfn.NORM.INV((RAND()),$E$5,$E$6)),2) | K5: =TRUNC((_xlfn.NORM.INV((RAND()),$E$5,$E$6)),2) | L5: =TRUNC((_xlfn.NORM.INV((RAND()),$E$5,$E$6)),2) | M5: =TRUNC((_xlfn.NORM.INV((RAND()),$E$5,$E$6)),2) | N5: =TRUNC((_xlfn.NORM.INV((RAND()),$E$5,$E$6)),2) | O5: =TRUNC((_xlfn.NORM.INV((RAND()),$E$5,$E$6)),2) | ... V5: =TRUNC((_xlfn.NORM.INV((RAND()),$E$5,$E$6)),2) | X5: =SUM(H5:V7) | Z5: Dw | AA5: 1 | AB5: =IF(H5<0,0,H5) | AC5: =IF(I5<0,0,I5) | AD5: =IF(J5<0,0,J5) | AE5: =IF(K5<0,0,K5) | AF5: =IF(L5<0,0,L5) | AG5: =IF(M5<0,0,M5) | AH5: =IF(N5<0,0,N5) | AI5: =IF(O5<0,0,O5) | ... AP5: =IF(V5<0,0,V5) | AS5: Dw | AT5: 1 | AU5: 231.5 | AV5: 297.34 | AW5: 217.82 | AX5: 222.62 | AY5: 453.86 | AZ5: 315.98 | BA5: 216.18 | BB5: 463.97 | BC5: 404.65 | BD5: 334.69 | BE5: 440.61 | BF5: 225.39 | BG5: 314.98 | BH5: 305.23 | BI5: 541.84 | BK5: 361.01 | BL5: 440.66 | BM5: 451.17 | BN5: 402.32 | BO5: 281.5 | BP5: 339.37 | BQ5: 303.46 | BR5: 314.95 | BS5: 281.92 | BT5: 203.48 | BU5: 353.54 | BV5: 351.74 | BW5: 377.81 | BX5: 356.35 | BY5: 311.94
D6: Std Devition | E6: =E5*0.2 | G6: 2 | H6: =TRUNC((_xlfn.NORM.INV((RAND()),$E$5,$E$6)),2) | I6: =TRUNC((_xlfn.NORM.INV((RAND()),$E$5,$E$6)),2) | J6: =TRUNC((_xlfn.NORM.INV((RAND()),$E$5,$E$6)),2) | K6: =TRUNC((_xlfn.NORM.INV((RAND()),$E$5,$E$6)),2) | L6: =TRUNC((_xlfn.NORM.INV((RAND()),$E$5,$E$6)),2) | M6: =TRUNC((_xlfn.NORM.INV((RAND()),$E$5,$E$6)),2) | N6: =TRUNC((_xlfn.NORM.INV((RAND()),$E$5,$E$6)),2) | O6: =TRUNC((_xlfn.NORM.INV((RAND()),$E$5,$E$6)),2) | ... V6: =TRUNC((_xlfn.NORM.INV((RAND()),$E$5,$E$6)),2) | AA6: 2 | AB6: =IF(H6<0,0,H6) | AC6: =IF(I6<0,0,I6) | AD6: =IF(J6<0,0,J6) | AE6: =IF(K6<0,0,K6) | AF6: =IF(L6<0,0,L6) | AG6: =IF(M6<0,0,M6) | AH6: =IF(N6<0,0,N6) | AI6: =IF(O6<0,0,O6) | ... AP6: =IF(V6<0,0,V6) | AT6: 2 | AU6: 358.95 | AV6: 308.97 | AW6: 264.61 | AX6: 343.62 | AY6: 399.3 | AZ6: 433.24 | BA6: 310.82 | BB6: 234.15 | BC6: 302.73 | BD6: 304.23 | BE6: 278.95 | BF6: 403.93 | BG6: 327.87 | BH6: 462.67 | BI6: 445.18 | BK6: 385.45 | BL6: 425.64 | BM6: 333.38 | BN6: 353.53 | BO6: 376.65 | BP6: 369.96 | BQ6: 423.76 | BR6: 314.98 | BS6: 294.6 | BT6: 331.27 | BU6: 411.45 | BV6: 493.53 | BW6: 280.38 | BX6: 371.76 | BY6: 218.81
G7: 3 | H7: =TRUNC((_xlfn.NORM.INV((RAND()),$E$5,$E$6)),2) | I7: =TRUNC((_xlfn.NORM.INV((RAND()),$E$5,$E$6)),2) | J7: =TRUNC((_xlfn.NORM.INV((RAND()),$E$5,$E$6)),2) | K7: =TRUNC((_xlfn.NORM.INV((RAND()),$E$5,$E$6)),2) | L7: =TRUNC((_xlfn.NORM.INV((RAND()),$E$5,$E$6)),2) | M7: =TRUNC((_xlfn.NORM.INV((RAND()),$E$5,$E$6)),2) | N7: =TRUNC((_xlfn.NORM.INV((RAND()),$E$5,$E$6)),2) | O7: =TRUNC((_xlfn.NORM.INV((RAND()),$E$5,$E$6)),2) | ... V7: =TRUNC((_xlfn.NORM.INV((RAND()),$E$5,$E$6)),2) | AA7: 3 | AB7: =IF(H7<0,0,H7) | AC7: =IF(I7<0,0,I7) | AD7: =IF(J7<0,0,J7) | AE7: =IF(K7<0,0,K7) | AF7: =IF(L7<0,0,L7) | AG7: =IF(M7<0,0,M7) | AH7: =IF(N7<0,0,N7) | AI7: =IF(O7<0,0,O7) | ... AP7: =IF(V7<0,0,V7) | AT7: 3 | AU7: 492.88 | AV7: 260.36 | AW7: 232.33 | AX7: 514.32 | AY7: 271.63 | AZ7: 506.16 | BA7: 393.21 | BB7: 346.58 | BC7: 267.82 | BD7: 272.81 | BE7: 372.8 | BF7: 326.64 | BG7: 338.03 | BH7: 348.46 | BI7: 405.85 | BK7: 338.48 | BL7: 437.06 | BM7: 362.32 | BN7: 289.55 | BO7: 382.33 | BP7: 360.74 | BQ7: 472.64 | BR7: 368.89 | BS7: 340.48 | BT7: 262.16 | BU7: 294.05 | BV7: 342.07 | BW7: 326.48 | BX7: 287.92 | BY7: 496.34
AU9: máximo | AV9: =MAX(FactoriesDem) | AX9: mínimo | AY9: =MIN(FactoriesDem)
H10: 16 | I10: 17 | J10: 18 | L10: Soma | AB10: 16 | AC10: 17 | AD10: 18 | AU10: 16 | AV10: 17 | AW10: 18
A11: =MIN(H11:J15) | B11: =MAX(H11:J15) | C11: prod/dia | D11: Avarege | E11: =M24/9 | F11: df | G11: 4 | H11: =TRUNC((_xlfn.NORM.INV((RAND()),$E$11,$E$12)),2) | I11: =TRUNC((_xlfn.NORM.INV((RAND()),$E$11,$E$12)),2) | J11: =TRUNC((_xlfn.NORM.INV((RAND()),$E$11,$E$12)),2) | L11: =SUM(H11:J13) | Z11: df | AA11: 4 | AB11: =IF(H11<0,0,H11) | AC11: =IF(I11<0,0,I11) | AD11: =IF(J11<0,0,J11) | AS11: df | AT11: 4 | AU11: 1894.6 | AV11: 1607.87 | AW11: 1829.53
D12: Std Devition | E12: =E11*0.2 | G12: 5 | H12: =TRUNC((_xlfn.NORM.INV((RAND()),$E$11,$E$12)),2) | I12: =TRUNC((_xlfn.NORM.INV((RAND()),$E$11,$E$12)),2) | J12: =TRUNC((_xlfn.NORM.INV((RAND()),$E$11,$E$12)),2) | AA12: 5 | AB12: =IF(H12<0,0,H12) | AC12: =IF(I12<0,0,I12) | AD12: =IF(J12<0,0,J12) | AT12: 5 | AU12: 1303.06 | AV12: 1484.38 | AW12: 1783.87
G13: 6 | H13: =TRUNC((_xlfn.NORM.INV((RAND()),$E$11,$E$12)),2) | I13: =TRUNC((_xlfn.NORM.INV((RAND()),$E$11,$E$12)),2) | J13: =TRUNC((_xlfn.NORM.INV((RAND()),$E$11,$E$12)),2) | AA13: 6 | AB13: =IF(H13<0,0,H13) | AC13: =IF(I13<0,0,I13) | AD13: =IF(J13<0,0,J13) | AT13: 6 | AU13: 1377.91 | AV13: 1520.56 | AW13: 1301.6
AU17: máximo | AV17: =MAX(DistributorsDem) | AX17: mínimo | AY17: =MIN(DistributorsDem)
H18: 19 | I18: 20 | J18: 21 | L18: Soma | AB18: 19 | AC18: 20 | AD18: 21 | AU18: 19 | AV18: 20 | AW18: 21
A19: =MIN(H19:J20) | B19: =MAX(H19:J20) | C19: prod/dia | D19: Avarege | E19: =M24/6 | F19: dd | G19: 7 | H19: =TRUNC((_xlfn.NORM.INV((RAND()),$E$19,$E$20)),2) | I19: =TRUNC((_xlfn.NORM.INV((RAND()),$E$19,$E$20)),2) | J19: =TRUNC((_xlfn.NORM.INV((RAND()),$E$19,$E$20)),2) | L19: =SUM(H19:J20) | Z19: dd | AA19: 7 | AB19: =IF(H19<0,0,H19) | AC19: =IF(I19<0,0,I19) | AD19: =IF(J19<0,0,J19) | AS19: dd | AT19: 7 | AU19: 3023.48 | AV19: 2834 | AW19: 1344.56
D20: Std Devition | E20: =E19*0.2 | G20: 8 | H20: =TRUNC((_xlfn.NORM.INV((RAND()),$E$19,$E$20)),2) | I20: =TRUNC((_xlfn.NORM.INV((RAND()),$E$19,$E$20)),2) | J20: =TRUNC((_xlfn.NORM.INV((RAND()),$E$19,$E$20)),2) | AA20: 8 | AB20: =IF(H20<0,0,H20) | AC20: =IF(I20<0,0,I20) | AD20: =IF(J20<0,0,J20) | AT20: 8 | AU20: 2552.14 | AV20: 3550.35 | AW20: 2159.77
AU22: máximo | AV22: =MAX(RetailersDem) | AX22: mínimo | AY22: =MIN(RetailersDem)
H23: 22 | I23: 23 | J23: 24 | L23: Soma | AB23: 22 | AC23: 23 | AD23: 24 | AU23: 22 | AV23: 23 | AW23: 24
A24: =MIN(H24:J213) | B24: =MAX(H24:J213) | C24: prod/dia | D24: Avarege | E24: =(M24/570) | F24: dr | G24: 9 | H24: =TRUNC((_xlfn.NORM.INV((RAND()),$E$24,$E$25)),2) | I24: =TRUNC((_xlfn.NORM.INV((RAND()),$E$24,$E$25)),2) | J24: =TRUNC((_xlfn.NORM.INV((RAND()),$E$24,$E$25)),2) | L24: =SUM(H24:J213) | M24: =TRUNC(N24/365) | N24: 5500000 | Z24: dr | AA24: 9 | AB24: =IF(H24<0,0,H24) | AC24: =IF(I24<0,0,I24) | AD24: =IF(J24<0,0,J24) | AS24: dr | AT24: 9 | AU24: 29.02 | AV24: 33.29 | AW24: 22.61
D25: Std Devition | E25: =E24*0.2 | G25: 10 | H25: =TRUNC((_xlfn.NORM.INV((RAND()),$E$24,$E$25)),2) | I25: =TRUNC((_xlfn.NORM.INV((RAND()),$E$24,$E$25)),2) | J25: =TRUNC((_xlfn.NORM.INV((RAND()),$E$24,$E$25)),2) | AA25: 10 | AB25: =IF(H25<0,0,H25) | AC25: =IF(I25<0,0,I25) | AD25: =IF(J25<0,0,J25) | AT25: 10 | AU25: 24.59 | AV25: 22.04 | AW25: 30.58
G26: 11 | H26: =TRUNC((_xlfn.NORM.INV((RAND()),$E$24,$E$25)),2) | I26: =TRUNC((_xlfn.NORM.INV((RAND()),$E$24,$E$25)),2) | J26: =TRUNC((_xlfn.NORM.INV((RAND()),$E$24,$E$25)),2) | AA26: 11 | AB26: =IF(H26<0,0,H26) | AC26: =IF(I26<0,0,I26) | AD26: =IF(J26<0,0,J26) | AT26: 11 | AU26: 19.89 | AV26: 21.46 | AW26: 28.67
G27: 12 | H27: =TRUNC((_xlfn.NORM.INV((RAND()),$E$24,$E$25)),2) | I27: =TRUNC((_xlfn.NORM.INV((RAND()),$E$24,$E$25)),2) | J27: =TRUNC((_xlfn.NORM.INV((RAND()),$E$24,$E$25)),2) | AA27: 12 | AB27: =IF(H27<0,0,H27) | AC27: =IF(I27<0,0,I27) | AD27: =IF(J27<0,0,J27) | AT27: 12 | AU27: 30.66 | AV27: 29 | AW27: 33.54
G28: 13 | H28: =TRUNC((_xlfn.NORM.INV((RAND()),$E$24,$E$25)),2) | I28: =TRUNC((_xlfn.NORM.INV((RAND()),$E$24,$E$25)),2) | J28: =TRUNC((_xlfn.NORM.INV((RAND()),$E$24,$E$25)),2) | AA28: 13 | AB28: =IF(H28<0,0,H28) | AC28: =IF(I28<0,0,I28) | AD28: =IF(J28<0,0,J28) | AT28: 13 | AU28: 28.98 | AV28: 28.2 | AW28: 28.9
G29: 14 | H29: =TRUNC((_xlfn.NORM.INV((RAND()),$E$24,$E$25)),2) | I29: =TRUNC((_xlfn.NORM.INV((RAND()),$E$24,$E$25)),2) | J29: =TRUNC((_xlfn.NORM.INV((RAND()),$E$24,$E$25)),2) | AA29: 14 | AB29: =IF(H29<0,0,H29) | AC29: =IF(I29<0,0,I29) | AD29: =IF(J29<0,0,J29) | AT29: 14 | AU29: 28.47 | AV29: 28.79 | AW29: 17.89
G30: 15 | H30: =TRUNC((_xlfn.NORM.INV((RAND()),$E$24,$E$25)),2) | I30: =TRUNC((_xlfn.NORM.INV((RAND()),$E$24,$E$25)),2) | J30: =TRUNC((_xlfn.NORM.INV((RAND()),$E$24,$E$25)),2) | AA30: 15 | AB30: =IF(H30<0,0,H30) | AC30: =IF(I30<0,0,I30) | AD30: =IF(J30<0,0,J30) | AT30: 15 | AU30: 28.37 | AV30: 26.62 | AW30: 25.87
G31: 16 | H31: =TRUNC((_xlfn.NORM.INV((RAND()),$E$24,$E$25)),2) | I31: =TRUNC((_xlfn.NORM.INV((RAND()),$E$24,$E$25)),2) | J31: =TRUNC((_xlfn.NORM.INV((RAND()),$E$24,$E$25)),2) | AA31: 16 | AB31: =IF(H31<0,0,H31) | AC31: =IF(I31<0,0,I31) | AD31: =IF(J31<0,0,J31) | AT31: 16 | AU31: 18.59 | AV31: 26.92 | AW31: 39.39
G32: 17 | H32: =TRUNC((_xlfn.NORM.INV((RAND()),$E$24,$E$25)),2) | I32: =TRUNC((_xlfn.NORM.INV((RAND()),$E$24,$E$25)),2) | J32: =TRUNC((_xlfn.NORM.INV((RAND()),$E$24,$E$25)),2) | AA32: 17 | AB32: =IF(H32<0,0,H32) | AC32: =IF(I32<0,0,I32) | AD32: =IF(J32<0,0,J32) | AT32: 17 | AU32: 20.38 | AV32: 21.01 | AW32: 31.36
G33: 18 | H33: =TRUNC((_xlfn.NORM.INV((RAND()),$E$24,$E$25)),2) | I33: =TRUNC((_xlfn.NORM.INV((RAND()),$E$24,$E$25)),2) | J33: =TRUNC((_xlfn.NORM.INV((RAND()),$E$24,$E$25)),2) | AA33: 18 | AB33: =IF(H33<0,0,H33) | AC33: =IF(I33<0,0,I33) | AD33: =IF(J33<0,0,J33) | AT33: 18 | AU33: 24.96 | AV33: 25.72 | AW33: 10.03
G34: 19 | H34: =TRUNC((_xlfn.NORM.INV((RAND()),$E$24,$E$25)),2) | I34: =TRUNC((_xlfn.NORM.INV((RAND()),$E$24,$E$25)),2) | J34: =TRUNC((_xlfn.NORM.INV((RAND()),$E$24,$E$25)),2) | AA34: 19 | AB34: =IF(H34<0,0,H34) | AC34: =IF(I34<0,0,I34) | AD34: =IF(J34<0,0,J34) | AT34: 19 | AU34: 30.41 | AV34: 27.79 | AW34: 36.61
G35: 20 | H35: =TRUNC((_xlfn.NORM.INV((RAND()),$E$24,$E$25)),2) | I35: =TRUNC((_xlfn.NORM.INV((RAND()),$E$24,$E$25)),2) | J35: =TRUNC((_xlfn.NORM.INV((RAND()),$E$24,$E$25)),2) | AA35: 20 | AB35: =IF(H35<0,0,H35) | AC35: =IF(I35<0,0,I35) | AD35: =IF(J35<0,0,J35) | AT35: 20 | AU35: 24.68 | AV35: 13.47 | AW35: 25.93
G36: 21 | H36: =TRUNC((_xlfn.NORM.INV((RAND()),$E$24,$E$25)),2) | I36: =TRUNC((_xlfn.NORM.INV((RAND()),$E$24,$E$25)),2) | J36: =TRUNC((_xlfn.NORM.INV((RAND()),$E$24,$E$25)),2) | AA36: 21 | AB36: =IF(H36<0,0,H36) | AC36: =IF(I36<0,0,I36) | AD36: =IF(J36<0,0,J36) | AT36: 21 | AU36: 25.48 | AV36: 20.12 | AW36: 25.5
G37: 22 | H37: =TRUNC((_xlfn.NORM.INV((RAND()),$E$24,$E$25)),2) | I37: =TRUNC((_xlfn.NORM.INV((RAND()),$E$24,$E$25)),2) | J37: =TRUNC((_xlfn.NORM.INV((RAND()),$E$24,$E$25)),2) | AA37: 22 | AB37: =IF(H37<0,0,H37) | AC37: =IF(I37<0,0,I37) | AD37: =IF(J37<0,0,J37) | AT37: 22 | AU37: 35.44 | AV37: 19.51 | AW37: 34.99
... G213: 198 | H213: =TRUNC((_xlfn.NORM.INV((RAND()),$E$24,$E$25)),2) | I213: =TRUNC((_xlfn.NORM.INV((RAND()),$E$24,$E$25)),2) | J213: =TRUNC((_xlfn.NORM.INV((RAND()),$E$24,$E$25)),2) | AA213: 198 | AB213: =IF(H213<0,0,H213) | AC213: =IF(I213<0,0,I213) | AD213: =IF(J213<0,0,J213) | AT213: 198 | AU213: 28.89 | AV213: 31.66 | AW213: 24.67

Sheet Beginning_stock
H2: CÁLCULOS PARA A GERAÇÃO DOS DADOS DO ESTOQUE INICIAL | AS2: SUPPLIERS
AT3: máximo | AU3: =MAX(SuppliersBegStock) | AW3: mínimo | AX3: =MIN(SuppliersBegStock)
A4: Mínimo | B4: Máximo | H4: 1 | I4: 2 | J4: 3 | K4: 4 | L4: 5 | M4: 6 | N4: 7 | O4: 8 | P4: 9 | Q4: 10 | R4: 11 | S4: 12 | T4: 13 | U4: 14 | V4: 15 | X4: Soma | AA4: 1 | AB4: 2 | AC4: 3 | AD4: 4 | AE4: 5 | AF4: 6 | AG4: 7 | AH4: 8 | AI4: 9 | AJ4: 10 | AK4: 11 | AL4: 12 | AM4: 13 | AN4: 14 | AO4: 15 | AS4: Ei (p) | AT4: 1 | AU4: 2 | AV4: 3 | AW4: 4 | AX4: 5 | AY4: 6 | AZ4: 7 | BA4: 8 | BB4: 9 | BC4: 10 | BD4: 11 | BE4: 12 | BF4: 13 | BG4: 14 | BH4: 15
A5: =MIN(H5:V7) | B5: =MAX(H5:V7) | C5: prod | D5: Avarege | E5: =12.5*Suppliers_stock_balance!S200*Suppliers!E22 | G5: 1 | H5: =TRUNC((_xlfn.NORM.INV((RAND()),$E$5,$E$6)),2) | I5: =TRUNC((_xlfn.NORM.INV((RAND()),$E$5,$E$6)),2) | J5: =TRUNC((_xlfn.NORM.INV((RAND()),$E$5,$E$6)),2) | K5: =TRUNC((_xlfn.NORM.INV((RAND()),$E$5,$E$6)),2) | L5: =TRUNC((_xlfn.NORM.INV((RAND()),$E$5,$E$6)),2) | M5: =TRUNC((_xlfn.NORM.INV((RAND()),$E$5,$E$6)),2) | N5: =TRUNC((_xlfn.NORM.INV((RAND()),$E$5,$E$6)),2) | O5: =TRUNC((_xlfn.NORM.INV((RAND()),$E$5,$E$6)),2) | ... V5: =TRUNC((_xlfn.NORM.INV((RAND()),$E$5,$E$6)),2) | X5: =SUM(H5:V7) | Z5: 1 | AA5: =TRUNC(IF(H5<0,0,H5),0) | AB5: =TRUNC(IF(I5<0,0,I5),0) | AC5: =TRUNC(IF(J5<0,0,J5),0) | AD5: =TRUNC(IF(K5<0,0,K5),0) | AE5: =TRUNC(IF(L5<0,0,L5),0) | AF5: =TRUNC(IF(M5<0,0,M5),0) | AG5: =TRUNC(IF(N5<0,0,N5),0) | AH5: =TRUNC(IF(O5<0,0,O5),0) | ... AO5: =TRUNC(IF(V5<0,0,V5),0) | AR5: SupBegStock | AS5: 1 | AT5: 1202 | AU5: 868 | AV5: 1362 | AW5: 945 | AX5: 703 | AY5: 788 | AZ5: 881 | BA5: 2243 | BB5: 1711 | BC5: 1164 | BD5: 1164 | BE5: 922 | BF5: 1336 | BG5: 697 | BH5: 1565
D6: Std Devition | E6: =E5*0.33 | G6: 2 | H6: =TRUNC((_xlfn.NORM.INV((RAND()),$E$5,$E$6)),2) | I6: =TRUNC((_xlfn.NORM.INV((RAND()),$E$5,$E$6)),2) | J6: =TRUNC((_xlfn.NORM.INV((RAND()),$E$5,$E$6)),2) | K6: =TRUNC((_xlfn.NORM.INV((RAND()),$E$5,$E$6)),2) | L6: =TRUNC((_xlfn.NORM.INV((RAND()),$E$5,$E$6)),2) | M6: =TRUNC((_xlfn.NORM.INV((RAND()),$E$5,$E$6)),2) | N6: =TRUNC((_xlfn.NORM.INV((RAND()),$E$5,$E$6)),2) | O6: =TRUNC((_xlfn.NORM.INV((RAND()),$E$5,$E$6)),2) | ... V6: =TRUNC((_xlfn.NORM.INV((RAND()),$E$5,$E$6)),2) | Z6: 2 | AA6: =TRUNC(IF(H6<0,0,H6),0) | AB6: =TRUNC(IF(I6<0,0,I6),0) | AC6: =TRUNC(IF(J6<0,0,J6),0) | AD6: =TRUNC(IF(K6<0,0,K6),0) | AE6: =TRUNC(IF(L6<0,0,L6),0) | AF6: =TRUNC(IF(M6<0,0,M6),0) | AG6: =TRUNC(IF(N6<0,0,N6),0) | AH6: =TRUNC(IF(O6<0,0,O6),0) | ... AO6: =TRUNC(IF(V6<0,0,V6),0) | AS6: 2 | AT6: 1298 | AU6: 1064 | AV6: 932 | AW6: 894 | AX6: 1709 | AY6: 1509 | AZ6: 1176 | BA6: 1176 | BB6: 1182 | BC6: 1164 | BD6: 434 | BE6: 1040 | BF6: 1243 | BG6: 1319 | BH6: 1715
G7: 3 | H7: =TRUNC((_xlfn.NORM.INV((RAND()),$E$5,$E$6)),2) | I7: =TRUNC((_xlfn.NORM.INV((RAND()),$E$5,$E$6)),2) | J7: =TRUNC((_xlfn.NORM.INV((RAND()),$E$5,$E$6)),2) | K7: =TRUNC((_xlfn.NORM.INV((RAND()),$E$5,$E$6)),2) | L7: =TRUNC((_xlfn.NORM.INV((RAND()),$E$5,$E$6)),2) | M7: =TRUNC((_xlfn.NORM.INV((RAND()),$E$5,$E$6)),2) | N7: =TRUNC((_xlfn.NORM.INV((RAND()),$E$5,$E$6)),2) | O7: =TRUNC((_xlfn.NORM.INV((RAND()),$E$5,$E$6)),2) | ... V7: =TRUNC((_xlfn.NORM.INV((RAND()),$E$5,$E$6)),2) | Z7: 3 | AA7: =TRUNC(IF(H7<0,0,H7),0) | AB7: =TRUNC(IF(I7<0,0,I7),0) | AC7: =TRUNC(IF(J7<0,0,J7),0) | AD7: =TRUNC(IF(K7<0,0,K7),0) | AE7: =TRUNC(IF(L7<0,0,L7),0) | AF7: =TRUNC(IF(M7<0,0,M7),0) | AG7: =TRUNC(IF(N7<0,0,N7),0) | AH7: =TRUNC(IF(O7<0,0,O7),0) | ... AO7: =TRUNC(IF(V7<0,0,V7),0) | AS7: 3 | AT7: 1476 | AU7: 795 | AV7: 836 | AW7: 1505 | AX7: 1423 | AY7: 1525 | AZ7: 1114 | BA7: 401 | BB7: 2463 | BC7: 700 | BD7: 620 | BE7: 1302 | BF7: 1635 | BG7: 1288 | BH7: 1398
AS12: FACTORIES
AT13: máximo | AU13: =MAX(FactoriesBegStock) | AW13: mínimo | AX13: =MIN(FactoriesBegStock)
H14: 16 | I14: 17 | J14: 18 | L14: Soma | AA14: 16 | AB14: 17 | AC14: 18 | AS14: Ei (p) | AT14: 16 | AU14: 17 | AV14: 18
A15: =MIN(H15:J19) | B15: =MAX(H15:J19) | C15: prod/dia | D15: Avarege | E15: =Demand!E12 | G15: 4 | H15: =TRUNC((_xlfn.NORM.INV((RAND()),$E$15,$E$16)),2) | I15: =TRUNC((_xlfn.NORM.INV((RAND()),$E$15,$E$16)),2) | J15: =TRUNC((_xlfn.NORM.INV((RAND()),$E$15,$E$16)),2) | L15: =SUM(H15:J17) | Z15: 4 | AA15: =TRUNC(IF(H15<0,0,H15),0) | AB15: =TRUNC(IF(I15<0,0,I15),0) | AC15: =TRUNC(IF(J15<0,0,J15),0) | AR15: FacBegStock | AS15: 4 | AT15: 332 | AU15: 413 | AV15: 301
D16: Std Devition | E16: =E15*0.2 | G16: 5 | H16: =TRUNC((_xlfn.NORM.INV((RAND()),$E$15,$E$16)),2) | I16: =TRUNC((_xlfn.NORM.INV((RAND()),$E$15,$E$16)),2) | J16: =TRUNC((_xlfn.NORM.INV((RAND()),$E$15,$E$16)),2) | Z16: 5 | AA16: =TRUNC(IF(H16<0,0,H16),0) | AB16: =TRUNC(IF(I16<0,0,I16),0) | AC16: =TRUNC(IF(J16<0,0,J16),0) | AS16: 5 | AT16: 387 | AU16: 243 | AV16: 344
G17: 6 | H17: =TRUNC((_xlfn.NORM.INV((RAND()),$E$15,$E$16)),2) | I17: =TRUNC((_xlfn.NORM.INV((RAND()),$E$15,$E$16)),2) | J17: =TRUNC((_xlfn.NORM.INV((RAND()),$E$15,$E$16)),2) | Z17: 6 | AA17: =TRUNC(IF(H17<0,0,H17),0) | AB17: =TRUNC(IF(I17<0,0,I17),0) | AC17: =TRUNC(IF(J17<0,0,J17),0) | AS17: 6 | AT17: 320 | AU17: 300 | AV17: 308
AS22: DISTRIBUTORS
AT23: máximo | AU23: =MAX(DistributorsBegStock) | AW23: mínimo | AX23: =MIN(DistributorsBegStock)
H24: 19 | I24: 20 | J24: 21 | AA24: 19 | AB24: 20 | AC24: 21 | AS24: Ei (p) | AT24: 19 | AU24: 20 | AV24: 21
A25: =MIN(H25:J26) | B25: =MAX(H25:J26) | C25: prod/dia | D25: Avarege | E25: =Demand!E20 | G25: 7 | H25: =TRUNC((_xlfn.NORM.INV((RAND()),$E$25,$E$26)),2) | I25: =TRUNC((_xlfn.NORM.INV((RAND()),$E$25,$E$26)),2) | J25: =TRUNC((_xlfn.NORM.INV((RAND()),$E$25,$E$26)),2) | L25: =SUM(H25:J26) | Z25: 7 | AA25: =TRUNC(IF(H25<0,0,H25),0) | AB25: =TRUNC(IF(I25<0,0,I25),0) | AC25: =TRUNC(IF(J25<0,0,J25),0) | AR25: DistBegStock | AS25: 7 | AT25: 316 | AU25: 472 | AV25: 641
D26: Std Devition | E26: =E25*0.2 | G26: 8 | H26: =TRUNC((_xlfn.NORM.INV((RAND()),$E$25,$E$26)),2) | I26: =TRUNC((_xlfn.NORM.INV((RAND()),$E$25,$E$26)),2) | J26: =TRUNC((_xlfn.NORM.INV((RAND()),$E$25,$E$26)),2) | Z26: 8 | AA26: =TRUNC(IF(H26<0,0,H26),0) | AB26: =TRUNC(IF(I26<0,0,I26),0) | AC26: =TRUNC(IF(J26<0,0,J26),0) | AS26: 8 | AT26: 448 | AU26: 762 | AV26: 307
AS32: RETAILERS
AT33: máximo | AU33: =MAX(RetailersBegStock) | AW33: mínimo | AX33: =MIN(RetailersBegStock)
H34: 22 | I34: 23 | J34: 24 | AA34: 22 | AB34: 23 | AC34: 24 | AS34: Ei (p) | AT34: 22 | AU34: 23 | AV34: 24
A35: =MIN(H35:J224) | B35: =MAX(H35:J224) | C35: prod/dia | D35: Avarege | E35: =Demand!E25 | F35: SigmarDem | G35: 9 | H35: =TRUNC((_xlfn.NORM.INV((RAND()),$E$35,$E$36)),2) | I35: =TRUNC((_xlfn.NORM.INV((RAND()),$E$35,$E$36)),2) | J35: =TRUNC((_xlfn.NORM.INV((RAND()),$E$35,$E$36)),2) | L35: =SUM(H35:J224) | Z35: 9 | AA35: =TRUNC(IF(H35<0,0,H35),0) | AB35: =TRUNC(IF(I35<0,0,I35),0) | AC35: =TRUNC(IF(J35<0,0,J35),0) | AR35: RetBegStock | AS35: 9 | AT35: 4 | AU35: 5 | AV35: 3
D36: Std Devition | E36: =E35*0.25 | G36: 10 | H36: =TRUNC((_xlfn.NORM.INV((RAND()),$E$35,$E$36)),2) | I36: =TRUNC((_xlfn.NORM.INV((RAND()),$E$35,$E$36)),2) | J36: =TRUNC((_xlfn.NORM.INV((RAND()),$E$35,$E$36)),2) | Z36: 10 | AA36: =TRUNC(IF(H36<0,0,H36),0) | AB36: =TRUNC(IF(I36<0,0,I36),0) | AC36: =TRUNC(IF(J36<0,0,J36),0) | AS36: 10 | AT36: 4 | AU36: 5 | AV36: 7
G37: 11 | H37: =TRUNC((_xlfn.NORM.INV((RAND()),$E$35,$E$36)),2) | I37: =TRUNC((_xlfn.NORM.INV((RAND()),$E$35,$E$36)),2) | J37: =TRUNC((_xlfn.NORM.INV((RAND()),$E$35,$E$36)),2) | Z37: 11 | AA37: =TRUNC(IF(H37<0,0,H37),0) | AB37: =TRUNC(IF(I37<0,0,I37),0) | AC37: =TRUNC(IF(J37<0,0,J37),0) | AS37: 11 | AT37: 4 | AU37: 5 | AV37: 4
G38: 12 | H38: =TRUNC((_xlfn.NORM.INV((RAND()),$E$35,$E$36)),2) | I38: =TRUNC((_xlfn.NORM.INV((RAND()),$E$35,$E$36)),2) | J38: =TRUNC((_xlfn.NORM.INV((RAND()),$E$35,$E$36)),2) | Z38: 12 | AA38: =TRUNC(IF(H38<0,0,H38),0) | AB38: =TRUNC(IF(I38<0,0,I38),0) | AC38: =TRUNC(IF(J38<0,0,J38),0) | AS38: 12 | AT38: 4 | AU38: 7 | AV38: 6
G39: 13 | H39: =TRUNC((_xlfn.NORM.INV((RAND()),$E$35,$E$36)),2) | I39: =TRUNC((_xlfn.NORM.INV((RAND()),$E$35,$E$36)),2) | J39: =TRUNC((_xlfn.NORM.INV((RAND()),$E$35,$E$36)),2) | Z39: 13 | AA39: =TRUNC(IF(H39<0,0,H39),0) | AB39: =TRUNC(IF(I39<0,0,I39),0) | AC39: =TRUNC(IF(J39<0,0,J39),0) | AS39: 13 | AT39: 3 | AU39: 3 | AV39: 5
G40: 14 | H40: =TRUNC((_xlfn.NORM.INV((RAND()),$E$35,$E$36)),2) | I40: =TRUNC((_xlfn.NORM.INV((RAND()),$E$35,$E$36)),2) | J40: =TRUNC((_xlfn.NORM.INV((RAND()),$E$35,$E$36)),2) | Z40: 14 | AA40: =TRUNC(IF(H40<0,0,H40),0) | AB40: =TRUNC(IF(I40<0,0,I40),0) | AC40: =TRUNC(IF(J40<0,0,J40),0) | AS40: 14 | AT40: 6 | AU40: 4 | AV40: 5
G41: 15 | H41: =TRUNC((_xlfn.NORM.INV((RAND()),$E$35,$E$36)),2) | I41: =TRUNC((_xlfn.NORM.INV((RAND()),$E$35,$E$36)),2) | J41: =TRUNC((_xlfn.NORM.INV((RAND()),$E$35,$E$36)),2) | Z41: 15 | AA41: =TRUNC(IF(H41<0,0,H41),0) | AB41: =TRUNC(IF(I41<0,0,I41),0) | AC41: =TRUNC(IF(J41<0,0,J41),0) | AS41: 15 | AT41: 6 | AU41: 5 | AV41: 3
G42: 16 | H42: =TRUNC((_xlfn.NORM.INV((RAND()),$E$35,$E$36)),2) | I42: =TRUNC((_xlfn.NORM.INV((RAND()),$E$35,$E$36)),2) | J42: =TRUNC((_xlfn.NORM.INV((RAND()),$E$35,$E$36)),2) | Z42: 16 | AA42: =TRUNC(IF(H42<0,0,H42),0) | AB42: =TRUNC(IF(I42<0,0,I42),0) | AC42: =TRUNC(IF(J42<0,0,J42),0) | AS42: 16 | AT42: 4 | AU42: 2 | AV42: 6
G43: 17 | H43: =TRUNC((_xlfn.NORM.INV((RAND()),$E$35,$E$36)),2) | I43: =TRUNC((_xlfn.NORM.INV((RAND()),$E$35,$E$36)),2) | J43: =TRUNC((_xlfn.NORM.INV((RAND()),$E$35,$E$36)),2) | Z43: 17 | AA43: =TRUNC(IF(H43<0,0,H43),0) | AB43: =TRUNC(IF(I43<0,0,I43),0) | AC43: =TRUNC(IF(J43<0,0,J43),0) | AS43: 17 | AT43: 4 | AU43: 4 | AV43: 5
G44: 18 | H44: =TRUNC((_xlfn.NORM.INV((RAND()),$E$35,$E$36)),2) | I44: =TRUNC((_xlfn.NORM.INV((RAND()),$E$35,$E$36)),2) | J44: =TRUNC((_xlfn.NORM.INV((RAND()),$E$35,$E$36)),2) | Z44: 18 | AA44: =TRUNC(IF(H44<0,0,H44),0) | AB44: =TRUNC(IF(I44<0,0,I44),0) | AC44: =TRUNC(IF(J44<0,0,J44),0) | AS44: 18 | AT44: 1 | AU44: 4 | AV44: 5
G45: 19 | H45: =TRUNC((_xlfn.NORM.INV((RAND()),$E$35,$E$36)),2) | I45: =TRUNC((_xlfn.NORM.INV((RAND()),$E$35,$E$36)),2) | J45: =TRUNC((_xlfn.NORM.INV((RAND()),$E$35,$E$36)),2) | Z45: 19 | AA45: =TRUNC(IF(H45<0,0,H45),0) | AB45: =TRUNC(IF(I45<0,0,I45),0) | AC45: =TRUNC(IF(J45<0,0,J45),0) | AS45: 19 | AT45: 5 | AU45: 2 | AV45: 4
G46: 20 | H46: =TRUNC((_xlfn.NORM.INV((RAND()),$E$35,$E$36)),2) | I46: =TRUNC((_xlfn.NORM.INV((RAND()),$E$35,$E$36)),2) | J46: =TRUNC((_xlfn.NORM.INV((RAND()),$E$35,$E$36)),2) | Z46: 20 | AA46: =TRUNC(IF(H46<0,0,H46),0) | AB46: =TRUNC(IF(I46<0,0,I46),0) | AC46: =TRUNC(IF(J46<0,0,J46),0) | AS46: 20 | AT46: 5 | AU46: 6 | AV46: 3
G47: 21 | H47: =TRUNC((_xlfn.NORM.INV((RAND()),$E$35,$E$36)),2) | I47: =TRUNC((_xlfn.NORM.INV((RAND()),$E$35,$E$36)),2) | J47: =TRUNC((_xlfn.NORM.INV((RAND()),$E$35,$E$36)),2) | Z47: 21 | AA47: =TRUNC(IF(H47<0,0,H47),0) | AB47: =TRUNC(IF(I47<0,0,I47),0) | AC47: =TRUNC(IF(J47<0,0,J47),0) | AS47: 21 | AT47: 3 | AU47: 3 | AV47: 3
G48: 22 | H48: =TRUNC((_xlfn.NORM.INV((RAND()),$E$35,$E$36)),2) | I48: =TRUNC((_xlfn.NORM.INV((RAND()),$E$35,$E$36)),2) | J48: =TRUNC((_xlfn.NORM.INV((RAND()),$E$35,$E$36)),2) | Z48: 22 | AA48: =TRUNC(IF(H48<0,0,H48),0) | AB48: =TRUNC(IF(I48<0,0,I48),0) | AC48: =TRUNC(IF(J48<0,0,J48),0) | AS48: 22 | AT48: 7 | AU48: 4 | AV48: 6
... G224: 198 | H224: =TRUNC((_xlfn.NORM.INV((RAND()),$E$35,$E$36)),2) | I224: =TRUNC((_xlfn.NORM.INV((RAND()),$E$35,$E$36)),2) | J224: =TRUNC((_xlfn.NORM.INV((RAND()),$E$35,$E$36)),2) | Z224: 198 | AA224: =TRUNC(IF(H224<0,0,H224),0) | AB224: =TRUNC(IF(I224<0,0,I224),0) | AC224: =TRUNC(IF(J224<0,0,J224),0) | AS224: 198 | AT224: 7 | AU224: 6 | AV224: 6

Sheet Suppliers_stock_balance
C3: ELTw | D3: 1 | E3: 2 | F3: 3 | G3: 4 | H3: 5 | I3: 6 | J3: 7 | K3: 8 | L3: 9 | M3: 10 | N3: 11 | O3: 12 | P3: 13 | Q3: 14 | R3: 15
C4: 1 | D4: =Suppliers!I22 | E4: =Suppliers!J22 | F4: =Suppliers!K22 | G4: =Suppliers!L22 | H4: =Suppliers!M22 | I4: =Suppliers!N22 | J4: =Suppliers!O22 | K4: =Suppliers!P22 | ... R4: =Suppliers!W22
C5: 2 | D5: =Suppliers!I23 | E5: =Suppliers!J23 | F5: =Suppliers!K23 | G5: =Suppliers!L23 | H5: =Suppliers!M23 | I5: =Suppliers!N23 | J5: =Suppliers!O23 | K5: =Suppliers!P23 | ... R5: =Suppliers!W23
C6: 3 | D6: =Suppliers!I24 | E6: =Suppliers!J24 | F6: =Suppliers!K24 | G6: =Suppliers!L24 | H6: =Suppliers!M24 | I6: =Suppliers!N24 | J6: =Suppliers!O24 | K6: =Suppliers!P24 | ... R6: =Suppliers!W24
AL8: COMPARAÇÃO
C9: S0+RLTw-vSw | D9: 1 | E9: 2 | F9: 3 | G9: 4 | H9: 5 | I9: 6 | J9: 7 | K9: 8 | L9: 9 | M9: 10 | N9: 11 | O9: 12 | P9: 13 | Q9: 14 | R9: 15 | T9: S0+RLTw-vSw | U9: 1 | V9: 2 | W9: 3 | X9: 4 | Y9: 5 | Z9: 6 | AA9: 7 | AB9: 8 | AC9: 9 | AD9: 10 | AE9: 11 | AF9: 12 | AG9: 13 | AH9: 14 | AI9: 15 | AL9: S0+RLTw-vSw | AM9: 1 | AN9: 2 | AO9: 3 | AP9: 4 | AQ9: 5 | AR9: 6 | AS9: 7 | AT9: 8 | AU9: 9 | AV9: 10 | AW9: 11 | AX9: 12 | AY9: 13 | AZ9: 14 | BA9: 15
C10: 1 | D10: =Suppliers_Cap!D33+D22-Results!D5 | E10: =Suppliers_Cap!E33+E22-Results!E5 | F10: =Suppliers_Cap!F33+F22-Results!F5 | G10: =Suppliers_Cap!G33+G22-Results!G5 | H10: =Suppliers_Cap!H33+H22-Results!H5 | I10: =Suppliers_Cap!I33+I22-Results!I5 | J10: =Suppliers_Cap!J33+J22-Results!J5 | K10: =Suppliers_Cap!K33+K22-Results!K5 | ... R10: =Suppliers_Cap!R33+R22-Results!R5 | T10: 1 | U10: 0 | V10: 0 | W10: 0 | X10: 0 | Y10: 14.526467 | Z10: 21.197941 | AA10: 0 | AB10: 12.708561 | AC10: 8.1445719 | AD10: 0 | AE10: -2.1348967e-10 | AF10: 0 | AG10: 7.5268395 | AH10: 20.702938 | AI10: 21.85592 | AL10: 1 | AM10: =D10-U10 | AN10: =E10-V10 | AO10: =F10-W10 | AP10: =G10-X10 | AQ10: =H10-Y10 | AR10: =I10-Z10 | AS10: =J10-AA10 | AT10: =K10-AB10 | ... BA10: =R10-AI10
C11: 2 | D11: =Suppliers_Cap!D34+D23-Results!D6 | E11: =Suppliers_Cap!E34+E23-Results!E6 | F11: =Suppliers_Cap!F34+F23-Results!F6 | G11: =Suppliers_Cap!G34+G23-Results!G6 | H11: =Suppliers_Cap!H34+H23-Results!H6 | I11: =Suppliers_Cap!I34+I23-Results!I6 | J11: =Suppliers_Cap!J34+J23-Results!J6 | K11: =Suppliers_Cap!K34+K23-Results!K6 | ... R11: =Suppliers_Cap!R34+R23-Results!R6 | T11: 2 | U11: 7.7483905 | V11: 15.71758 | W11: 0 | X11: 0 | Y11: -8.2488327e-10 | Z11: 11.365102 | AA11: -9.2214236e-10 | AB11: 0 | AC11: 0 | AD11: 9.8294544 | AE11: 0 | AF11: 17.341213 | AG11: 19.48 | AH11: 11.633676 | AI11: 7.2722489 | AL11: 2 | AM11: =D11-U11 | AN11: =E11-V11 | AO11: =F11-W11 | AP11: =G11-X11 | AQ11: =H11-Y11 | AR11: =I11-Z11 | AS11: =J11-AA11 | AT11: =K11-AB11 | ... BA11: =R11-AI11
C12: 3 | D12: =Suppliers_Cap!D35+D24-Results!D7 | E12: =Suppliers_Cap!E35+E24-Results!E7 | F12: =Suppliers_Cap!F35+F24-Results!F7 | G12: =Suppliers_Cap!G35+G24-Results!G7 | H12: =Suppliers_Cap!H35+H24-Results!H7 | I12: =Suppliers_Cap!I35+I24-Results!I7 | J12: =Suppliers_Cap!J35+J24-Results!J7 | K12: =Suppliers_Cap!K35+K24-Results!K7 | ... R12: =Suppliers_Cap!R35+R24-Results!R7 | T12: 3 | U12: 27.585916 | V12: 0 | W12: 0 | X12: 12.673212 | Y12: 0 | Z12: 27.560485 | AA12: 18.881066 | AB12: 0 | AC12: 0 | AD12: 0 | AE12: 15.97619 | AF12: -8.1023188e-10 | AG12: 0 | AH12: 0 | AI12: 7.7718251 | AL12: 3 | AM12: =D12-U12 | AN12: =E12-V12 | AO12: =F12-W12 | AP12: =G12-X12 | AQ12: =H12-Y12 | AR12: =I12-Z12 | AS12: =J12-AA12 | AT12: =K12-AB12 | ... BA12: =R12-AI12
C15: vSw | D15: 1 | E15: 2 | F15: 3 | G15: 4 | H15: 5 | I15: 6 | J15: 7 | K15: 8 | L15: 9 | M15: 10 | N15: 11 | O15: 12 | P15: 13 | Q15: 14 | R15: 15 | T15: vSw | U15: 1 | V15: 2 | W15: 3 | X15: 4 | Y15: 5 | Z15: 6 | AA15: 7 | AB15: 8 | AC15: 9 | AD15: 10 | AE15: 11 | AF15: 12 | AG15: 13 | AH15: 14 | AI15: 15 | AL15: vSw | AM15: 1 | AN15: 2 | AO15: 3 | AP15: 4 | AQ15: 5 | AR15: 6 | AS15: 7 | AT15: 8 | AU15: 9 | AV15: 10 | AW15: 11 | AX15: 12 | AY15: 13 | AZ15: 14 | BA15: 15
C16: 1 | D16: =Results!D5 | E16: =Results!E5 | F16: =Results!F5 | G16: =Results!G5 | H16: =Results!H5 | I16: =Results!I5 | J16: =Results!J5 | K16: =Results!K5 | ... R16: =Results!R5 | S16: =MAX(D16:R16) | T16: 1 | U16: 0 | V16: 0 | W16: 0 | X16: 0 | Y16: 0 | Z16: -3.5390222e-10 | AA16: 0 | AB16: 0 | AC16: 0 | AD16: 0 | AE16: -56.04966 | AF16: 0 | AG16: 0 | AH16: 3.9115623e-10 | AI16: 2.6076719e-10 | AL16: 1 | AM16: =D16-U16 | AN16: =E16-V16 | AO16: =F16-W16 | AP16: =G16-X16 | AQ16: =H16-Y16 | AR16: =I16-Z16 | AS16: =J16-AA16 | AT16: =K16-AB16 | ... BA16: =R16-AI16
C17: 2 | D17: =Results!D6 | E17: =Results!E6 | F17: =Results!F6 | G17: =Results!G6 | H17: =Results!H6 | I17: =Results!I6 | J17: =Results!J6 | K17: =Results!K6 | ... R17: =Results!R6 | S17: =MAX(D17:R17) | T17: 2 | U17: 0 | V17: 0 | W17: 0 | X17: 0 | Y17: -36.154562 | Z17: 0 | AA17: -178.82909 | AB17: 0 | AC17: 0 | AD17: 0 | AE17: 0 | AF17: 3.5390403e-10 | AG17: 9.999983e-05 | AH17: 0 | AI17: 0 | AL17: 2 | AM17: =D17-U17 | AN17: =E17-V17 | AO17: =F17-W17 | AP17: =G17-X17 | AQ17: =H17-Y17 | AR17: =I17-Z17 | AS17: =J17-AA17 | AT17: =K17-AB17 | ... BA17: =R17-AI17
C18: 3 | D18: =Results!D7 | E18: =Results!E7 | F18: =Results!F7 | G18: =Results!G7 | H18: =Results!H7 | I18: =Results!I7 | J18: =Results!J7 | K18: =Results!K7 | ... R18: =Results!R7 | S18: =MAX(D18:R18) | T18: 3 | U18: -3.7251056e-11 | V18: 0 | W18: 0 | X18: 0 | Y18: 0 | Z18: 2.2351941e-10 | AA18: -2.9802351e-10 | AB18: 0 | AC18: 0 | AD18: 0 | AE18: 7.4504669e-11 | AF18: -103.17172 | AG18: 0 | AH18: 0 | AI18: 0 | AL18: 3 | AM18: =D18-U18 | AN18: =E18-V18 | AO18: =F18-W18 | AP18: =G18-X18 | AQ18: =H18-Y18 | AR18: =I18-Z18 | AS18: =J18-AA18 | AT18: =K18-AB18 | ... BA18: =R18-AI18
C21: vRLTw (dias) | D21: 1 | E21: 2 | F21: 3 | G21: 4 | H21: 5 | I21: 6 | J21: 7 | K21: 8 | L21: 9 | M21: 10 | N21: 11 | O21: 12 | P21: 13 | Q21: 14 | R21: 15 | T21: vRLTw (dias) | U21: 1 | V21: 2 | W21: 3 | X21: 4 | Y21: 5 | Z21: 6 | AA21: 7 | AB21: 8 | AC21: 9 | AD21: 10 | AE21: 11 | AF21: 12 | AG21: 13 | AH21: 14 | AI21: 15 | AL21: vRLTw (dias) | AM21: 1 | AN21: 2 | AO21: 3 | AP21: 4 | AQ21: 5 | AR21: 6 | AS21: 7 | AT21: 8 | AU21: 9 | AV21: 10 | AW21: 11 | AX21: 12 | AY21: 13 | AZ21: 14 | BA21: 15
C22: 1 | D22: 0 | E22: 0 | F22: 0 | G22: 0 | H22: 15.413846 | I22: 14.928483 | J22: 0 | K22: 15.070821 | L22: 13.054604 | M22: 0 | N22: 0 | O22: 0 | P22: 15.20944 | Q22: 14.893011 | R22: 16.727532 | T22: 1 | U22: 0 | V22: 0 | W22: 0 | X22: 0 | Y22: 14.79 | Z22: 14.31 | AA22: 0 | AB22: 14.45 | AC22: 12.52 | AD22: 0 | AE22: 0 | AF22: 0 | AG22: 14.59 | AH22: 14.28 | AI22: 16.04 | AL22: 1 | AM22: =D22-U22 | AN22: =E22-V22 | AO22: =F22-W22 | AP22: =G22-X22 | AQ22: =H22-Y22 | AR22: =I22-Z22 | AS22: =J22-AA22 | AT22: =K22-AB22 | ... BA22: =R22-AI22
C23: 2 | D23: 13.666498 | E23: 18.387598 | F23: 0 | G23: 0 | H23: 0 | I23: 16.594319 | J23: 0 | K23: 0 | L23: 0 | M23: 13.67918 | N23: 0 | O23: 16.376068 | P23: 20.306405 | Q23: 18.69731 | R23: 14.052121 | T23: 2 | U23: 13.11 | V23: 17.64 | W23: 0 | X23: 0 | Y23: 0 | Z23: 15.92 | AA23: 0 | AB23: 0 | AC23: 0 | AD23: 13.12 | AE23: 0 | AF23: 15.71 | AG23: 20.208196 | AH23: 17.94 | AI23: 13.48 | AL23: 2 | AM23: =D23-U23 | AN23: =E23-V23 | AO23: =F23-W23 | AP23: =G23-X23 | AQ23: =H23-Y23 | AR23: =I23-Z23 | AS23: =J23-AA23 | AT23: =K23-AB23 | ... BA23: =R23-AI23
C24: 3 | D24: 19.048991 | E24: 0 | F24: 0 | G24: 14.562647 | H24: 0 | I24: 18.368301 | J24: 13.217244 | K24: 0 | L24: 0 | M24: 0 | N24: 10.798505 | O24: 0 | P24: 0 | Q24: 0 | R24: 13.311971 | T24: 3 | U24: 18.26 | V24: 0 | W24: 0 | X24: 13.97 | Y24: 0 | Z24: 17.6 | AA24: 12.66 | AB24: 0 | AC24: 0 | AD24: 0 | AE24: 10.35 | AF24: 0 | AG24: 0 | AH24: 0 | AI24: 12.77 | AL24: 3 | AM24: =D24-U24 | AN24: =E24-V24 | AO24: =F24-W24 | AP24: =G24-X24 | AQ24: =H24-Y24 | AR24: =I24-Z24 | AS24: =J24-AA24 | AT24: =K24-AB24 | ... BA24: =R24-AI24
C27: vCTw (dias) | D27: 1 | E27: 2 | F27: 3 | G27: 4 | H27: 5 | I27: 6 | J27: 7 | K27: 8 | L27: 9 | M27: 10 | N27: 11 | O27: 12 | P27: 13 | Q27: 14 | R27: 15 | T27: vCTw (dias) | U27: 1 | V27: 2 | W27: 3 | X27: 4 | Y27: 5 | Z27: 6 | AA27: 7 | AB27: 8 | AC27: 9 | AD27: 10 | AE27: 11 | AF27: 12 | AG27: 13 | AH27: 14 | AI27: 15 | AL27: vCTw (dias) | AM27: 1 | AN27: 2 | AO27: 3 | AP27: 4 | AQ27: 5 | AR27: 6 | AS27: 7 | AT27: 8 | AU27: 9 | AV27: 10 | AW27: 11 | AX27: 12 | AY27: 13 | AZ27: 14 | BA27: 15
C28: 1 | D28: 0 | E28: 0 | F28: 0 | G28: 0 | H28: 14.79 | I28: 21.197941 | J28: 0 | K28: 13.329382 | L28: 8.6791758 | M28: 0 | N28: 0 | O28: 0 | P28: 8.1462795 | Q28: 20.702938 | R28: 21.85592 | T28: 1 | U28: 0 | V28: 0 | W28: 0 | X28: 0 | Y28: 14.526467 | Z28: 21.197941 | AA28: 0 | AB28: 12.708561 | AC28: 8.1445719 | AD28: 0 | AE28: 0 | AF28: 0 | AG28: 7.5268395 | AH28: 20.702938 | AI28: 21.85592 | AL28: 1 | AM28: =D28-U28 | AN28: =E28-V28 | AO28: =F28-W28 | AP28: =G28-X28 | AQ28: =H28-Y28 | AR28: =I28-Z28 | AS28: =J28-AA28 | AT28: =K28-AB28 | ... BA28: =R28-AI28
C29: 2 | D29: 8.3048884 | E29: 16.465179 | F29: 0 | G29: 0 | H29: 0 | I29: 12.03942 | J29: 0 | K29: 0 | L29: 0 | M29: 10.388634 | N29: 0 | O29: 17.341213 | P29: 19.48 | Q29: 12.390986 | R29: 7.8443697 | T29: 2 | U29: 7.7483905 | V29: 15.71758 | W29: 0 | X29: 0 | Y29: 0 | Z29: 11.365102 | AA29: 0 | AB29: 0 | AC29: 0 | AD29: 9.8294544 | AE29: 0 | AF29: 17.341213 | AG29: 19.48 | AH29: 11.633676 | AI29: 7.2722489 | AL29: 2 | AM29: =D29-U29 | AN29: =E29-V29 | AO29: =F29-W29 | AP29: =G29-X29 | AQ29: =H29-Y29 | AR29: =I29-Z29 | AS29: =J29-AA29 | AT29: =K29-AB29 | ... BA29: =R29-AI29
C30: 3 | D30: 27.585916 | E30: 0 | F30: 0 | G30: 13.265858 | H30: 0 | I30: 27.560485 | J30: 18.881066 | K30: 0 | L30: 0 | M30: 0 | N30: 15.97619 | O30: 0 | P30: 0 | Q30: 0 | R30: 8.3137957 | T30: 3 | U30: 27.585916 | V30: 0 | W30: 0 | X30: 12.673212 | Y30: 0 | Z30: 27.560485 | AA30: 18.881066 | AB30: 0 | AC30: 0 | AD30: 0 | AE30: 15.97619 | AF30: 0 | AG30: 0 | AH30: 0 | AI30: 7.7718251 | AL30: 3 | AM30: =D30-U30 | AN30: =E30-V30 | AO30: =F30-W30 | AP30: =G30-X30 | AQ30: =H30-Y30 | AR30: =I30-Z30 | AS30: =J30-AA30 | AT30: =K30-AB30 | ... BA30: =R30-AI30
C33: bDeltaw | D33: 1 | E33: 2 | F33: 3 | G33: 4 | H33: 5 | I33: 6 | J33: 7 | K33: 8 | L33: 9 | M33: 10 | N33: 11 | O33: 12 | P33: 13 | Q33: 14 | R33: 15
C34: 1 | D34: 0 | E34: 0 | F34: 0 | G34: 0 | H34: 1 | I34: 1 | J34: 0 | K34: 1 | L34: 1 | M34: 0 | N34: 0 | O34: 0 | P34: 1 | Q34: 1 | R34: 1
C35: 2 | D35: 1 | E35: 1 | F35: 0 | G35: 0 | H35: 0 | I35: 1 | J35: 0 | K35: 0 | L35: 0 | M35: 1 | N35: 0 | O35: 1 | P35: 1 | Q35: 1 | R35: 1
C36: 3 | D36: 1 | E36: 0 | F36: 0 | G36: 1 | H36: 0 | I36: 1 | J36: 1 | K36: 0 | L36: 0 | M36: 0 | N36: 1 | O36: 0 | P36: 0 | Q36: 0 | R36: 1
C39: bZetaw | D39: 0 | E39: 0 | F39: 0 | G39: 0 | H39: 0 | I39: 0 | J39: 0 | K39: 1 | L39: 1 | M39: 0 | N39: 0 | O39: 0 | P39: 1 | Q39: 0 | R39: 0 | S39: =SUM(Suppliers_Zeta) | T39: 0 | U39: 0 | V39: 0 | W39: 0 | X39: 0 | Y39: 0 | Z39: 0 | AA39: 1 | AB39: 1 | AC39: 0 | AD39: 0 | AE39: 0 | AF39: 1 | AG39: 0 | AH39: 0 | AI39: =SUM(T39:AH41)
D40: 1 | E40: 0 | F40: 0 | G40: 0 | H40: 0 | I40: 1 | J40: 0 | K40: 0 | L40: 0 | M40: 1 | N40: 0 | O40: 0 | P40: 0 | Q40: 1 | R40: 1 | T40: 1 | U40: 0 | V40: 0 | W40: 0 | X40: 0 | Y40: 1 | Z40: 0 | AA40: 0 | AB40: 0 | AC40: 1 | AD40: 0 | AE40: 0 | AF40: 0 | AG40: 1 | AH40: 1
D41: 0 | E41: 0 | F41: 0 | G41: 0 | H41: 0 | I41: 0 | J41: 0 | K41: 0 | L41: 0 | M41: 0 | N41: 0 | O41: 0 | P41: 0 | Q41: 0 | R41: 1 | T41: 0 | U41: 0 | V41: 0 | W41: 0 | X41: 0 | Y41: 0 | Z41: 0 | AA41: 0 | AB41: 0 | AC41: 0 | AD41: 0 | AE41: 0 | AF41: 0 | AG41: 0 | AH41: 1
C44: bGammaw | D44: 1 | E44: 2 | F44: 3 | G44: 4 | H44: 5 | I44: 6 | J44: 7 | K44: 8 | L44: 9 | M44: 10 | N44: 11 | O44: 12 | P44: 13 | Q44: 14 | R44: 15
C45: 1 | D45: 0 | E45: 0 | F45: 0 | G45: 0 | H45: 0 | I45: 0 | J45: 0 | K45: 0 | L45: 0 | M45: 0 | N45: 1 | O45: 0 | P45: 0 | Q45: 0 | R45: 0 | S45: =SUM(Suppliers_Gamma) | T45: 0 | U45: 0 | V45: 0 | W45: 0 | X45: 0 | Y45: 0 | Z45: 0 | AA45: 0 | AB45: 0 | AC45: 0 | AD45: 1 | AE45: 0 | AF45: 0 | AG45: 0 | AH45: 0 | AI45: =SUM(T45:AH47)
C46: 2 | D46: 0 | E46: 0 | F46: 0 | G46: 0 | H46: 1 | I46: 0 | J46: 1 | K46: 0 | L46: 0 | M46: 0 | N46: 0 | O46: 0 | P46: 0 | Q46: 0 | R46: 0 | T46: 0 | U46: 0 | V46: 0 | W46: 0 | X46: 1 | Y46: 0 | Z46: 1 | AA46: 0 | AB46: 0 | AC46: 0 | AD46: 0 | AE46: 0 | AF46: 0 | AG46: 0 | AH46: 0
C47: 3 | D47: 0 | E47: 0 | F47: 0 | G47: 0 | H47: 0 | I47: 0 | J47: 0 | K47: 0 | L47: 0 | M47: 0 | N47: 0 | O47: 1 | P47: 0 | Q47: 0 | R47: 0 | T47: 0 | U47: 0 | V47: 0 | W47: 0 | X47: 0 | Y47: 0 | Z47: 0 | AA47: 0 | AB47: 0 | AC47: 0 | AD47: 0 | AE47: 1 | AF47: 0 | AG47: 0 | AH47: 0
C50: bRhow | D50: 1 | E50: 2 | F50: 3 | G50: 4 | H50: 5 | I50: 6 | J50: 7 | K50: 8 | L50: 9 | M50: 10 | N50: 11 | O50: 12 | P50: 13 | Q50: 14 | R50: 15
C51: 1 | D51: 0 | E51: 0 | F51: 0 | G51: 0 | H51: 0 | I51: 0 | J51: 0 | K51: 1 | L51: 1 | M51: 0 | N51: 0 | O51: 0 | P51: 1 | Q51: 0 | R51: 0
C52: 2 | D52: 1 | E52: 0 | F52: 0 | G52: 0 | H52: 0 | I52: 1 | J52: 0 | K52: 0 | L52: 0 | M52: 1 | N52: 0 | O52: 0 | P52: 0 | Q52: 1 | R52: 1
C53: 3 | D53: 0 | E53: 0 | F53: 0 | G53: 0 | H53: 0 | I53: 0 | J53: 0 | K53: 0 | L53: 0 | M53: 0 | N53: 0 | O53: 0 | P53: 0 | Q53: 0 | R53: 1
C56: bOmegaw | D56: 1 | E56: 2 | F56: 3 | G56: 4 | H56: 5 | I56: 6 | J56: 7 | K56: 8 | L56: 9 | M56: 10 | N56: 11 | O56: 12 | P56: 13 | Q56: 14 | R56: 15
C57: 1 | D57: 0 | E57: 0 | F57: 0 | G57: 0 | H57: 1 | I57: 1 | J57: 0 | K57: 0 | L57: 0 | M57: 0 | N57: 0 | O57: 0 | P57: 0 | Q57: 1 | R57: 1 | S57: Max
C58: 2 | D58: 0 | E58: 1 | F58: 0 | G58: 0 | H58: 0 | I58: 0 | J58: 0 | K58: 0 | L58: 0 | M58: 0 | N58: 0 | O58: 1 | P58: 1 | Q58: 0 | R58: 0 | S58: =MAX(T58:AH58) | T58: =IF(T63=1000000,0,D4-$S63) | U58: =IF(U63=1000000,0,E4-$S63) | V58: =IF(V63=1000000,0,F4-$S63) | W58: =IF(W63=1000000,0,G4-$S63) | X58: =IF(X63=1000000,0,H4-$S63) | Y58: =IF(Y63=1000000,0,I4-$S63) | Z58: =IF(Z63=1000000,0,J4-$S63) | AA58: =IF(AA63=1000000,0,K4-$S63) | ... AH58: =IF(AH63=1000000,0,R4-$S63)
C59: 3 | D59: 1 | E59: 0 | F59: 0 | G59: 1 | H59: 0 | I59: 1 | J59: 1 | K59: 0 | L59: 0 | M59: 0 | N59: 1 | O59: 0 | P59: 0 | Q59: 0 | R59: 0 | S59: =MAX(T59:AH59) | T59: =IF(T64=1000000,0,D5-$S64) | U59: =IF(U64=1000000,0,E5-$S64) | V59: =IF(V64=1000000,0,F5-$S64) | W59: =IF(W64=1000000,0,G5-$S64) | X59: =IF(X64=1000000,0,H5-$S64) | Y59: =IF(Y64=1000000,0,I5-$S64) | Z59: =IF(Z64=1000000,0,J5-$S64) | AA59: =IF(AA64=1000000,0,K5-$S64) | ... AH59: =IF(AH64=1000000,0,R5-$S64)
S60: =MAX(T60:AH60) | T60: =IF(T65=1000000,0,D6-$S65) | U60: =IF(U65=1000000,0,E6-$S65) | V60: =IF(V65=1000000,0,F6-$S65) | W60: =IF(W65=1000000,0,G6-$S65) | X60: =IF(X65=1000000,0,H6-$S65) | Y60: =IF(Y65=1000000,0,I6-$S65) | Z60: =IF(Z65=1000000,0,J6-$S65) | AA60: =IF(AA65=1000000,0,K6-$S65) | ... AH60: =IF(AH65=1000000,0,R6-$S65)
B62: Results | C62: RunOutTimew | D62: 1 | E62: 2 | F62: 3 | G62: 4 | H62: 5 | I62: 6 | J62: 7 | K62: 8 | L62: 9 | M62: 10 | N62: 11 | O62: 12 | P62: 13 | Q62: 14 | R62: 15 | S62: Min
C63: 1 | D63: -16.443228 | E63: -22.325103 | F63: -9.107322 | G63: -8.7516207 | H63: 15.053533 | I63: 7.422059 | J63: -6.4320654 | K63: 16.191439 | L63: 16.895428 | M63: -39.835729 | N63: 69.40966 | O63: -36.428289 | P63: 21.65316 | Q63: 7.8570623 | R63: 10.22408 | S63: =MIN(T63:AH63) | T63: =IF(D63<0,1000000,D63) | U63: =IF(E63<0,1000000,E63) | V63: =IF(F63<0,1000000,F63) | W63: =IF(G63<0,1000000,G63) | X63: =IF(H63<0,1000000,H63) | Y63: =IF(I63<0,1000000,I63) | Z63: =IF(J63<0,1000000,J63) | AA63: =IF(K63<0,1000000,K63) | ... AH63: =IF(R63<0,1000000,R63)
C64: 2 | D64: 18.47161 | E64: 19.56242 | F64: -13.464317 | G64: -3.94981 | H64: 47.884562 | I64: 20.474898 | J64: 190.90909 | K64: -15.073058 | L64: -15.475255 | M64: 16.410546 | N64: -3.9827475 | O64: 14.078787 | P64: 20.208096 | Q64: 24.246324 | R64: 19.687751 | S64: =MIN(T64:AH64) | T64: =IF(D64<0,1000000,D64) | U64: =IF(E64<0,1000000,E64) | V64: =IF(F64<0,1000000,F64) | W64: =IF(G64<0,1000000,G64) | X64: =IF(H64<0,1000000,H64) | Y64: =IF(I64<0,1000000,I64) | Z64: =IF(J64<0,1000000,J64) | AA64: =IF(K64<0,1000000,K64) | ... AH64: =IF(R64<0,1000000,R64)
C65: 3 | D65: 8.9340839 | E65: -8.0400485 | F65: -4.8828924 | G65: 15.266788 | H65: -14.744586 | I65: 7.6395151 | J65: 6.4389342 | K65: -6.5235074 | L65: -18.915598 | M65: -21.413276 | N65: 4.7238095 | O65: 117.19172 | P65: -16.540212 | Q65: -28.827216 | R65: 17.768175 | S65: =MIN(T65:AH65) | T65: =IF(D65<0,1000000,D65) | U65: =IF(E65<0,1000000,E65) | V65: =IF(F65<0,1000000,F65) | W65: =IF(G65<0,1000000,G65) | X65: =IF(H65<0,1000000,H65) | Y65: =IF(I65<0,1000000,I65) | Z65: =IF(J65<0,1000000,J65) | AA65: =IF(K65<0,1000000,K65) | ... AH65: =IF(R65<0,1000000,R65)
C68: 3*SigmaELTw+2*ELTw | D68: 1 | E68: 2 | F68: 3 | G68: 4 | H68: 5 | I68: 6 | J68: 7 | K68: 8 | L68: 9 | M68: 10 | N68: 11 | O68: 12 | P68: 13 | Q68: 14 | R68: 15
C69: 1 | D69: =3*Suppliers!I27+2*Suppliers_stock_balance!D4 | E69: =3*Suppliers!J27+2*Suppliers_stock_balance!E4 | F69: =3*Suppliers!K27+2*Suppliers_stock_balance!F4 | G69: =3*Suppliers!L27+2*Suppliers_stock_balance!G4 | H69: =3*Suppliers!M27+2*Suppliers_stock_balance!H4 | I69: =3*Suppliers!N27+2*Suppliers_stock_balance!I4 | J69: =3*Suppliers!O27+2*Suppliers_stock_balance!J4 | K69: =3*Suppliers!P27+2*Suppliers_stock_balance!K4 | ... R69: =3*Suppliers!W27+2*Suppliers_stock_balance!R4
C70: 2 | D70: =3*Suppliers!I28+2*Suppliers_stock_balance!D5 | E70: =3*Suppliers!J28+2*Suppliers_stock_balance!E5 | F70: =3*Suppliers!K28+2*Suppliers_stock_balance!F5 | G70: =3*Suppliers!L28+2*Suppliers_stock_balance!G5 | H70: =3*Suppliers!M28+2*Suppliers_stock_balance!H5 | I70: =3*Suppliers!N28+2*Suppliers_stock_balance!I5 | J70: =3*Suppliers!O28+2*Suppliers_stock_balance!J5 | K70: =3*Suppliers!P28+2*Suppliers_stock_balance!K5 | ... R70: =3*Suppliers!W28+2*Suppliers_stock_balance!R5
C71: 3 | D71: =3*Suppliers!I29+2*Suppliers_stock_balance!D6 | E71: =3*Suppliers!J29+2*Suppliers_stock_balance!E6 | F71: =3*Suppliers!K29+2*Suppliers_stock_balance!F6 | G71: =3*Suppliers!L29+2*Suppliers_stock_balance!G6 | H71: =3*Suppliers!M29+2*Suppliers_stock_balance!H6 | I71: =3*Suppliers!N29+2*Suppliers_stock_balance!I6 | J71: =3*Suppliers!O29+2*Suppliers_stock_balance!J6 | K71: =3*Suppliers!P29+2*Suppliers_stock_balance!K6 | ... R71: =3*Suppliers!W29+2*Suppliers_stock_balance!R6
C74: S0 | D74: 1 | E74: 2 | F74: 3 | G74: 4 | H74: 5 | I74: 6 | J74: 7 | K74: 8 | L74: 9 | M74: 10 | N74: 11 | O74: 12 | P74: 13 | Q74: 14 | R74: 15
C75: 1 | D75: =Suppliers_Cap!D33 | E75: =Suppliers_Cap!E33 | F75: =Suppliers_Cap!F33 | G75: =Suppliers_Cap!G33 | H75: =Suppliers_Cap!H33 | I75: =Suppliers_Cap!I33 | J75: =Suppliers_Cap!J33 | K75: =Suppliers_Cap!K33 | ... R75: =Suppliers_Cap!R33 | S75: =MAX(D75:R75)
C76: 2 | D76: =Suppliers_Cap!D34 | E76: =Suppliers_Cap!E34 | F76: =Suppliers_Cap!F34 | G76: =Suppliers_Cap!G34 | H76: =Suppliers_Cap!H34 | I76: =Suppliers_Cap!I34 | J76: =Suppliers_Cap!J34 | K76: =Suppliers_Cap!K34 | ... R76: =Suppliers_Cap!R34 | S76: =MAX(D76:R76)
C77: 3 | D77: =Suppliers_Cap!D35 | E77: =Suppliers_Cap!E35 | F77: =Suppliers_Cap!F35 | G77: =Suppliers_Cap!G35 | H77: =Suppliers_Cap!H35 | I77: =Suppliers_Cap!I35 | J77: =Suppliers_Cap!J35 | K77: =Suppliers_Cap!K35 | ... R77: =Suppliers_Cap!R35 | S77: =MAX(D77:R77)
B80: Min Rep | C80: 2*ELTw-RunOutTimew | D80: =IF(D63<0,"Inesgotável",(2*D4-D63)) | E80: =IF(E63<0,"Inesgotável",(2*E4-E63)) | F80: =IF(F63<0,"Inesgotável",(2*F4-F63)) | G80: =IF(G63<0,"Inesgotável",(2*G4-G63)) | H80: =IF(H63<0,"Inesgotável",(2*H4-H63)) | I80: =IF(I63<0,"Inesgotável",(2*I4-I63)) | J80: =IF(J63<0,"Inesgotável",(2*J4-J63)) | K80: =IF(K63<0,"Inesgotável",(2*K4-K63)) | ... R80: =IF(R63<0,"Inesgotável",(2*R4-R63))
D81: =IF(D64<0,"Inesgotável",(2*D5-D64)) | E81: =IF(E64<0,"Inesgotável",(2*E5-E64)) | F81: =IF(F64<0,"Inesgotável",(2*F5-F64)) | G81: =IF(G64<0,"Inesgotável",(2*G5-G64)) | H81: =IF(H64<0,"Inesgotável",(2*H5-H64)) | I81: =IF(I64<0,"Inesgotável",(2*I5-I64)) | J81: =IF(J64<0,"Inesgotável",(2*J5-J64)) | K81: =IF(K64<0,"Inesgotável",(2*K5-K64)) | ... R81: =IF(R64<0,"Inesgotável",(2*R5-R64))
D82: =IF(D65<0,"Inesgotável",(2*D6-D65)) | E82: =IF(E65<0,"Inesgotável",(2*E6-E65)) | F82: =IF(F65<0,"Inesgotável",(2*F6-F65)) | G82: =IF(G65<0,"Inesgotável",(2*G6-G65)) | H82: =IF(H65<0,"Inesgotável",(2*H6-H65)) | I82: =IF(I65<0,"Inesgotável",(2*I6-I65)) | J82: =IF(J65<0,"Inesgotável",(2*J6-J65)) | K82: =IF(K65<0,"Inesgotável",(2*K6-K65)) | ... R82: =IF(R65<0,"Inesgotável",(2*R6-R65))
C85: SigmaELTw | D85: 1 | E85: 2 | F85: 3 | G85: 4 | H85: 5 | I85: 6 | J85: 7 | K85: 8 | L85: 9 | M85: 10 | N85: 11 | O85: 12 | P85: 13 | Q85: 14 | R85: 15
C86: 1 | D86: =Suppliers!I27 | E86: =Suppliers!J27 | F86: =Suppliers!K27 | G86: =Suppliers!L27 | H86: =Suppliers!M27 | I86: =Suppliers!N27 | J86: =Suppliers!O27 | K86: =Suppliers!P27 | ... R86: =Suppliers!W27
C87: 2 | D87: =Suppliers!I28 | E87: =Suppliers!J28 | F87: =Suppliers!K28 | G87: =Suppliers!L28 | H87: =Suppliers!M28 | I87: =Suppliers!N28 | J87: =Suppliers!O28 | K87: =Suppliers!P28 | ... R87: =Suppliers!W28
C88: 3 | D88: =Suppliers!I29 | E88: =Suppliers!J29 | F88: =Suppliers!K29 | G88: =Suppliers!L29 | H88: =Suppliers!M29 | I88: =Suppliers!N29 | J88: =Suppliers!O29 | K88: =Suppliers!P29 | ... R88: =Suppliers!W29
C91: vZw | D91: 1 | E91: 2 | F91: 3 | G91: 4 | H91: 5 | I91: 6 | J91: 7 | K91: 8 | L91: 9 | M91: 10 | N91: 11 | O91: 12 | P91: 13 | Q91: 14 | R91: 15
C92: 1 | D92: 0 | E92: 0 | F92: 0 | G92: 0 | H92: 1.1552708 | I92: 1.1839257 | J92: 0 | K92: 1.1766887 | L92: 1.1695556 | M92: 0 | N92: 0 | O92: 0 | P92: 1.1628308 | Q92: 1.1759273 | R92: 1.1740639
C93: 2 | D93: 1.1627621 | E93: 1.1608672 | F93: 0 | G93: 0 | H93: 0 | I93: 1.1602179 | J93: 0 | K93: 0 | L93: 0 | M93: 1.16739 | N93: 0 | O93: 1.1614095 | P93: 1.161987 | Q93: 1.1561979 | R93: 1.1626108
C94: 3 | D94: 1.1834274 | E94: 0 | F94: 0 | G94: 1.1620523 | H94: 0 | I94: 1.1956139 | J94: 1.2056335 | K94: 0 | L94: 0 | M94: 0 | N94: 1.1871495 | O94: 0 | P94: 0 | Q94: 0 | R94: 1.1625281
C97: vZw*SigmaELTw | D97: 1 | E97: 2 | F97: 3 | G97: 4 | H97: 5 | I97: 6 | J97: 7 | K97: 8 | L97: 9 | M97: 10 | N97: 11 | O97: 12 | P97: 13 | Q97: 14 | R97: 15
C98: 1 | D98: =D92*D86 | E98: =E92*E86 | F98: =F92*F86 | G98: =G92*G86 | H98: =H92*H86 | I98: =I92*I86 | J98: =J92*J86 | K98: =K92*K86 | ... R98: =R92*R86
C99: 2 | D99: =D93*D87 | E99: =E93*E87 | F99: =F93*F87 | G99: =G93*G87 | H99: =H93*H87 | I99: =I93*I87 | J99: =J93*J87 | K99: =K93*K87 | ... R99: =R93*R87
C100: 3 | D100: =D94*D88 | E100: =E94*E88 | F100: =F94*F88 | G100: =G94*G88 | H100: =H94*H88 | I100: =I94*I88 | J100: =J94*J88 | K100: =K94*K88 | ... R100: =R94*R88
C103: RunOutTimew - ELTw | D103: 1 | E103: 2 | F103: 3 | G103: 4 | H103: 5 | I103: 6 | J103: 7 | K103: 8 | L103: 9 | M103: 10 | N103: 11 | O103: 12 | P103: 13 | Q103: 14 | R103: 15
C104: 1 | D104: =IF(D63<0,"inexhaustible",D63-D4) | E104: =IF(E63<0,"inexhaustible",E63-E4) | F104: =IF(F63<0,"inexhaustible",F63-F4) | G104: =IF(G63<0,"inexhaustible",G63-G4) | H104: =IF(H63<0,"inexhaustible",H63-H4) | I104: =IF(I63<0,"inexhaustible",I63-I4) | J104: =IF(J63<0,"inexhaustible",J63-J4) | K104: =IF(K63<0,"inexhaustible",K63-K4) | ... R104: =IF(R63<0,"inexhaustible",R63-R4)
C105: 2 | D105: =IF(D64<0,"inexhaustible",D64-D5) | E105: =IF(E64<0,"inexhaustible",E64-E5) | F105: =IF(F64<0,"inexhaustible",F64-F5) | G105: =IF(G64<0,"inexhaustible",G64-G5) | H105: =IF(H64<0,"inexhaustible",H64-H5) | I105: =IF(I64<0,"inexhaustible",I64-I5) | J105: =IF(J64<0,"inexhaustible",J64-J5) | K105: =IF(K64<0,"inexhaustible",K64-K5) | ... R105: =IF(R64<0,"inexhaustible",R64-R5)
C106: 3 | D106: =IF(D65<0,"inexhaustible",D65-D6) | E106: =IF(E65<0,"inexhaustible",E65-E6) | F106: =IF(F65<0,"inexhaustible",F65-F6) | G106: =IF(G65<0,"inexhaustible",G65-G6) | H106: =IF(H65<0,"inexhaustible",H65-H6) | I106: =IF(I65<0,"inexhaustible",I65-I6) | J106: =IF(J65<0,"inexhaustible",J65-J6) | K106: =IF(K65<0,"inexhaustible",K65-K6) | ... R106: =IF(R65<0,"inexhaustible",R65-R6)
C109: bOmega1w | D109: 1 | E109: 2 | F109: 3 | G109: 4 | H109: 5 | I109: 6 | J109: 7 | K109: 8 | L109: 9 | M109: 10 | N109: 11 | O109: 12 | P109: 13 | Q109: 14 | R109: 15
C110: 1 | D110: 0 | E110: 0 | F110: 0 | G110: 0 | H110: 1 | I110: 0 | J110: 0 | K110: 1 | L110: 1 | M110: 0 | N110: 0 | O110: 0 | P110: 1 | Q110: 0 | R110: 0
C111: 2 | D111: 1 | E111: 1 | F111: 0 | G111: 0 | H111: 0 | I111: 1 | J111: 0 | K111: 0 | L111: 0 | M111: 1 | N111: 0 | O111: 0 | P111: 1 | Q111: 1 | R111: 1
C112: 3 | D112: 0 | E112: 0 | F112: 0 | G112: 1 | H112: 0 | I112: 0 | J112: 0 | K112: 0 | L112: 0 | M112: 0 | N112: 0 | O112: 0 | P112: 0 | Q112: 0 | R112: 1
C115: bOmega2w | D115: 1 | E115: 2 | F115: 3 | G115: 4 | H115: 5 | I115: 6 | J115: 7 | K115: 8 | L115: 9 | M115: 10 | N115: 11 | O115: 12 | P115: 13 | Q115: 14 | R115: 15
C116: 1 | D116: 0 | E116: 0 | F116: 0 | G116: 0 | H116: 1 | I116: 0 | J116: 0 | K116: 0 | L116: 0 | M116: 0 | N116: 0 | O116: 0 | P116: 0 | Q116: 0 | R116: 0
C117: 2 | D117: 0 | E117: 1 | F117: 0 | G117: 0 | H117: 0 | I117: 0 | J117: 0 | K117: 0 | L117: 0 | M117: 0 | N117: 0 | O117: 0 | P117: 1 | Q117: 0 | R117: 0
C118: 3 | D118: 0 | E118: 0 | F118: 0 | G118: 1 | H118: 0 | I118: 0 | J118: 0 | K118: 0 | L118: 0 | M118: 0 | N118: 0 | O118: 0 | P118: 0 | Q118: 0 | R118: 0
C121: bOmega3w | D121: 1 | E121: 2 | F121: 3 | G121: 4 | H121: 5 | I121: 6 | J121: 7 | K121: 8 | L121: 9 | M121: 10 | N121: 11 | O121: 12 | P121: 13 | Q121: 14 | R121: 15
C122: 1 | D122: 0 | E122: 0 | F122: 0 | G122: 0 | H122: 0 | I122: 1 | J122: 0 | K122: 0 | L122: 0 | M122: 0 | N122: 0 | O122: 0 | P122: 0 | Q122: 1 | R122: 1 | S122: =SUM(Suppliers_Omega3) | T122: 0 | U122: 0 | V122: 0 | W122: 0 | X122: 0 | Y122: 1 | Z122: 0 | AA122: 0 | AB122: 0 | AC122: 0 | AD122: 0 | AE122: 0 | AF122: 0 | AG122: 1 | AH122: 1 | AI122: =SUM(T122:AH124)
C123: 2 | D123: 0 | E123: 0 | F123: 0 | G123: 0 | H123: 0 | I123: 0 | J123: 0 | K123: 0 | L123: 0 | M123: 0 | N123: 0 | O123: 1 | P123: 0 | Q123: 0 | R123: 0 | T123: 0 | U123: 0 | V123: 0 | W123: 0 | X123: 0 | Y123: 0 | Z123: 0 | AA123: 0 | AB123: 0 | AC123: 0 | AD123: 0 | AE123: 1 | AF123: 0 | AG123: 0 | AH123: 0
C124: 3 | D124: 1 | E124: 0 | F124: 0 | G124: 0 | H124: 0 | I124: 1 | J124: 1 | K124: 0 | L124: 0 | M124: 0 | N124: 1 | O124: 0 | P124: 0 | Q124: 0 | R124: 0 | T124: 1 | U124: 0 | V124: 0 | W124: 0 | X124: 0 | Y124: 1 | Z124: 1 | AA124: 0 | AB124: 0 | AC124: 0 | AD124: 1 | AE124: 0 | AF124: 0 | AG124: 0 | AH124: 0
C127: 3*SigmaELTw | D127: 1 | E127: 2 | F127: 3 | G127: 4 | H127: 5 | I127: 6 | J127: 7 | K127: 8 | L127: 9 | M127: 10 | N127: 11 | O127: 12 | P127: 13 | Q127: 14 | R127: 15
C128: 1 | D128: =3*D86 | E128: =3*E86 | F128: =3*F86 | G128: =3*G86 | H128: =3*H86 | I128: =3*I86 | J128: =3*J86 | K128: =3*K86 | ... R128: =3*R86
C129: 2 | D129: =3*D87 | E129: =3*E87 | F129: =3*F87 | G129: =3*G87 | H129: =3*H87 | I129: =3*I87 | J129: =3*J87 | K129: =3*K87 | ... R129: =3*R87
C130: 3 | D130: =3*D88 | E130: =3*E88 | F130: =3*F88 | G130: =3*G88 | H130: =3*H88 | I130: =3*I88 | J130: =3*J88 | K130: =3*K88 | ... R130: =3*R88
C133: (3*SigmaELTw)-(RunOutTimew-ELT) | D133: 1 | E133: 2 | F133: 3 | G133: 4 | H133: 5 | I133: 6 | J133: 7 | K133: 8 | L133: 9 | M133: 10 | N133: 11 | O133: 12 | P133: 13 | Q133: 14 | R133: 15
C134: 1 | D134: =IF(D63<0,"Inesgotável",(D128-D104)) | E134: =IF(E63<0,"Inesgotável",(E128-E104)) | F134: =IF(F63<0,"Inesgotável",(F128-F104)) | G134: =IF(G63<0,"Inesgotável",(G128-G104)) | H134: =IF(H63<0,"Inesgotável",(H128-H104)) | I134: =IF(I63<0,"Inesgotável",(I128-I104)) | J134: =IF(J63<0,"Inesgotável",(J128-J104)) | K134: =IF(K63<0,"Inesgotável",(K128-K104)) | ... R134: =IF(R63<0,"Inesgotável",(R128-R104))
C135: 2 | D135: =IF(D64<0,"Inesgotável",(D129-D105)) | E135: =IF(E64<0,"Inesgotável",(E129-E105)) | F135: =IF(F64<0,"Inesgotável",(F129-F105)) | G135: =IF(G64<0,"Inesgotável",(G129-G105)) | H135: =IF(H64<0,"Inesgotável",(H129-H105)) | I135: =IF(I64<0,"Inesgotável",(I129-I105)) | J135: =IF(J64<0,"Inesgotável",(J129-J105)) | K135: =IF(K64<0,"Inesgotável",(K129-K105)) | ... R135: =IF(R64<0,"Inesgotável",(R129-R105))
C136: 3 | D136: =IF(D65<0,"Inesgotável",(D130-D106)) | E136: =IF(E65<0,"Inesgotável",(E130-E106)) | F136: =IF(F65<0,"Inesgotável",(F130-F106)) | G136: =IF(G65<0,"Inesgotável",(G130-G106)) | H136: =IF(H65<0,"Inesgotável",(H130-H106)) | I136: =IF(I65<0,"Inesgotável",(I130-I106)) | J136: =IF(J65<0,"Inesgotável",(J130-J106)) | K136: =IF(K65<0,"Inesgotável",(K130-K106)) | ... R136: =IF(R65<0,"Inesgotável",(R130-R106))
C139: bOmega4w | D139: 1 | E139: 2 | F139: 3 | G139: 4 | H139: 5 | I139: 6 | J139: 7 | K139: 8 | L139: 9 | M139: 10 | N139: 11 | O139: 12 | P139: 13 | Q139: 14 | R139: 15
C140: 1 | D140: 0 | E140: 0 | F140: 0 | G140: 0 | H140: 1 | I140: 1 | J140: 0 | K140: 0 | L140: 0 | M140: 0 | N140: 0 | O140: 0 | P140: 0 | Q140: 1 | R140: 1 | T140: 0 | U140: 0 | V140: 0 | W140: 0 | X140: 1 | Y140: 1 | Z140: 0 | AA140: 0 | AB140: 0 | AC140: 0 | AD140: 0 | AE140: 0 | AF140: 0 | AG140: 1 | AH140: 1 | AI140: =SUM(T140:AH142)
C141: 2 | D141: 0 | E141: 0 | F141: 0 | G141: 0 | H141: 0 | I141: 0 | J141: 0 | K141: 0 | L141: 0 | M141: 0 | N141: 0 | O141: 1 | P141: 1 | Q141: 0 | R141: 0 | T141: 0 | U141: 0 | V141: 0 | W141: 0 | X141: 0 | Y141: 0 | Z141: 0 | AA141: 0 | AB141: 0 | AC141: 0 | AD141: 0 | AE141: 1 | AF141: 1 | AG141: 0 | AH141: 0
C142: 3 | D142: 1 | E142: 0 | F142: 0 | G142: 0 | H142: 0 | I142: 1 | J142: 1 | K142: 0 | L142: 0 | M142: 0 | N142: 1 | O142: 0 | P142: 0 | Q142: 0 | R142: 0 | T142: 1 | U142: 0 | V142: 0 | W142: 0 | X142: 0 | Y142: 1 | Z142: 1 | AA142: 0 | AB142: 0 | AC142: 0 | AD142: 1 | AE142: 0 | AF142: 0 | AG142: 0 | AH142: 0
C145: bOmega5w | D145: 1 | E145: 2 | F145: 3 | G145: 4 | H145: 5 | I145: 6 | J145: 7 | K145: 8 | L145: 9 | M145: 10 | N145: 11 | O145: 12 | P145: 13 | Q145: 14 | R145: 15
C146: 1 | D146: 0 | E146: 0 | F146: 0 | G146: 0 | H146: 1 | I146: 0 | J146: 0 | K146: 0 | L146: 0 | M146: 0 | N146: 0 | O146: 0 | P146: 0 | Q146: 0 | R146: 0 | S146: =SUM(Suppliers_Omega5) | T146: 0 | U146: 0 | V146: 0 | W146: 0 | X146: 1 | Y146: 0 | Z146: 0 | AA146: 0 | AB146: 0 | AC146: 0 | AD146: 0 | AE146: 0 | AF146: 0 | AG146: 0 | AH146: 0 | AI146: =SUM(T146:AH148)
C147: 2 | D147: 0 | E147: 0 | F147: 0 | G147: 0 | H147: 0 | I147: 0 | J147: 0 | K147: 0 | L147: 0 | M147: 0 | N147: 0 | O147: 0 | P147: 1 | Q147: 0 | R147: 0 | T147: 0 | U147: 0 | V147: 0 | W147: 0 | X147: 0 | Y147: 0 | Z147: 0 | AA147: 0 | AB147: 0 | AC147: 0 | AD147: 0 | AE147: 0 | AF147: 1 | AG147: 0 | AH147: 0
C148: 3 | D148: 0 | E148: 0 | F148: 0 | G148: 0 | H148: 0 | I148: 0 | J148: 0 | K148: 0 | L148: 0 | M148: 0 | N148: 0 | O148: 0 | P148: 0 | Q148: 0 | R148: 0 | T148: 0 | U148: 0 | V148: 0 | W148: 0 | X148: 0 | Y148: 0 | Z148: 0 | AA148: 0 | AB148: 0 | AC148: 0 | AD148: 0 | AE148: 0 | AF148: 0 | AG148: 0 | AH148: 0
...

Sheet Factories_stock_balance
C3: ELTf | D3: 16 | E3: 17 | F3: 18
C4: 4 | D4: =Factories!I22 | E4: =Factories!J22 | F4: =Factories!K22
C5: 5 | D5: =Factories!I23 | E5: =Factories!J23 | F5: =Factories!K23
C6: 6 | D6: =Factories!I24 | E6: =Factories!J24 | F6: =Factories!K24
C9: SIf+RLTf-vSf-Rot | D9: 16 | E9: 17 | F9: 18 | I9: Max-RLT
C10: 4 | D10: =IF(D63>0,Suppliers_stock_balance!$S58+D22-Results!D10-D63,0) | E10: =IF(E63>0,Suppliers_stock_balance!$S58+E22-Results!E10-E63,0) | F10: =IF(F63>0,Suppliers_stock_balance!$S58+F22-Results!F10-F63,0) | J10: =Suppliers_stock_balance!$S75-D22 | K10: =Suppliers_stock_balance!$S75-E22 | L10: =Suppliers_stock_balance!$S75-F22
C11: 5 | D11: =IF(D64>0,Suppliers_stock_balance!$S59+D23-Results!D11-D64,0) | E11: =IF(E64>0,Suppliers_stock_balance!$S59+E23-Results!E11-E64,0) | F11: =IF(F64>0,Suppliers_stock_balance!$S59+F23-Results!F11-F64,0) | J11: =Suppliers_stock_balance!$S76-D23 | K11: =Suppliers_stock_balance!$S76-E23 | L11: =Suppliers_stock_balance!$S76-F23
C12: 6 | D12: =IF(D65>0,Suppliers_stock_balance!$S60+D24-Results!D12-D65,0) | E12: =IF(E65>0,Suppliers_stock_balance!$S60+E24-Results!E12-E65,0) | F12: =IF(F65>0,Suppliers_stock_balance!$S60+F24-Results!F12-F65,0) | J12: =Suppliers_stock_balance!$S77-D24 | K12: =Suppliers_stock_balance!$S77-E24 | L12: =Suppliers_stock_balance!$S77-F24
C15: vSf | D15: 16 | E15: 17 | F15: 18
C16: 4 | D16: =Results!D10 | E16: =Results!E10 | F16: =Results!F10
C17: 5 | D17: =Results!D11 | E17: =Results!E11 | F17: =Results!F11
C18: 6 | D18: =Results!D12 | E18: =Results!E12 | F18: =Results!F12
C21: vRLTf (dias) | D21: 16 | E21: 17 | F21: 18
C22: 4 | D22: 5.0992503 | E22: 6.7954333 | F22: 4.2625019
C23: 5 | D23: 3.9356 | E23: 7.0147002 | F23: 4.7005
C24: 6 | D24: 4.8261 | E24: 5.7346788 | F24: 5.5103
C27: vCTf (dias) | D27: 16 | E27: 17 | F27: 18
C28: 4 | D28: 12.847753 | E28: 12.713667 | F28: 10.570549
C29: 5 | D29: 0 | E29: 10.858751 | F29: 0
C30: 6 | D30: 0 | E30: 18.177514 | F30: 0
C33: bDeltaf | D33: 16 | E33: 17 | F33: 18
C34: 4 | D34: 1 | E34: 1 | F34: 1
C35: 5 | D35: 0 | E35: 1 | F35: 0
C36: 6 | D36: 0 | E36: 1 | F36: 0
C38: bZetaf | D38: 16 | E38: 17 | F38: 18
C39: 4 | D39: 0 | E39: 0 | F39: 0 | G39: =SUM(Factories_Zeta)
C40: 5 | D40: 0 | E40: 0 | F40: 0
C41: 6 | D41: 0 | E41: 0 | F41: 0
C44: bGammaf | D44: 16 | E44: 17 | F44: 18
C45: 4 | D45: 0 | E45: 0 | F45: 0 | G45: =SUM(Factories_Gamma)
C46: 5 | D46: 0 | E46: 0 | F46: 0
C47: 6 | D47: 0 | E47: 0 | F47: 0
C50: bRhof | D50: 16 | E50: 17 | F50: 18
C51: 4 | D51: 0 | E51: 0 | F51: 0
C52: 5 | D52: 0 | E52: 0 | F52: 0
C53: 6 | D53: 0 | E53: 0 | F53: 0
C56: bOmegaf | D56: 16 | E56: 17 | F56: 18
C57: 4 | D57: 1 | E57: 1 | F57: 1
C58: 5 | D58: 0 | E58: 1 | F58: 0
C59: 6 | D59: 0 | E59: 1 | F59: 0
A62: ok | B62: Results | C62: RunOutTimef | D62: 16 | E62: 17 | F62: 18
C63: 4 | D63: 0.65918793 | E63: 2.4252745 | F63: 2.1383916 | I63: 0.65918793 | J63: 2.4252745 | K63: 2.1383916
C64: 5 | D64: -1.9346131 | E64: 1.2764616 | F64: -0.84946661 | I64: -1.9346131 | J64: 1.2764616 | K64: -0.84946661
C65: 6 | D65: -0.96519274 | E65: 0.8546765 | F65: -0.31658255 | I65: -0.96519274 | J65: 0.8546765 | K65: -0.31658255
C68: 3*SigmaELTf+2*ELTf | D68: 16 | E68: 17 | F68: 18
C69: 4 | D69: =3*Factories!I27+2*D4 | E69: =3*Factories!J27+2*E4 | F69: =3*Factories!K27+2*F4
C70: 5 | D70: =3*Factories!I28+2*D5 | E70: =3*Factories!J28+2*E5 | F70: =3*Factories!K28+2*F5
C71: 6 | D71: =3*Factories!I29+2*D6 | E71: =3*Factories!J29+2*E6 | F71: =3*Factories!K29+2*F6
C74: S0 | D74: 16 | E74: 17 | F74: 18
C75: 4 | D75: =Factories_Cap!D33 | E75: =Factories_Cap!E33 | F75: =Factories_Cap!F33
C76: 5 | D76: =Factories_Cap!D34 | E76: =Factories_Cap!E34 | F76: =Factories_Cap!F34
C77: 6 | D77: =Factories_Cap!D35 | E77: =Factories_Cap!E35 | F77: =Factories_Cap!F35
B79: Min Rep | C79: 2*ELTf-RunOutTimef | D79: 16 | E79: 17 | F79: 18
C80: 4 | D80: =IF(D63<0,"inexhaustible",(2*D4-D63)) | E80: =IF(E63<0,"inexhaustible",(2*E4-E63)) | F80: =IF(F63<0,"inexhaustible",(2*F4-F63))
C81: 5 | D81: =IF(D64<0,"inexhaustible",(2*D5-D64)) | E81: =IF(E64<0,"inexhaustible",(2*E5-E64)) | F81: =IF(F64<0,"inexhaustible",(2*F5-F64))
C82: 6 | D82: =IF(D65<0,"inexhaustible",(2*D6-D65)) | E82: =IF(E65<0,"inexhaustible",(2*E6-E65)) | F82: =IF(F65<0,"inexhaustible",(2*F6-F65))
C85: SigmaELTf | D85: 16 | E85: 17 | F85: 18
C86: 4 | D86: =Factories!I27 | E86: =Factories!J27 | F86: =Factories!K27
C87: 5 | D87: =Factories!I28 | E87: =Factories!J28 | F87: =Factories!K28
C88: 6 | D88: =Factories!I29 | E88: =Factories!J29 | F88: =Factories!K29
C91: vZf | D91: 16 | E91: 17 | F91: 18
C92: 4 | D92: 1.1791941 | E92: 1.1535659 | F92: 1.1487069
C93: 5 | D93: 3 | E93: 1.1424508 | F93: 3
C94: 6 | D94: 3 | E94: 1.191012 | F94: 3
C97: vZf*SigmaELTf | D97: 16 | E97: 17 | F97: 18
C98: 4 | D98: =D92*D86 | E98: =E92*E86 | F98: =F92*F86
C99: 5 | D99: =D93*D87 | E99: =E93*E87 | F99: =F93*F87
C100: 6 | D100: =D94*D88 | E100: =E94*E88 | F100: =F94*F88
C103: RunOutTimef - ELTf | D103: 16 | E103: 17 | F103: 18
C104: 4 | D104: =IF(D63<0,"inexhaustible",D63-D4) | E104: =IF(E63<0,"inexhaustible",E63-E4) | F104: =IF(F63<0,"inexhaustible",F63-F4)
C105: 5 | D105: =IF(D64<0,"inexhaustible",D64-D5) | E105: =IF(E64<0,"inexhaustible",E64-E5) | F105: =IF(F64<0,"inexhaustible",F64-F5)
C106: 6 | D106: =IF(D65<0,"inexhaustible",D65-D6) | E106: =IF(E65<0,"inexhaustible",E65-E6) | F106: =IF(F65<0,"inexhaustible",F65-F6)
C109: bOmega1f | D109: 16 | E109: 17 | F109: 18
C110: 4 | D110: 0 | E110: 0 | F110: 0
C111: 5 | D111: 0 | E111: 0 | F111: 0
C112: 6 | D112: 0 | E112: 0 | F112: 0
C115: bOmega2f | D115: 16 | E115: 17 | F115: 18
C116: 4 | D116: 0 | E116: 0 | F116: 0
C117: 5 | D117: 0 | E117: 0 | F117: 0
C118: 6 | D118: 0 | E118: 0 | F118: 0
C121: bOmega3f | D121: 16 | E121: 17 | F121: 18
C122: 4 | D122: 1 | E122: 1 | F122: 1 | G122: =SUM(Factories_Omega3)
C123: 5 | D123: 0 | E123: 1 | F123: 0
C124: 6 | D124: 0 | E124: 1 | F124: 0
C127: 3*SigmaELTf | D127: 16 | E127: 17 | F127: 18
C128: 4 | D128: =3*D86 | E128: =3*E86 | F128: =3*F86
C129: 5 | D129: =3*D87 | E129: =3*E87 | F129: =3*F87
C130: 6 | D130: =3*D88 | E130: =3*E88 | F130: =3*F88
C133: (3*SigmaELTf)-(RunOutTimef-ELTf) | D133: 16 | E133: 17 | F133: 18
C134: 4 | D134: =IF(D63<0,"inexhaustible",(D128-D104)) | E134: =IF(E63<0,"inexhaustible",(E128-E104)) | F134: =IF(F63<0,"inexhaustible",(F128-F104))
C135: 5 | D135: =IF(D64<0,"inexhaustible",(D129-D105)) | E135: =IF(E64<0,"inexhaustible",(E129-E105)) | F135: =IF(F64<0,"inexhaustible",(F129-F105))
C136: 6 | D136: =IF(D65<0,"inexhaustible",(D130-D106)) | E136: =IF(E65<0,"inexhaustible",(E130-E106)) | F136: =IF(F65<0,"inexhaustible",(F130-F106))
C139: bOmega4f | D139: 16 | E139: 17 | F139: 18
C140: 4 | D140: 1 | E140: 1 | F140: 1
C141: 5 | D141: 0 | E141: 1 | F141: 0
C142: 6 | D142: 0 | E142: 1 | F142: 0
C145: bOmega5f | D145: 16 | E145: 17 | F145: 18
C146: 4 | D146: 0 | E146: 0 | F146: 0 | G146: =SUM(Factories_Omega5)
C147: 5 | D147: 0 | E147: 0 | F147: 0
C148: 6 | D148: 0 | E148: 0 | F148: 0
...

Sheet Distributors_stock_balance
C3: Repl (R$)
D4: 19 | E4: 20 | F4: 21 | H4: SOMA
C5: 9 | D5: 5050239.5 | E5: 0 | F5: 0 | H5: =SUM(Distributors_Stock_Replenishment)
C6: 10 | D6: 10467062 | E6: 0 | F6: 2602928.3
C9: Beg (R$) | D9: 19 | E9: 20 | F9: 21
C10: 9 | D10: 1194728.1 | E10: 757652.94 | F10: 1456738.7 | H10: =SUM(Distributors_Stock_Begining)
C11: 10 | D11: 933993.1 | E11: 1843388.6 | F11: 3051613
C14: Dem (R$)
D15: 19 | E15: 20 | F15: 21
C16: 9 | D16: 3280876.6 | E16: 0 | F16: 0 | H16: =SUM(Distributors_Stock_Demand)
C17: 10 | D17: 6017628.8 | E17: 0 | F17: 2715090.1
C20: Final (R$)
D21: 19 | E21: 20 | F21: 21
C22: 9 | D22: =D10-D16+D5 | E22: =E10-E16+E5 | F22: =F10-F16+F5 | H22: =SUM(D22:F23)
C23: 10 | D23: =D11-D17+D6 | E23: =E11-E17+E6 | F23: =F11-F17+F6
C26: Final (dias) | D26: 19 | E26: 20 | F26: 21
C27: 9 | D27: =IF(Demand!AU19>Distributors_Cap!D13,(D22/Distributors!P6)/(Demand!AU19-Distributors_Cap!D13),"Inesgotável") | E27: =IF(Demand!AV19>Distributors_Cap!E13,(E22/Distributors!Q6)/(Demand!AV19-Distributors_Cap!E13),"Inesgotável") | F27: =IF(Demand!AW19>Distributors_Cap!F13,(F22/Distributors!R6)/(Demand!AW19-Distributors_Cap!F13),"Inesgotável")
C28: 10 | D28: =IF(Demand!AU20>Distributors_Cap!D14,(D23/Distributors!P7)/(Demand!AU20-Distributors_Cap!D14),"Inesgotável") | E28: =IF(Demand!AV20>Distributors_Cap!E14,(E23/Distributors!Q7)/(Demand!AV20-Distributors_Cap!E14),"Inesgotável") | F28: =IF(Demand!AW20>Distributors_Cap!F14,(F23/Distributors!R7)/(Demand!AW20-Distributors_Cap!F14),"Inesgotável")
C31: Lambdad | D31: 19 | E31: 20 | F31: 21
C32: 9 | D32: =Distributors!P16 | E32: =Distributors!Q16 | F32: =Distributors!R16
C33: 10 | D33: =Distributors!P17 | E33: =Distributors!Q17 | F33: =Distributors!R17
C36: Final / Lambda | D36: 19 | E36: 20 | F36: 21 | I36: Inesgotável | J36: Big stock | K36: Razão (Final/Lambda) | L36: Máximo | M36: Mínimo
C37: 9 | D37: =IF(D16>0,IF(D5=0,"Big stock",D27/D32),"Inesgotável") | E37: =IF(E16>0,IF(E5=0,"Big stock",E27/E32),"Inesgotável") | F37: =IF(F16>0,IF(F5=0,"Big stock",F27/F32),"Inesgotável") | I37: =COUNTIFS(D37:F38,"Inesgotável") | J37: =COUNTIFS(D37:F38,"Big stock") | K37: =COUNT(D37:F38) | L37: =MAX(D37:F38) | M37: =MIN(D37:F38)
C38: 10 | D38: =IF(D17>0,IF(D6=0,"Big stock",D28/D33),"Inesgotável") | E38: =IF(E17>0,IF(E6=0,"Big stock",E28/E33),"Inesgotável") | F38: =IF(F17>0,IF(F6=0,"Big stock",F28/F33),"Inesgotável")
C41: MaxSOf+Ld-Sd | D41: 19 | E41: 20 | F41: 21
C42: 9 | D42: =Distributors_Cap!L22 | E42: =Distributors_Cap!M22 | F42: =Distributors_Cap!N22
C43: 10 | D43: =Distributors_Cap!L23 | E43: =Distributors_Cap!M23 | F43: =Distributors_Cap!N23
C46: Replenishment - (MaxSOf+Ld-Sd) | D46: 19 | E46: 20 | F46: 21
C47: 9 | D47: =IF(D5=0,"no repl",D27-D42) | E47: =IF(E5=0,"no repl",E27-E42) | F47: =IF(F5=0,"no repl",F27-F42)
C48: 10 | D48: =IF(D6=0,"no repl",D28-D43) | E48: =IF(E6=0,"no repl",E28-E43) | F48: =IF(F6=0,"no repl",F28-F43)

Sheet Retailers_stock_balance
AM1: Inesgotável | AN1: Big stock | AO1: Razão (Final/Lambda) | AP1: Máximo | AQ1: Mínimo
AM2: =COUNTIFS(AN5:AP194,"Inesgotável") | AN2: =COUNTIFS(AN5:AP194,"Big stock") | AO2: =COUNT(AN5:AP194) | AP2: =MAX(AN5:AP194) | AQ2: =MIN(AN5:AP194)
C4: Repl (R$) | D4: 22 | E4: 23 | F4: 24 | G4: SOMA | I4: Beg (R$) | J4: 22 | K4: 23 | L4: 24 | M4: SOMA | O4: Dem (R$) | P4: 22 | Q4: 23 | R4: 24 | S4: SOMA | U4: Final (R$) | V4: 22 | W4: 23 | X4: 24 | Y4: SOMA | AA4: Final (dias) | AB4: 22 | AC4: 23 | AD4: 24 | AG4: Lambdar | AH4: 22 | AI4: 23 | AJ4: 24 | AM4: Final / Lambda | AN4: 22 | AO4: 23 | AP4: 24 | AS4: MaxSOd+Lr-Sr | AT4: 22 | AU4: 23 | AV4: 24 | AY4: Replenishment - (MaxSOd+Lr-Sr) | AZ4: 22 | BA4: 23 | BB4: 24
C5: 11 | D5: 251325.59 | E5: 222473.15 | F5: 83120.405 | G5: =SUM(Retailers_Stock_Replenishment) | I5: 11 | J5: 77792.64 | K5: 17663.35 | L5: 20258.75 | M5: =SUM(Retailers_Stock_Begining) | O5: 11 | P5: 163710.08 | Q5: 137049.4 | R5: 51091.225 | S5: =SUM(Retailers_Stock_Demand) | U5: 11 | V5: =J5-P5+D5 | W5: =K5-Q5+E5 | X5: =L5-R5+F5 | Y5: =SUM(V5:X194) | AA5: 11 | AB5: =IF(Demand!AU24>Retailers_Cap!N7,(V5/Retailers!P6)/(Demand!AU24-Retailers_Cap!N7),"Inesgotável") | AC5: =IF(Demand!AV24>Retailers_Cap!O7,(W5/Retailers!Q6)/(Demand!AV24-Retailers_Cap!O7),"Inesgotável") | AD5: =IF(Demand!AW24>Retailers_Cap!P7,(X5/Retailers!R6)/(Demand!AW24-Retailers_Cap!P7),"Inesgotável") | AG5: 11 | AH5: =Retailers!AJ6 | AI5: =Retailers!AK6 | AJ5: =Retailers!AL6 | AM5: 11 | AN5: =IF(P5>0,IF(D5=0,"Big stock",AB5/AH5),"Inesgotável") | AO5: =IF(Q5>0,IF(E5=0,"Big stock",AC5/AI5),"Inesgotável") | AP5: =IF(R5>0,IF(F5=0,"Big stock",AD5/AJ5),"Inesgotável") | AS5: 11 | AT5: =Retailers_Cap!BL7 | AU5: =Retailers_Cap!BM7 | AV5: =Retailers_Cap!BN7 | AY5: 11 | AZ5: =IF(D5=0,"no repl",AB5-AT5) | BA5: =IF(E5=0,"no repl",AC5-AU5) | BB5: =IF(F5=0,"no repl",AD5-AV5)
C6: 12 | D6: 0 | E6: 0 | F6: 157103.71 | I6: 12 | J6: 14977.8 | K6: 19327.88 | L6: 94779.36 | O6: 12 | P6: 0 | Q6: 0 | R6: 92904.733 | U6: 12 | V6: =J6-P6+D6 | W6: =K6-Q6+E6 | X6: =L6-R6+F6 | AA6: 12 | AB6: =IF(Demand!AU25>Retailers_Cap!N8,(V6/Retailers!P7)/(Demand!AU25-Retailers_Cap!N8),"Inesgotável") | AC6: =IF(Demand!AV25>Retailers_Cap!O8,(W6/Retailers!Q7)/(Demand!AV25-Retailers_Cap!O8),"Inesgotável") | AD6: =IF(Demand!AW25>Retailers_Cap!P8,(X6/Retailers!R7)/(Demand!AW25-Retailers_Cap!P8),"Inesgotável") | AG6: 12 | AH6: =Retailers!AJ7 | AI6: =Retailers!AK7 | AJ6: =Retailers!AL7 | AM6: 12 | AN6: =IF(P6>0,IF(D6=0,"Big stock",AB6/AH6),"Inesgotável") | AO6: =IF(Q6>0,IF(E6=0,"Big stock",AC6/AI6),"Inesgotável") | AP6: =IF(R6>0,IF(F6=0,"Big stock",AD6/AJ6),"Inesgotável") | AS6: 12 | AT6: =Retailers_Cap!BL8 | AU6: =Retailers_Cap!BM8 | AV6: =Retailers_Cap!BN8 | AY6: 12 | AZ6: =IF(D6=0,"no repl",AB6-AT6) | BA6: =IF(E6=0,"no repl",AC6-AU6) | BB6: =IF(F6=0,"no repl",AD6-AV6)
C7: 13 | D7: 0 | E7: 0 | F7: 212481.34 | I7: 13 | J7: 30111.2 | K7: 28754.7 | L7: 31266.03 | O7: 13 | P7: 0 | Q7: 0 | R7: 137565.81 | U7: 13 | V7: =J7-P7+D7 | W7: =K7-Q7+E7 | X7: =L7-R7+F7 | AA7: 13 | AB7: =IF(Demand!AU26>Retailers_Cap!N9,(V7/Retailers!P8)/(Demand!AU26-Retailers_Cap!N9),"Inesgotável") | AC7: =IF(Demand!AV26>Retailers_Cap!O9,(W7/Retailers!Q8)/(Demand!AV26-Retailers_Cap!O9),"Inesgotável") | AD7: =IF(Demand!AW26>Retailers_Cap!P9,(X7/Retailers!R8)/(Demand!AW26-Retailers_Cap!P9),"Inesgotável") | AG7: 13 | AH7: =Retailers!AJ8 | AI7: =Retailers!AK8 | AJ7: =Retailers!AL8 | AM7: 13 | AN7: =IF(P7>0,IF(D7=0,"Big stock",AB7/AH7),"Inesgotável") | AO7: =IF(Q7>0,IF(E7=0,"Big stock",AC7/AI7),"Inesgotável") | AP7: =IF(R7>0,IF(F7=0,"Big stock",AD7/AJ7),"Inesgotável") | AS7: 13 | AT7: =Retailers_Cap!BL9 | AU7: =Retailers_Cap!BM9 | AV7: =Retailers_Cap!BN9 | AY7: 13 | AZ7: =IF(D7=0,"no repl",AB7-AT7) | BA7: =IF(E7=0,"no repl",AC7-AU7) | BB7: =IF(F7=0,"no repl",AD7-AV7)
C8: 14 | D8: 0 | E8: 0 | F8: 0 | I8: 14 | J8: 46322.99 | K8: 75764 | L8: 5957.46 | O8: 14 | P8: 0 | Q8: 0 | R8: 0 | U8: 14 | V8: =J8-P8+D8 | W8: =K8-Q8+E8 | X8: =L8-R8+F8 | AA8: 14 | AB8: =IF(Demand!AU27>Retailers_Cap!N10,(V8/Retailers!P9)/(Demand!AU27-Retailers_Cap!N10),"Inesgotável") | AC8: =IF(Demand!AV27>Retailers_Cap!O10,(W8/Retailers!Q9)/(Demand!AV27-Retailers_Cap!O10),"Inesgotável") | AD8: =IF(Demand!AW27>Retailers_Cap!P10,(X8/Retailers!R9)/(Demand!AW27-Retailers_Cap!P10),"Inesgotável") | AG8: 14 | AH8: =Retailers!AJ9 | AI8: =Retailers!AK9 | AJ8: =Retailers!AL9 | AM8: 14 | AN8: =IF(P8>0,IF(D8=0,"Big stock",AB8/AH8),"Inesgotável") | AO8: =IF(Q8>0,IF(E8=0,"Big stock",AC8/AI8),"Inesgotável") | AP8: =IF(R8>0,IF(F8=0,"Big stock",AD8/AJ8),"Inesgotável") | AS8: 14 | AT8: =Retailers_Cap!BL10 | AU8: =Retailers_Cap!BM10 | AV8: =Retailers_Cap!BN10 | AY8: 14 | AZ8: =IF(D8=0,"no repl",AB8-AT8) | BA8: =IF(E8=0,"no repl",AC8-AU8) | BB8: =IF(F8=0,"no repl",AD8-AV8)
C9: 15 | D9: 216092.93 | E9: 0 | F9: 0 | I9: 15 | J9: 68051.61 | K9: 12878.22 | L9: 18840.41 | O9: 15 | P9: 139430.62 | Q9: 0 | R9: 0 | U9: 15 | V9: =J9-P9+D9 | W9: =K9-Q9+E9 | X9: =L9-R9+F9 | AA9: 15 | AB9: =IF(Demand!AU28>Retailers_Cap!N11,(V9/Retailers!P10)/(Demand!AU28-Retailers_Cap!N11),"Inesgotável") | AC9: =IF(Demand!AV28>Retailers_Cap!O11,(W9/Retailers!Q10)/(Demand!AV28-Retailers_Cap!O11),"Inesgotável") | AD9: =IF(Demand!AW28>Retailers_Cap!P11,(X9/Retailers!R10)/(Demand!AW28-Retailers_Cap!P11),"Inesgotável") | AG9: 15 | AH9: =Retailers!AJ10 | AI9: =Retailers!AK10 | AJ9: =Retailers!AL10 | AM9: 15 | AN9: =IF(P9>0,IF(D9=0,"Big stock",AB9/AH9),"Inesgotável") | AO9: =IF(Q9>0,IF(E9=0,"Big stock",AC9/AI9),"Inesgotável") | AP9: =IF(R9>0,IF(F9=0,"Big stock",AD9/AJ9),"Inesgotável") | AS9: 15 | AT9: =Retailers_Cap!BL11 | AU9: =Retailers_Cap!BM11 | AV9: =Retailers_Cap!BN11 | AY9: 15 | AZ9: =IF(D9=0,"no repl",AB9-AT9) | BA9: =IF(E9=0,"no repl",AC9-AU9) | BB9: =IF(F9=0,"no repl",AD9-AV9)
C10: 16 | D10: 0 | E10: 0 | F10: 0 | I10: 16 | J10: 71520.12 | K10: 12128.65 | L10: 21540.61 | O10: 16 | P10: 0 | Q10: 0 | R10: 0 | U10: 16 | V10: =J10-P10+D10 | W10: =K10-Q10+E10 | X10: =L10-R10+F10 | AA10: 16 | AB10: =IF(Demand!AU29>Retailers_Cap!N12,(V10/Retailers!P11)/(Demand!AU29-Retailers_Cap!N12),"Inesgotável") | AC10: =IF(Demand!AV29>Retailers_Cap!O12,(W10/Retailers!Q11)/(Demand!AV29-Retailers_Cap!O12),"Inesgotável") | AD10: =IF(Demand!AW29>Retailers_Cap!P12,(X10/Retailers!R11)/(Demand!AW29-Retailers_Cap!P12),"Inesgotável") | AG10: 16 | AH10: =Retailers!AJ11 | AI10: =Retailers!AK11 | AJ10: =Retailers!AL11 | AM10: 16 | AN10: =IF(P10>0,IF(D10=0,"Big stock",AB10/AH10),"Inesgotável") | AO10: =IF(Q10>0,IF(E10=0,"Big stock",AC10/AI10),"Inesgotável") | AP10: =IF(R10>0,IF(F10=0,"Big stock",AD10/AJ10),"Inesgotável") | AS10: 16 | AT10: =Retailers_Cap!BL12 | AU10: =Retailers_Cap!BM12 | AV10: =Retailers_Cap!BN12 | AY10: 16 | AZ10: =IF(D10=0,"no repl",AB10-AT10) | BA10: =IF(E10=0,"no repl",AC10-AU10) | BB10: =IF(F10=0,"no repl",AD10-AV10)
C11: 17 | D11: 141007.32 | E11: 0 | F11: 239411.77 | I11: 17 | J11: 8996.09 | K11: 7005.12 | L11: 11857.32 | O11: 17 | P11: 87331.609 | Q11: 0 | R11: 142622.62 | U11: 17 | V11: =J11-P11+D11 | W11: =K11-Q11+E11 | X11: =L11-R11+F11 | AA11: 17 | AB11: =IF(Demand!AU30>Retailers_Cap!N13,(V11/Retailers!P12)/(Demand!AU30-Retailers_Cap!N13),"Inesgotável") | AC11: =IF(Demand!AV30>Retailers_Cap!O13,(W11/Retailers!Q12)/(Demand!AV30-Retailers_Cap!O13),"Inesgotável") | AD11: =IF(Demand!AW30>Retailers_Cap!P13,(X11/Retailers!R12)/(Demand!AW30-Retailers_Cap!P13),"Inesgotável") | AG11: 17 | AH11: =Retailers!AJ12 | AI11: =Retailers!AK12 | AJ11: =Retailers!AL12 | AM11: 17 | AN11: =IF(P11>0,IF(D11=0,"Big stock",AB11/AH11),"Inesgotável") | AO11: =IF(Q11>0,IF(E11=0,"Big stock",AC11/AI11),"Inesgotável") | AP11: =IF(R11>0,IF(F11=0,"Big stock",AD11/AJ11),"Inesgotável") | AS11: 17 | AT11: =Retailers_Cap!BL13 | AU11: =Retailers_Cap!BM13 | AV11: =Retailers_Cap!BN13 | AY11: 17 | AZ11: =IF(D11=0,"no repl",AB11-AT11) | BA11: =IF(E11=0,"no repl",AC11-AU11) | BB11: =IF(F11=0,"no repl",AD11-AV11)
C12: 18 | D12: 0 | E12: 545102.23 | F12: 797420.67 | I12: 18 | J12: 104276.25 | K12: 53559.52 | L12: 60485 | O12: 18 | P12: 0 | Q12: 335960.89 | R12: 491115.43 | U12: 18 | V12: =J12-P12+D12 | W12: =K12-Q12+E12 | X12: =L12-R12+F12 | AA12: 18 | AB12: =IF(Demand!AU31>Retailers_Cap!N14,(V12/Retailers!P13)/(Demand!AU31-Retailers_Cap!N14),"Inesgotável") | AC12: =IF(Demand!AV31>Retailers_Cap!O14,(W12/Retailers!Q13)/(Demand!AV31-Retailers_Cap!O14),"Inesgotável") | AD12: =IF(Demand!AW31>Retailers_Cap!P14,(X12/Retailers!R13)/(Demand!AW31-Retailers_Cap!P14),"Inesgotável") | AG12: 18 | AH12: =Retailers!AJ13 | AI12: =Retailers!AK13 | AJ12: =Retailers!AL13 | AM12: 18 | AN12: =IF(P12>0,IF(D12=0,"Big stock",AB12/AH12),"Inesgotável") | AO12: =IF(Q12>0,IF(E12=0,"Big stock",AC12/AI12),"Inesgotável") | AP12: =IF(R12>0,IF(F12=0,"Big stock",AD12/AJ12),"Inesgotável") | AS12: 18 | AT12: =Retailers_Cap!BL14 | AU12: =Retailers_Cap!BM14 | AV12: =Retailers_Cap!BN14 | AY12: 18 | AZ12: =IF(D12=0,"no repl",AB12-AT12) | BA12: =IF(E12=0,"no repl",AC12-AU12) | BB12: =IF(F12=0,"no repl",AD12-AV12)
C13: 19 | D13: 0 | E13: 0 | F13: 0 | I13: 19 | J13: 23772.48 | K13: 66991 | L13: 120356.14 | O13: 19 | P13: 0 | Q13: 0 | R13: 0 | U13: 19 | V13: =J13-P13+D13 | W13: =K13-Q13+E13 | X13: =L13-R13+F13 | AA13: 19 | AB13: =IF(Demand!AU32>Retailers_Cap!N15,(V13/Retailers!P14)/(Demand!AU32-Retailers_Cap!N15),"Inesgotável") | AC13: =IF(Demand!AV32>Retailers_Cap!O15,(W13/Retailers!Q14)/(Demand!AV32-Retailers_Cap!O15),"Inesgotável") | AD13: =IF(Demand!AW32>Retailers_Cap!P15,(X13/Retailers!R14)/(Demand!AW32-Retailers_Cap!P15),"Inesgotável") | AG13: 19 | AH13: =Retailers!AJ14 | AI13: =Retailers!AK14 | AJ13: =Retailers!AL14 | AM13: 19 | AN13: =IF(P13>0,IF(D13=0,"Big stock",AB13/AH13),"Inesgotável") | AO13: =IF(Q13>0,IF(E13=0,"Big stock",AC13/AI13),"Inesgotável") | AP13: =IF(R13>0,IF(F13=0,"Big stock",AD13/AJ13),"Inesgotável") | AS13: 19 | AT13: =Retailers_Cap!BL15 | AU13: =Retailers_Cap!BM15 | AV13: =Retailers_Cap!BN15 | AY13: 19 | AZ13: =IF(D13=0,"no repl",AB13-AT13) | BA13: =IF(E13=0,"no repl",AC13-AU13) | BB13: =IF(F13=0,"no repl",AD13-AV13)
C14: 20 | D14: 167843.66 | E14: 0 | F14: 0 | I14: 20 | J14: 76872.9 | K14: 40906.32 | L14: 85240.08 | O14: 20 | P14: 99569.606 | Q14: 0 | R14: 0 | U14: 20 | V14: =J14-P14+D14 | W14: =K14-Q14+E14 | X14: =L14-R14+F14 | AA14: 20 | AB14: =IF(Demand!AU33>Retailers_Cap!N16,(V14/Retailers!P15)/(Demand!AU33-Retailers_Cap!N16),"Inesgotável") | AC14: =IF(Demand!AV33>Retailers_Cap!O16,(W14/Retailers!Q15)/(Demand!AV33-Retailers_Cap!O16),"Inesgotável") | AD14: =IF(Demand!AW33>Retailers_Cap!P16,(X14/Retailers!R15)/(Demand!AW33-Retailers_Cap!P16),"Inesgotável") | AG14: 20 | AH14: =Retailers!AJ15 | AI14: =Retailers!AK15 | AJ14: =Retailers!AL15 | AM14: 20 | AN14: =IF(P14>0,IF(D14=0,"Big stock",AB14/AH14),"Inesgotável") | AO14: =IF(Q14>0,IF(E14=0,"Big stock",AC14/AI14),"Inesgotável") | AP14: =IF(R14>0,IF(F14=0,"Big stock",AD14/AJ14),"Inesgotável") | AS14: 20 | AT14: =Retailers_Cap!BL16 | AU14: =Retailers_Cap!BM16 | AV14: =Retailers_Cap!BN16 | AY14: 20 | AZ14: =IF(D14=0,"no repl",AB14-AT14) | BA14: =IF(E14=0,"no repl",AC14-AU14) | BB14: =IF(F14=0,"no repl",AD14-AV14)
C15: 21 | D15: 0 | E15: 0 | F15: 0 | I15: 21 | J15: 67116.6 | K15: 59416.8 | L15: 45980.31 | O15: 21 | P15: 10182.373 | Q15: 0 | R15: 0 | U15: 21 | V15: =J15-P15+D15 | W15: =K15-Q15+E15 | X15: =L15-R15+F15 | AA15: 21 | AB15: =IF(Demand!AU34>Retailers_Cap!N17,(V15/Retailers!P16)/(Demand!AU34-Retailers_Cap!N17),"Inesgotável") | AC15: =IF(Demand!AV34>Retailers_Cap!O17,(W15/Retailers!Q16)/(Demand!AV34-Retailers_Cap!O17),"Inesgotável") | AD15: =IF(Demand!AW34>Retailers_Cap!P17,(X15/Retailers!R16)/(Demand!AW34-Retailers_Cap!P17),"Inesgotável") | AG15: 21 | AH15: =Retailers!AJ16 | AI15: =Retailers!AK16 | AJ15: =Retailers!AL16 | AM15: 21 | AN15: =IF(P15>0,IF(D15=0,"Big stock",AB15/AH15),"Inesgotável") | AO15: =IF(Q15>0,IF(E15=0,"Big stock",AC15/AI15),"Inesgotável") | AP15: =IF(R15>0,IF(F15=0,"Big stock",AD15/AJ15),"Inesgotável") | AS15: 21 | AT15: =Retailers_Cap!BL17 | AU15: =Retailers_Cap!BM17 | AV15: =Retailers_Cap!BN17 | AY15: 21 | AZ15: =IF(D15=0,"no repl",AB15-AT15) | BA15: =IF(E15=0,"no repl",AC15-AU15) | BB15: =IF(F15=0,"no repl",AD15-AV15)
C16: 22 | D16: 0 | E16: 0 | F16: 0 | I16: 22 | J16: 16478.1 | K16: 85611.15 | L16: 9435.03 | O16: 22 | P16: 0 | Q16: 0 | R16: 0 | U16: 22 | V16: =J16-P16+D16 | W16: =K16-Q16+E16 | X16: =L16-R16+F16 | AA16: 22 | AB16: =IF(Demand!AU35>Retailers_Cap!N18,(V16/Retailers!P17)/(Demand!AU35-Retailers_Cap!N18),"Inesgotável") | AC16: =IF(Demand!AV35>Retailers_Cap!O18,(W16/Retailers!Q17)/(Demand!AV35-Retailers_Cap!O18),"Inesgotável") | AD16: =IF(Demand!AW35>Retailers_Cap!P18,(X16/Retailers!R17)/(Demand!AW35-Retailers_Cap!P18),"Inesgotável") | AG16: 22 | AH16: =Retailers!AJ17 | AI16: =Retailers!AK17 | AJ16: =Retailers!AL17 | AM16: 22 | AN16: =IF(P16>0,IF(D16=0,"Big stock",AB16/AH16),"Inesgotável") | AO16: =IF(Q16>0,IF(E16=0,"Big stock",AC16/AI16),"Inesgotável") | AP16: =IF(R16>0,IF(F16=0,"Big stock",AD16/AJ16),"Inesgotável") | AS16: 22 | AT16: =Retailers_Cap!BL18 | AU16: =Retailers_Cap!BM18 | AV16: =Retailers_Cap!BN18 | AY16: 22 | AZ16: =IF(D16=0,"no repl",AB16-AT16) | BA16: =IF(E16=0,"no repl",AC16-AU16) | BB16: =IF(F16=0,"no repl",AD16-AV16)
C17: 23 | D17: 390257.05 | E17: 179005.99 | F17: 0 | I17: 23 | J17: 45637.2 | K17: 68173.49 | L17: 46264.65 | O17: 23 | P17: 230477.52 | Q17: 109554.72 | R17: 0 | U17: 23 | V17: =J17-P17+D17 | W17: =K17-Q17+E17 | X17: =L17-R17+F17 | AA17: 23 | AB17: =IF(Demand!AU36>Retailers_Cap!N19,(V17/Retailers!P18)/(Demand!AU36-Retailers_Cap!N19),"Inesgotável") | AC17: =IF(Demand!AV36>Retailers_Cap!O19,(W17/Retailers!Q18)/(Demand!AV36-Retailers_Cap!O19),"Inesgotável") | AD17: =IF(Demand!AW36>Retailers_Cap!P19,(X17/Retailers!R18)/(Demand!AW36-Retailers_Cap!P19),"Inesgotável") | AG17: 23 | AH17: =Retailers!AJ18 | AI17: =Retailers!AK18 | AJ17: =Retailers!AL18 | AM17: 23 | AN17: =IF(P17>0,IF(D17=0,"Big stock",AB17/AH17),"Inesgotável") | AO17: =IF(Q17>0,IF(E17=0,"Big stock",AC17/AI17),"Inesgotável") | AP17: =IF(R17>0,IF(F17=0,"Big stock",AD17/AJ17),"Inesgotável") | AS17: 23 | AT17: =Retailers_Cap!BL19 | AU17: =Retailers_Cap!BM19 | AV17: =Retailers_Cap!BN19 | AY17: 23 | AZ17: =IF(D17=0,"no repl",AB17-AT17) | BA17: =IF(E17=0,"no repl",AC17-AU17) | BB17: =IF(F17=0,"no repl",AD17-AV17)
... C194: 200 | D194: 337793.06 | E194: 138582.35 | F194: 0 | I194: 200 | J194: 43250.89 | K194: 8282.3 | L194: 93210.74 | O194: 200 | P194: 204279.27 | Q194: 86865.002 | R194: 0 | U194: 200 | V194: =J194-P194+D194 | W194: =K194-Q194+E194 | X194: =L194-R194+F194 | AA194: 200 | AB194: =IF(Demand!AU213>Retailers_Cap!N196,(V194/Retailers!P195)/(Demand!AU213-Retailers_Cap!N196),"Inesgotável") | AC194: =IF(Demand!AV213>Retailers_Cap!O196,(W194/Retailers!Q195)/(Demand!AV213-Retailers_Cap!O196),"Inesgotável") | AD194: =IF(Demand!AW213>Retailers_Cap!P196,(X194/Retailers!R195)/(Demand!AW213-Retailers_Cap!P196),"Inesgotável") | AG194: 200 | AH194: =Retailers!AJ195 | AI194: =Retailers!AK195 | AJ194: =Retailers!AL195 | AM194: 200 | AN194: =IF(P194>0,IF(D194=0,"Big stock",AB194/AH194),"Inesgotável") | AO194: =IF(Q194>0,IF(E194=0,"Big stock",AC194/AI194),"Inesgotável") | AP194: =IF(R194>0,IF(F194=0,"Big stock",AD194/AJ194),"Inesgotável") | AS194: 200 | AT194: =Retailers_Cap!BL196 | AU194: =Retailers_Cap!BM196 | AV194: =Retailers_Cap!BN196 | AY194: 200 | AZ194: =IF(D194=0,"no repl",AB194-AT194) | BA194: =IF(E194=0,"no repl",AC194-AU194) | BB194: =IF(F194=0,"no repl",AD194-AV194)
AG195: * | AH195: * | AI195: * | AJ195: * | AK195: * | AL195: * | AM195: * | AN195: * | AO195: * | AP195: * | AQ195: * | AR195: * | AS195: * | AT195: * | AU195: * | AV195: * | AW195: * | AX195: * | AY195: * | AZ195: * | BA195: * | BB195: * | BC195: * | BD195: * | BE195: * | BF195: * | BG195: * | BH195: * | BI195: * | BJ195: * | BK195: * | BL195: * | BM195: * | BN195: * | BO195: * | BP195: * | BQ195: * | BR195: *

Sheet Suppliers
I2: Leadtime
I3: 15 | J3: dias
E4: GERADOR DE DADOS
I5: 1 | J5: 2 | K5: 3 | L5: 4 | M5: 5 | N5: 6 | O5: 7 | P5: 8 | Q5: 9 | R5: 10 | S5: 11 | T5: 12 | U5: 13 | V5: 14 | W5: 15
C6: $/prod | D6: Avarege | E6: =Factories!E6/2 | F6: =TRUNC((_xlfn.NORM.INV((RAND()),$E$6,$E$7)),2) | G6: Hw | H6: 1 | I6: 85.76 | J6: 51.23 | K6: 25 | L6: 119.18 | M6: 82.26 | N6: 41.03 | O6: 113.67 | P6: 98.95 | Q6: 76.58 | R6: 76.8 | S6: 30.77 | T6: 70.26 | U6: 90.92 | V6: 94.43 | W6: 32.45
C7: $/prod | D7: Std Devition | E7: =E6*0.4 | F7: =TRUNC((_xlfn.NORM.INV((RAND()),$E$6,$E$7)),2) | H7: 2 | I7: 52.86 | J7: 71.7 | K7: 100.13 | L7: 67.59 | M7: 63.07 | N7: 86.44 | O7: 94.52 | P7: 82.74 | Q7: 92.01 | R7: 109.64 | S7: 67.83 | T7: 108.04 | U7: 17.92 | V7: 106.04 | W7: 41.56
F8: =TRUNC((_xlfn.NORM.INV((RAND()),$E$6,$E$7)),2) | H8: 3 | I8: 105.74 | J8: 126.76 | K8: 51.89 | L8: 127.34 | M8: 90.98 | N8: 50.78 | O8: 118.74 | P8: 105.73 | Q8: 119.92 | R8: 40.79 | S8: 112.82 | T8: 84.56 | U8: 149.68 | V8: 82.2 | W8: 93.83
I10: Variância da demanda média
I11: 1 | J11: 2 | K11: 3 | L11: 4 | M11: 5 | N11: 6 | O11: 7 | P11: 8 | Q11: 9 | R11: 10 | S11: 11 | T11: 12 | U11: 13 | V11: 14 | W11: 15
H12: 1 | I12: =TRUNC(((Demand!AU5*0.2)^2)/30,2) | J12: =TRUNC(((Demand!AV5*0.2)^2)/30,2) | K12: =TRUNC(((Demand!AW5*0.2)^2)/30,2) | L12: =TRUNC(((Demand!AX5*0.2)^2)/30,2) | M12: =TRUNC(((Demand!AY5*0.2)^2)/30,2) | N12: =TRUNC(((Demand!AZ5*0.2)^2)/30,2) | O12: =TRUNC(((Demand!BA5*0.2)^2)/30,2) | P12: =TRUNC(((Demand!BB5*0.2)^2)/30,2) | ... W12: =TRUNC(((Demand!BI5*0.2)^2)/30,2)
H13: 2 | I13: =TRUNC(((Demand!AU6*0.2)^2)/30,2) | J13: =TRUNC(((Demand!AV6*0.2)^2)/30,2) | K13: =TRUNC(((Demand!AW6*0.2)^2)/30,2) | L13: =TRUNC(((Demand!AX6*0.2)^2)/30,2) | M13: =TRUNC(((Demand!AY6*0.2)^2)/30,2) | N13: =TRUNC(((Demand!AZ6*0.2)^2)/30,2) | O13: =TRUNC(((Demand!BA6*0.2)^2)/30,2) | P13: =TRUNC(((Demand!BB6*0.2)^2)/30,2) | ... W13: =TRUNC(((Demand!BI6*0.2)^2)/30,2)
H14: 3 | I14: =TRUNC(((Demand!AU7*0.2)^2)/30,2) | J14: =TRUNC(((Demand!AV7*0.2)^2)/30,2) | K14: =TRUNC(((Demand!AW7*0.2)^2)/30,2) | L14: =TRUNC(((Demand!AX7*0.2)^2)/30,2) | M14: =TRUNC(((Demand!AY7*0.2)^2)/30,2) | N14: =TRUNC(((Demand!AZ7*0.2)^2)/30,2) | O14: =TRUNC(((Demand!BA7*0.2)^2)/30,2) | P14: =TRUNC(((Demand!BB7*0.2)^2)/30,2) | ... W14: =TRUNC(((Demand!BI7*0.2)^2)/30,2)
I16: 1 | J16: 2 | K16: 3 | L16: 4 | M16: 5 | N16: 6 | O16: 7 | P16: 8 | Q16: 9 | R16: 10 | S16: 11 | T16: 12 | U16: 13 | V16: 14 | W16: 15
C17: prod/dia | D17: Avarege | F17: =TRUNC(((I12)+(Suppliers_Cap!D3))^0.5,4) | G17: SigmaNDw | H17: 1 | I17: 13.9696 | J17: 16.389 | K17: 15.5948 | L17: 14.553 | M17: 22.2638 | N17: 13.8495 | O17: 15.1191 | P17: 20.6937 | Q17: 18.4669 | R17: 18.0532 | S17: 22.3239 | T17: 12.3097 | U17: 14.7583 | V17: 13.6645 | W17: 24.3509
C18: prod/dia | D18: =AVERAGE(SuppliersStdDev) | F18: =TRUNC(((I13)+(Suppliers_Cap!D4))^0.5,4) | H18: 2 | I18: 16.8196 | J18: 14.6181 | K18: 15.554 | L18: 24.3014 | M18: 19.7195 | N18: 20.5574 | O18: 15.8921 | P18: 14.2488 | Q18: 17.7149 | R18: 13.9989 | S18: 17.4467 | T18: 19.047 | U18: 15.4246 | V18: 22.531 | W18: 20.8612
F19: =TRUNC(((I14)+(Suppliers_Cap!D5))^0.5,4) | H19: 3 | I19: 21.6113 | J19: 16.2003 | K19: 17.0023 | L19: 24.1484 | M19: 16.7053 | N19: 21.6071 | O19: 16.456 | P19: 19.5486 | Q19: 17.5174 | R19: 14.9556 | S19: 16.22 | T19: 16.5828 | U19: 20.17 | V19: 19.1822 | W19: 19.0349
I21: 1 | J21: 2 | K21: 3 | L21: 4 | M21: 5 | N21: 6 | O21: 7 | P21: 8 | Q21: 9 | R21: 10 | S21: 11 | T21: 12 | U21: 13 | V21: 14 | W21: 15
C22: dias/prod | D22: Avarege | E22: =TRUNC(I3,2) | F22: =TRUNC((_xlfn.NORM.INV((RAND()),$E$22,$E$23)),2) | G22: ELTw | H22: 1 | I22: 9.45 | J22: 14.92 | K22: 14.79 | L22: 17.69 | M22: 14.79 | N22: 14.31 | O22: 10.15 | P22: 14.45 | Q22: 12.52 | R22: 11.45 | S22: 13.36 | T22: 13.38 | U22: 14.59 | V22: 14.28 | W22: 16.04
C23: dias/prod | D23: Std Devition | E23: =TRUNC((E22*0.2),2) | F23: =TRUNC((_xlfn.NORM.INV((RAND()),$E$22,$E$23)),2) | H23: 2 | I23: 13.11 | J23: 17.64 | K23: 11.65 | L23: 20.06 | M23: 11.73 | N23: 15.92 | O23: 12.08 | P23: 15.93 | Q23: 10.8 | R23: 13.12 | S23: 12.44 | T23: 15.71 | U23: 19.48 | V23: 17.94 | W23: 13.48
F24: =TRUNC((_xlfn.NORM.INV((RAND()),$E$22,$E$23)),2) | H24: 3 | I24: 18.26 | J24: 19.27 | K24: 20.64 | L24: 13.97 | M24: 13.78 | N24: 17.6 | O24: 12.66 | P24: 13.15 | Q24: 16.36 | R24: 15.94 | S24: 10.35 | T24: 14.02 | U24: 14.06 | V24: 12.12 | W24: 12.77
I26: 1 | J26: 2 | K26: 3 | L26: 4 | M26: 5 | N26: 6 | O26: 7 | P26: 8 | Q26: 9 | R26: 10 | S26: 11 | T26: 12 | U26: 13 | V26: 14 | W26: 15
C27: dias/prod | F27: =TRUNC((I32^0.5),4) | G27: SigmaELTw | H27: 1 | I27: 0.3449 | J27: 0.5447 | K27: 0.54 | L27: 0.6459 | M27: 0.54 | N27: 0.5224 | O27: 0.3705 | P27: 0.5276 | Q27: 0.4571 | R27: 0.418 | S27: 0.4877 | T27: 0.4884 | U27: 0.5327 | V27: 0.5213 | W27: 0.5856
F28: =TRUNC((I33^0.5),4) | H28: 2 | I28: 0.4786 | J28: 0.644 | K28: 0.4253 | L28: 0.7324 | M28: 0.4282 | N28: 0.5812 | O28: 0.441 | P28: 0.5816 | Q28: 0.3943 | R28: 0.479 | S28: 0.4542 | T28: 0.5735 | U28: 0.7112 | V28: 0.655 | W28: 0.4921
F29: =TRUNC((I34^0.5),4) | H29: 3 | I29: 0.6667 | J29: 0.7036 | K29: 0.7536 | L29: 0.51 | M29: 0.503 | N29: 0.6426 | O29: 0.4622 | P29: 0.4801 | Q29: 0.5973 | R29: 0.5819 | S29: 0.3778 | T29: 0.5118 | U29: 0.5133 | V29: 0.4424 | W29: 0.4662
I31: 1 | J31: 2 | K31: 3 | L31: 4 | M31: 5 | N31: 6 | O31: 7 | P31: 8 | Q31: 9 | R31: 10 | S31: 11 | T31: 12 | U31: 13 | V31: 14 | W31: 15
F32: =TRUNC((((I22*0.2)^2)/30),4) | G32: VarELTw | H32: 1 | I32: =TRUNC((((I22*0.2)^2)/30),4) | J32: =TRUNC((((J22*0.2)^2)/30),4) | K32: =TRUNC((((K22*0.2)^2)/30),4) | L32: =TRUNC((((L22*0.2)^2)/30),4) | M32: =TRUNC((((M22*0.2)^2)/30),4) | N32: =TRUNC((((N22*0.2)^2)/30),4) | O32: =TRUNC((((O22*0.2)^2)/30),4) | P32: =TRUNC((((P22*0.2)^2)/30),4) | ... W32: =TRUNC((((W22*0.2)^2)/30),4)
F33: =TRUNC((((I23*0.2)^2)/30),4) | H33: 2 | I33: =TRUNC((((I23*0.2)^2)/30),4) | J33: =TRUNC((((J23*0.2)^2)/30),4) | K33: =TRUNC((((K23*0.2)^2)/30),4) | L33: =TRUNC((((L23*0.2)^2)/30),4) | M33: =TRUNC((((M23*0.2)^2)/30),4) | N33: =TRUNC((((N23*0.2)^2)/30),4) | O33: =TRUNC((((O23*0.2)^2)/30),4) | P33: =TRUNC((((P23*0.2)^2)/30),4) | ... W33: =TRUNC((((W23*0.2)^2)/30),4)
F34: =TRUNC((((I24*0.2)^2)/30),4) | H34: 3 | I34: =TRUNC((((I24*0.2)^2)/30),4) | J34: =TRUNC((((J24*0.2)^2)/30),4) | K34: =TRUNC((((K24*0.2)^2)/30),4) | L34: =TRUNC((((L24*0.2)^2)/30),4) | M34: =TRUNC((((M24*0.2)^2)/30),4) | N34: =TRUNC((((N24*0.2)^2)/30),4) | O34: =TRUNC((((O24*0.2)^2)/30),4) | P34: =TRUNC((((P24*0.2)^2)/30),4) | ... W34: =TRUNC((((W24*0.2)^2)/30),4)

Sheet Factories
I2: Lead time
I3: 5 | J3: dias
E4: GERADOR DE DADOS
I5: 16 | J5: 17 | K5: 18
C6: $/prod | D6: Avarege | E6: 170 | F6: =TRUNC((_xlfn.NORM.INV((RAND()),$E$6,$E$7)),2) | G6: hf | H6: 4 | I6: 171.74 | J6: 168.87 | K6: 168.84
C7: $/prod | D7: Std Devition | E7: =E6*0.02 | F7: =TRUNC((_xlfn.NORM.INV((RAND()),$E$6,$E$7)),2) | H7: 5 | I7: 174.14 | J7: 173.41 | K7: 169.87
F8: =TRUNC((_xlfn.NORM.INV((RAND()),$E$6,$E$7)),2) | H8: 6 | I8: 169.75 | J8: 167.89 | K8: 174.44
I10: Variância da demanda média
I11: 16 | J11: 17 | K11: 18
H12: 4 | I12: =TRUNC(((Demand!AU11*0.2)^2)/30,2) | J12: =TRUNC(((Demand!AV11*0.2)^2)/30,2) | K12: =TRUNC(((Demand!AW11*0.2)^2)/30,2)
H13: 5 | I13: =TRUNC(((Demand!AU12*0.2)^2)/30,2) | J13: =TRUNC(((Demand!AV12*0.2)^2)/30,2) | K13: =TRUNC(((Demand!AW12*0.2)^2)/30,2)
H14: 6 | I14: =TRUNC(((Demand!AU13*0.2)^2)/30,2) | J14: =TRUNC(((Demand!AV13*0.2)^2)/30,2) | K14: =TRUNC(((Demand!AW13*0.2)^2)/30,2)
I16: 16 | J16: 17 | K16: 18
C17: prod/dia | D17: Avarege | F17: =TRUNC(((I12)+(Factories_Cap!D3))^0.5,2) | G17: SigmaNDf | H17: 4 | I17: 85.82 | J17: 78.75 | K17: 90.91
C18: prod/dia | D18: =AVERAGE(FactoriesStdDev) | F18: =TRUNC(((I13)+(Factories_Cap!D4))^0.5,2) | H18: 5 | I18: 72.63 | J18: 71.9 | K18: 103.1
F19: =TRUNC(((I14)+(Factories_Cap!D5))^0.5,2) | H19: 6 | I19: 80.17 | J19: 70.04 | K19: 95.69
I21: 16 | J21: 17 | K21: 18
C22: dias/prod | D22: Avarege | E22: =I3 | F22: =TRUNC((_xlfn.NORM.INV((RAND()),$E$22,$E$23)),3) | G22: ELTf | H22: 4 | I22: 4.889 | J22: 6.521 | K22: 4.091
C23: dias/prod | D23: Std Devition | E23: =E22*0.2 | F23: =TRUNC((_xlfn.NORM.INV((RAND()),$E$22,$E$23)),3) | H23: 5 | I23: 3.548 | J23: 6.734 | K23: 4.237
F24: =TRUNC((_xlfn.NORM.INV((RAND()),$E$22,$E$23)),3) | H24: 6 | I24: 4.35 | J24: 5.496 | K24: 4.967
I26: 16 | J26: 17 | K26: 18
C27: dias/prod | F27: =TRUNC((I32^0.5),4) | G27: SigmaELTw | H27: 4 | I27: 0.1783 | J27: 0.2379 | K27: 0.1493
F28: =TRUNC((I33^0.5),4) | H28: 5 | I28: 0.1292 | J28: 0.2457 | K28: 0.1545
F29: =TRUNC((I34^0.5),4) | H29: 6 | I29: 0.1587 | J29: 0.2004 | K29: 0.1811
I31: 16 | J31: 17 | K31: 18
F32: =TRUNC((((I22*0.2)^2)/30),4) | G32: VarELTw | H32: 4 | I32: =TRUNC((((I22*0.2)^2)/30),4) | J32: =TRUNC((((J22*0.2)^2)/30),4) | K32: =TRUNC((((K22*0.2)^2)/30),4)
F33: =TRUNC((((I23*0.2)^2)/30),4) | H33: 5 | I33: =TRUNC((((I23*0.2)^2)/30),4) | J33: =TRUNC((((J23*0.2)^2)/30),4) | K33: =TRUNC((((K23*0.2)^2)/30),4)
F34: =TRUNC((((I24*0.2)^2)/30),4) | H34: 6 | I34: =TRUNC((((I24*0.2)^2)/30),4) | J34: =TRUNC((((J24*0.2)^2)/30),4) | K34: =TRUNC((((K24*0.2)^2)/30),4)

Sheet Distributors
P2: Tempo de atravessamento
P3: 15 | Q3: dias
L4: GERADOR DE DADOS
P5: 19 | Q5: 20 | R5: 21
J6: $/prod | K6: Avarege | L6: =Factories!E6*1.1 | M6: =TRUNC((_xlfn.NORM.INV((RAND()),$L$6,$L$7)),2) | N6: hd | O6: 9 | P6: 189.79 | Q6: 150.06 | R6: 255.21
J7: $/prod | K7: Std Devition | L7: =L6*0.2 | M7: =TRUNC((_xlfn.NORM.INV((RAND()),$L$6,$L$7)),2) | O7: 10 | P7: 183.1 | Q7: 183.44 | R7: 191.12
P10: 19 | Q10: 20 | R10: 21
J11: prod/dia | K11: Avarege | L11: =Demand!E20 | M11: =TRUNC((_xlfn.NORM.INV((RAND()),$L$11,$L$12)),3) | N11: sigmad | O11: 9 | P11: 500.671 | Q11: 508.078 | R11: 500.369
J12: prod/dia | K12: Std Devition | L12: =L11*0.01 | M12: =TRUNC((_xlfn.NORM.INV((RAND()),$L$11,$L$12)),3) | O12: 10 | P12: 500.379 | Q12: 493.31 | R12: 505.821
P15: 19 | Q15: 20 | R15: 21 | T15: Máximo | U15: Mínimo
J16: dias/prod | K16: Avarege | L16: =P3 | M16: =TRUNC((_xlfn.NORM.INV((RAND()),$L$16,$L$17)),3) | N16: lambdad | O16: 9 | P16: 19.26 | Q16: 16.289 | R16: 18.674 | T16: =MAX(DistributorsLeadTime) | U16: =MIN(FactoriesLeadTime)
J17: dias/prod | K17: Std Devition | L17: =L16*0.2 | M17: =TRUNC((_xlfn.NORM.INV((RAND()),$L$16,$L$17)),3) | O17: 10 | P17: 15.308 | Q17: 14.624 | R17: 19.745
P20: 19 | Q20: 20 | R20: 21 | T20: CV
K21: fator de segurança | M21: =IF(Distributors_Cap!D18=0,0,(IF((Demand!AU19<Distributors_Cap!D13),0,(((2*(P16+Factories_Cap!#REF!)-Distributors_Cap!L12)*(Demand!AU19-Distributors_Cap!D13))/(P11*((2*(P16+Factories_Cap!#REF!)-Distributors_Cap!L12)^0.5)))))) | N21: kd | O21: 9 | P21: 7.5925589 | Q21: 0 | R21: 0 | T21: =P11/Demand!AU19 | U21: =Q11/Demand!AV19 | V21: =R11/Demand!AW19
O22: 10 | P22: 16.32072 | Q22: 0 | R22: 4.4875361 | T22: =P12/Demand!AU20 | U22: =Q12/Demand!AV20 | V22: =R12/Demand!AW20
P24: 19 | Q24: 20 | R24: 21
N25: Ld+MaxSOf-Sd | O25: 9 | P25: =Results!$B$12+P16-Results!D17 | Q25: =Results!$B$12+Q16-Results!E17 | R25: =Results!$B$12+R16-Results!F17
O26: 10 | P26: =Results!$B$12+P17-Results!D18 | Q26: =Results!$B$12+Q17-Results!E18 | R26: =Results!$B$12+R17-Results!F18
P28: 19 | Q28: 20 | R28: 21
N29: Sd | O29: 9 | P29: =Results!D17 | Q29: =Results!E17 | R29: =Results!F17
O30: 10 | P30: =Results!D18 | Q30: =Results!E18 | R30: =Results!F18
P32: 19 | Q32: 20 | R32: 21
N33: Dem | O33: 9 | P33: =Demand!AU19 | Q33: =Demand!AV19 | R33: =Demand!AW19
O34: 10 | P34: =Demand!AU20 | Q34: =Demand!AV20 | R34: =Demand!AW20
P36: 19 | Q36: 20 | R36: 21
N37: Cap | O37: 9 | P37: =Distributors_Cap!D13 | Q37: =Distributors_Cap!E13 | R37: =Distributors_Cap!F13
O38: 10 | P38: =Distributors_Cap!D14 | Q38: =Distributors_Cap!E14 | R38: =Distributors_Cap!F14
P40: 19 | Q40: 20 | R40: 21
O41: 9 | P41: =IF((P33-P37)>=0,"Dem","Folga") | Q41: =IF((Q33-Q37)>=0,"Dem","Folga") | R41: =IF((R33-R37)>=0,"Dem","Folga")
O42: 10 | P42: =IF((P34-P38)>=0,"Dem","Folga") | Q42: =IF((Q34-Q38)>=0,"Dem","Folga") | R42: =IF((R34-R38)>=0,"Dem","Folga")

Sheet Retailers
AJ2: Tempo de atravessamento | AL2: =MIN(RetailersLeadTime)
AJ3: 60 | AK3: dias
L4: GERADOR DE DADOS | V4: GERADOR DE DADOS | AF4: GERADOR DE DADOS | AO4: GERADOR DE DADOS | BG4: Lr+MaxSOd-Sr
P5: 22 | Q5: 23 | R5: 24 | Z5: 22 | AA5: 23 | AB5: 24 | AJ5: 22 | AK5: 23 | AL5: 24 | AS5: 22 | AT5: 23 | AU5: 24 | AW5: CV | BH5: 22 | BI5: 23 | BJ5: 24 | BN5: 22 | BO5: 23 | BP5: 24 | BT5: 22 | BU5: 23 | BV5: 24 | BZ5: 22 | CA5: 23 | CB5: 24 | CE5: 22 | CF5: 23 | CG5: 24
J6: $/prod | K6: Avarege | L6: =Distributors!L6*1.1 | M6: =TRUNC((_xlfn.NORM.INV((RAND()),$L$6,$L$7)),2) | N6: hr | O6: 11 | P6: 209.12 | Q6: 185.93 | R6: 213.25 | T6: prod/dia | U6: Avarege | V6: =Demand!E25 | W6: =TRUNC((_xlfn.NORM.INV((RAND()),$V$6,$V$7)),3) | X6: sigmar | Y6: 11 | Z6: 6.79 | AA6: 6.685 | AB6: 6.691 | AD6: dias/prod | AE6: Avarege | AF6: =AJ3 | AG6: =TRUNC((_xlfn.NORM.INV((RAND()),$AF$6,$AF$7)),3) | AH6: lambdar | AI6: 11 | AJ6: 53.045 | AK6: 56.66 | AL6: 54.621 | AN6: fator de segurança | AP6: =IF(Retailers_Cap!R7=0,0,(IF((Demand!AU24<Retailers_Cap!N7),0,(((2*(AJ6+Distributors_Cap!$P$47)-Retailers_Cap!$BB$7)*(Demand!AU24-Retailers_Cap!N7))/(Z6*((2*(AJ6+Distributors_Cap!$P$47)-Retailers_Cap!BB7)^0.5)))))) | AQ6: kr | AR6: 11 | AS6: 16.090839 | AT6: 13.768397 | AU6: 4.8545205 | AW6: =Z6/Demand!AU24 | AX6: =AA6/Demand!AV24 | AY6: =AB6/Demand!AW24 | BG6: 11 | BH6: =Results!$B$19+AJ6-Results!$D$21 | BI6: =Results!$B$19+AK6-Results!$D$21 | BJ6: =Results!$B$19+AL6-Results!$D$21 | BL6: Sr | BM6: 11 | BN6: =Results!D21 | BO6: =Results!E21 | BP6: =Results!F21 | BR6: Dem | BS6: 11 | BT6: =Demand!AU24 | BU6: =Demand!AV24 | BV6: =Demand!AW24 | BX6: Cap | BY6: 11 | BZ6: =Retailers_Cap!N7 | CA6: =Retailers_Cap!O7 | CB6: =Retailers_Cap!P7 | CD6: 11 | CE6: =IF((BT6-BZ6)>=0,"Dem","Folga") | CF6: =IF((BU6-CA6)>=0,"Dem","Folga") | CG6: =IF((BV6-CB6)>=0,"Dem","Folga")
J7: $/prod | K7: Std Devition | L7: =L6*0.2 | M7: =TRUNC((_xlfn.NORM.INV((RAND()),$L$6,$L$7)),2) | O7: 12 | P7: 249.63 | Q7: 155.87 | R7: 172.64 | T7: prod/dia | U7: Std Devition | V7: =V6*0.01 | W7: =TRUNC((_xlfn.NORM.INV((RAND()),$V$6,$V$7)),3) | Y7: 12 | Z7: 6.752 | AA7: 6.812 | AB7: 6.833 | AD7: dias/prod | AE7: Std Devition | AF7: =AF6*0.2 | AG7: =TRUNC((_xlfn.NORM.INV((RAND()),$AF$6,$AF$7)),3) | AI7: 12 | AJ7: 63.666 | AK7: 66.75 | AL7: 64.45 | AR7: 12 | AS7: 0 | AT7: 0 | AU7: 13.317834 | AW7: =Z7/Demand!AU25 | AX7: =AA7/Demand!AV25 | AY7: =AB7/Demand!AW25 | BG7: 12 | BH7: =Results!$B$19+AJ7-Results!$D$21 | BI7: =Results!$B$19+AK7-Results!$D$21 | BJ7: =Results!$B$19+AL7-Results!$D$21 | BM7: 12 | BN7: =Results!D22 | BO7: =Results!E22 | BP7: =Results!F22 | BS7: 12 | BT7: =Demand!AU25 | BU7: =Demand!AV25 | BV7: =Demand!AW25 | BY7: 12 | BZ7: =Retailers_Cap!N8 | CA7: =Retailers_Cap!O8 | CB7: =Retailers_Cap!P8 | CD7: 12 | CE7: =IF((BT7-BZ7)>=0,"Dem","Folga") | CF7: =IF((BU7-CA7)>=0,"Dem","Folga") | CG7: =IF((BV7-CB7)>=0,"Dem","Folga")
M8: =TRUNC((_xlfn.NORM.INV((RAND()),$L$6,$L$7)),2) | O8: 13 | P8: 215.08 | Q8: 196.95 | R8: 106.71 | W8: =TRUNC((_xlfn.NORM.INV((RAND()),$V$6,$V$7)),3) | Y8: 13 | Z8: 6.681 | AA8: 6.74 | AB8: 6.696 | AG8: =TRUNC((_xlfn.NORM.INV((RAND()),$AF$6,$AF$7)),3) | AI8: 13 | AJ8: 51.821 | AK8: 69.478 | AL8: 55.332 | AR8: 13 | AS8: 0 | AT8: 0 | AU8: 24.781009 | AW8: =Z8/Demand!AU26 | AX8: =AA8/Demand!AV26 | AY8: =AB8/Demand!AW26 | BG8: 13 | BH8: =Results!$B$19+AJ8-Results!$D$21 | BI8: =Results!$B$19+AK8-Results!$D$21 | BJ8: =Results!$B$19+AL8-Results!$D$21 | BM8: 13 | BN8: =Results!D23 | BO8: =Results!E23 | BP8: =Results!F23 | BS8: 13 | BT8: =Demand!AU26 | BU8: =Demand!AV26 | BV8: =Demand!AW26 | BY8: 13 | BZ8: =Retailers_Cap!N9 | CA8: =Retailers_Cap!O9 | CB8: =Retailers_Cap!P9 | CD8: 13 | CE8: =IF((BT8-BZ8)>=0,"Dem","Folga") | CF8: =IF((BU8-CA8)>=0,"Dem","Folga") | CG8: =IF((BV8-CB8)>=0,"Dem","Folga")
M9: =TRUNC((_xlfn.NORM.INV((RAND()),$L$6,$L$7)),2) | O9: 14 | P9: 213.47 | Q9: 189.41 | R9: 259.02 | W9: =TRUNC((_xlfn.NORM.INV((RAND()),$V$6,$V$7)),3) | Y9: 14 | Z9: 6.736 | AA9: 6.781 | AB9: 6.708 | AG9: =TRUNC((_xlfn.NORM.INV((RAND()),$AF$6,$AF$7)),3) | AI9: 14 | AJ9: 53.004 | AK9: 56.216 | AL9: 53.435 | AR9: 14 | AS9: 0 | AT9: 0 | AU9: 0 | AW9: =Z9/Demand!AU27 | AX9: =AA9/Demand!AV27 | AY9: =AB9/Demand!AW27 | BG9: 14 | BH9: =Results!$B$19+AJ9-Results!$D$21 | BI9: =Results!$B$19+AK9-Results!$D$21 | BJ9: =Results!$B$19+AL9-Results!$D$21 | BM9: 14 | BN9: =Results!D24 | BO9: =Results!E24 | BP9: =Results!F24 | BS9: 14 | BT9: =Demand!AU27 | BU9: =Demand!AV27 | BV9: =Demand!AW27 | BY9: 14 | BZ9: =Retailers_Cap!N10 | CA9: =Retailers_Cap!O10 | CB9: =Retailers_Cap!P10 | CD9: 14 | CE9: =IF((BT9-BZ9)>=0,"Dem","Folga") | CF9: =IF((BU9-CA9)>=0,"Dem","Folga") | CG9: =IF((BV9-CB9)>=0,"Dem","Folga")
M10: =TRUNC((_xlfn.NORM.INV((RAND()),$L$6,$L$7)),2) | O10: 15 | P10: 229.13 | Q10: 174.03 | R10: 211.69 | W10: =TRUNC((_xlfn.NORM.INV((RAND()),$V$6,$V$7)),3) | Y10: 15 | Z10: 6.576 | AA10: 6.758 | AB10: 6.71 | AG10: =TRUNC((_xlfn.NORM.INV((RAND()),$AF$6,$AF$7)),3) | AI10: 15 | AJ10: 50.825 | AK10: 55.76 | AL10: 46.177 | AR10: 15 | AS10: 13.037794 | AT10: 0 | AU10: 0 | AW10: =Z10/Demand!AU28 | AX10: =AA10/Demand!AV28 | AY10: =AB10/Demand!AW28 | BG10: 15 | BH10: =Results!$B$19+AJ10-Results!$D$21 | BI10: =Results!$B$19+AK10-Results!$D$21 | BJ10: =Results!$B$19+AL10-Results!$D$21 | BM10: 15 | BN10: =Results!D25 | BO10: =Results!E25 | BP10: =Results!F25 | BS10: 15 | BT10: =Demand!AU28 | BU10: =Demand!AV28 | BV10: =Demand!AW28 | BY10: 15 | BZ10: =Retailers_Cap!N11 | CA10: =Retailers_Cap!O11 | CB10: =Retailers_Cap!P11 | CD10: 15 | CE10: =IF((BT10-BZ10)>=0,"Dem","Folga") | CF10: =IF((BU10-CA10)>=0,"Dem","Folga") | CG10: =IF((BV10-CB10)>=0,"Dem","Folga")
M11: =TRUNC((_xlfn.NORM.INV((RAND()),$L$6,$L$7)),2) | O11: 16 | P11: 254.52 | Q11: 127.67 | R11: 236.71 | W11: =TRUNC((_xlfn.NORM.INV((RAND()),$V$6,$V$7)),3) | Y11: 16 | Z11: 6.852 | AA11: 6.663 | AB11: 6.795 | AG11: =TRUNC((_xlfn.NORM.INV((RAND()),$AF$6,$AF$7)),3) | AI11: 16 | AJ11: 62.647 | AK11: 59.808 | AL11: 73.167 | AR11: 16 | AS11: 0 | AT11: 0 | AU11: 0 | AW11: =Z11/Demand!AU29 | AX11: =AA11/Demand!AV29 | AY11: =AB11/Demand!AW29 | BG11: 16 | BH11: =Results!$B$19+AJ11-Results!$D$21 | BI11: =Results!$B$19+AK11-Results!$D$21 | BJ11: =Results!$B$19+AL11-Results!$D$21 | BM11: 16 | BN11: =Results!D26 | BO11: =Results!E26 | BP11: =Results!F26 | BS11: 16 | BT11: =Demand!AU29 | BU11: =Demand!AV29 | BV11: =Demand!AW29 | BY11: 16 | BZ11: =Retailers_Cap!N12 | CA11: =Retailers_Cap!O12 | CB11: =Retailers_Cap!P12 | CD11: 16 | CE11: =IF((BT11-BZ11)>=0,"Dem","Folga") | CF11: =IF((BU11-CA11)>=0,"Dem","Folga") | CG11: =IF((BV11-CB11)>=0,"Dem","Folga")
M12: =TRUNC((_xlfn.NORM.INV((RAND()),$L$6,$L$7)),2) | O12: 17 | P12: 134.27 | Q12: 218.91 | R12: 219.58 | W12: =TRUNC((_xlfn.NORM.INV((RAND()),$V$6,$V$7)),3) | Y12: 17 | Z12: 6.759 | AA12: 6.779 | AB12: 6.642 | AG12: =TRUNC((_xlfn.NORM.INV((RAND()),$AF$6,$AF$7)),3) | AI12: 17 | AJ12: 56.062 | AK12: 46.061 | AL12: 67.549 | AR12: 17 | AS12: 11.951898 | AT12: 0 | AU12: 11.72535 | AW12: =Z12/Demand!AU30 | AX12: =AA12/Demand!AV30 | AY12: =AB12/Demand!AW30 | BG12: 17 | BH12: =Results!$B$19+AJ12-Results!$D$21 | BI12: =Results!$B$19+AK12-Results!$D$21 | BJ12: =Results!$B$19+AL12-Results!$D$21 | BM12: 17 | BN12: =Results!D27 | BO12: =Results!E27 | BP12: =Results!F27 | BS12: 17 | BT12: =Demand!AU30 | BU12: =Demand!AV30 | BV12: =Demand!AW30 | BY12: 17 | BZ12: =Retailers_Cap!N13 | CA12: =Retailers_Cap!O13 | CB12: =Retailers_Cap!P13 | CD12: 17 | CE12: =IF((BT12-BZ12)>=0,"Dem","Folga") | CF12: =IF((BU12-CA12)>=0,"Dem","Folga") | CG12: =IF((BV12-CB12)>=0,"Dem","Folga")
M13: =TRUNC((_xlfn.NORM.INV((RAND()),$L$6,$L$7)),2) | O13: 18 | P13: 178.25 | Q13: 196.91 | R13: 241.94 | W13: =TRUNC((_xlfn.NORM.INV((RAND()),$V$6,$V$7)),3) | Y13: 18 | Z13: 6.784 | AA13: 6.738 | AB13: 6.823 | AG13: =TRUNC((_xlfn.NORM.INV((RAND()),$AF$6,$AF$7)),3) | AI13: 18 | AJ13: 57.126 | AK13: 60.068 | AL13: 55.956 | AR13: 18 | AS13: 0 | AT13: 31.603547 | AU13: 37.15875 | AW13: =Z13/Demand!AU31 | AX13: =AA13/Demand!AV31 | AY13: =AB13/Demand!AW31 | BG13: 18 | BH13: =Results!$B$19+AJ13-Results!$D$21 | BI13: =Results!$B$19+AK13-Results!$D$21 | BJ13: =Results!$B$19+AL13-Results!$D$21 | BM13: 18 | BN13: =Results!D28 | BO13: =Results!E28 | BP13: =Results!F28 | BS13: 18 | BT13: =Demand!AU31 | BU13: =Demand!AV31 | BV13: =Demand!AW31 | BY13: 18 | BZ13: =Retailers_Cap!N14 | CA13: =Retailers_Cap!O14 | CB13: =Retailers_Cap!P14 | CD13: 18 | CE13: =IF((BT13-BZ13)>=0,"Dem","Folga") | CF13: =IF((BU13-CA13)>=0,"Dem","Folga") | CG13: =IF((BV13-CB13)>=0,"Dem","Folga")
M14: =TRUNC((_xlfn.NORM.INV((RAND()),$L$6,$L$7)),2) | O14: 19 | P14: 247.63 | Q14: 216.1 | R14: 172.43 | W14: =TRUNC((_xlfn.NORM.INV((RAND()),$V$6,$V$7)),3) | Y14: 19 | Z14: 6.641 | AA14: 6.786 | AB14: 6.721 | AG14: =TRUNC((_xlfn.NORM.INV((RAND()),$AF$6,$AF$7)),3) | AI14: 19 | AJ14: 70.829 | AK14: 50.286 | AL14: 59.843 | AR14: 19 | AS14: 0 | AT14: 0 | AU14: 0 | AW14: =Z14/Demand!AU32 | AX14: =AA14/Demand!AV32 | AY14: =AB14/Demand!AW32 | BG14: 19 | BH14: =Results!$B$19+AJ14-Results!$D$21 | BI14: =Results!$B$19+AK14-Results!$D$21 | BJ14: =Results!$B$19+AL14-Results!$D$21 | BM14: 19 | BN14: =Results!D29 | BO14: =Results!E29 | BP14: =Results!F29 | BS14: 19 | BT14: =Demand!AU32 | BU14: =Demand!AV32 | BV14: =Demand!AW32 | BY14: 19 | BZ14: =Retailers_Cap!N15 | CA14: =Retailers_Cap!O15 | CB14: =Retailers_Cap!P15 | CD14: 19 | CE14: =IF((BT14-BZ14)>=0,"Dem","Folga") | CF14: =IF((BU14-CA14)>=0,"Dem","Folga") | CG14: =IF((BV14-CB14)>=0,"Dem","Folga")
M15: =TRUNC((_xlfn.NORM.INV((RAND()),$L$6,$L$7)),2) | O15: 20 | P15: 197.11 | Q15: 149.84 | R15: 249.24 | W15: =TRUNC((_xlfn.NORM.INV((RAND()),$V$6,$V$7)),3) | Y15: 20 | Z15: 6.848 | AA15: 6.772 | AB15: 6.734 | AG15: =TRUNC((_xlfn.NORM.INV((RAND()),$AF$6,$AF$7)),3) | AI15: 20 | AJ15: 58.951 | AK15: 60.268 | AL15: 56.498 | AR15: 20 | AS15: 11.3042 | AT15: 0 | AU15: 0 | AW15: =Z15/Demand!AU33 | AX15: =AA15/Demand!AV33 | AY15: =AB15/Demand!AW33 | BG15: 20 | BH15: =Results!$B$19+AJ15-Results!$D$21 | BI15: =Results!$B$19+AK15-Results!$D$21 | BJ15: =Results!$B$19+AL15-Results!$D$21 | BM15: 20 | BN15: =Results!D30 | BO15: =Results!E30 | BP15: =Results!F30 | BS15: 20 | BT15: =Demand!AU33 | BU15: =Demand!AV33 | BV15: =Demand!AW33 | BY15: 20 | BZ15: =Retailers_Cap!N16 | CA15: =Retailers_Cap!O16 | CB15: =Retailers_Cap!P16 | CD15: 20 | CE15: =IF((BT15-BZ15)>=0,"Dem","Folga") | CF15: =IF((BU15-CA15)>=0,"Dem","Folga") | CG15: =IF((BV15-CB15)>=0,"Dem","Folga")
M16: =TRUNC((_xlfn.NORM.INV((RAND()),$L$6,$L$7)),2) | O16: 21 | P16: 165.72 | Q16: 260.6 | R16: 215.87 | W16: =TRUNC((_xlfn.NORM.INV((RAND()),$V$6,$V$7)),3) | Y16: 21 | Z16: 6.691 | AA16: 6.782 | AB16: 6.78 | AG16: =TRUNC((_xlfn.NORM.INV((RAND()),$AF$6,$AF$7)),3) | AI16: 21 | AJ16: 36.203 | AK16: 68.202 | AL16: 69.228 | AR16: 21 | AS16: 0 | AT16: 0 | AU16: 0 | AW16: =Z16/Demand!AU34 | AX16: =AA16/Demand!AV34 | AY16: =AB16/Demand!AW34 | BG16: 21 | BH16: =Results!$B$19+AJ16-Results!$D$21 | BI16: =Results!$B$19+AK16-Results!$D$21 | BJ16: =Results!$B$19+AL16-Results!$D$21 | BM16: 21 | BN16: =Results!D31 | BO16: =Results!E31 | BP16: =Results!F31 | BS16: 21 | BT16: =Demand!AU34 | BU16: =Demand!AV34 | BV16: =Demand!AW34 | BY16: 21 | BZ16: =Retailers_Cap!N17 | CA16: =Retailers_Cap!O17 | CB16: =Retailers_Cap!P17 | CD16: 21 | CE16: =IF((BT16-BZ16)>=0,"Dem","Folga") | CF16: =IF((BU16-CA16)>=0,"Dem","Folga") | CG16: =IF((BV16-CB16)>=0,"Dem","Folga")
M17: =TRUNC((_xlfn.NORM.INV((RAND()),$L$6,$L$7)),2) | O17: 22 | P17: 193.86 | Q17: 335.73 | R17: 285.91 | W17: =TRUNC((_xlfn.NORM.INV((RAND()),$V$6,$V$7)),3) | Y17: 22 | Z17: 6.787 | AA17: 6.751 | AB17: 6.729 | AG17: =TRUNC((_xlfn.NORM.INV((RAND()),$AF$6,$AF$7)),3) | AI17: 22 | AJ17: 50.41 | AK17: 36.9 | AL17: 83.623 | AR17: 22 | AS17: 0 | AT17: 0 | AU17: 0 | AW17: =Z17/Demand!AU35 | AX17: =AA17/Demand!AV35 | AY17: =AB17/Demand!AW35 | BG17: 22 | BH17: =Results!$B$19+AJ17-Results!$D$21 | BI17: =Results!$B$19+AK17-Results!$D$21 | BJ17: =Results!$B$19+AL17-Results!$D$21 | BM17: 22 | BN17: =Results!D32 | BO17: =Results!E32 | BP17: =Results!F32 | BS17: 22 | BT17: =Demand!AU35 | BU17: =Demand!AV35 | BV17: =Demand!AW35 | BY17: 22 | BZ17: =Retailers_Cap!N18 | CA17: =Retailers_Cap!O18 | CB17: =Retailers_Cap!P18 | CD17: 22 | CE17: =IF((BT17-BZ17)>=0,"Dem","Folga") | CF17: =IF((BU17-CA17)>=0,"Dem","Folga") | CG17: =IF((BV17-CB17)>=0,"Dem","Folga")
M18: =TRUNC((_xlfn.NORM.INV((RAND()),$L$6,$L$7)),2) | O18: 23 | P18: 253.54 | Q18: 213.71 | R18: 181.43 | W18: =TRUNC((_xlfn.NORM.INV((RAND()),$V$6,$V$7)),3) | Y18: 23 | Z18: 6.697 | AA18: 6.669 | AB18: 6.814 | AG18: =TRUNC((_xlfn.NORM.INV((RAND()),$AF$6,$AF$7)),3) | AI18: 23 | AJ18: 75.764 | AK18: 47.993 | AL18: 52.899 | AR18: 23 | AS18: 16.417081 | AT18: 11.417981 | AU18: 0 | AW18: =Z18/Demand!AU36 | AX18: =AA18/Demand!AV36 | AY18: =AB18/Demand!AW36 | BG18: 23 | BH18: =Results!$B$19+AJ18-Results!$D$21 | BI18: =Results!$B$19+AK18-Results!$D$21 | BJ18: =Results!$B$19+AL18-Results!$D$21 | BM18: 23 | BN18: =Results!D33 | BO18: =Results!E33 | BP18: =Results!F33 | BS18: 23 | BT18: =Demand!AU36 | BU18: =Demand!AV36 | BV18: =Demand!AW36 | BY18: 23 | BZ18: =Retailers_Cap!N19 | CA18: =Retailers_Cap!O19 | CB18: =Retailers_Cap!P19 | CD18: 23 | CE18: =IF((BT18-BZ18)>=0,"Dem","Folga") | CF18: =IF((BU18-CA18)>=0,"Dem","Folga") | CG18: =IF((BV18-CB18)>=0,"Dem","Folga")
M19: =TRUNC((_xlfn.NORM.INV((RAND()),$L$6,$L$7)),2) | O19: 24 | P19: 70.78 | Q19: 266.26 | R19: 195.25 | W19: =TRUNC((_xlfn.NORM.INV((RAND()),$V$6,$V$7)),3) | Y19: 24 | Z19: 6.711 | AA19: 6.702 | AB19: 6.691 | AG19: =TRUNC((_xlfn.NORM.INV((RAND()),$AF$6,$AF$7)),3) | AI19: 24 | AJ19: 78.651 | AK19: 73.084 | AL19: 56.966 | AR19: 24 | AS19: 17.061452 | AT19: 10.997417 | AU19: 0 | AW19: =Z19/Demand!AU37 | AX19: =AA19/Demand!AV37 | AY19: =AB19/Demand!AW37 | BG19: 24 | BH19: =Results!$B$19+AJ19-Results!$D$21 | BI19: =Results!$B$19+AK19-Results!$D$21 | BJ19: =Results!$B$19+AL19-Results!$D$21 | BM19: 24 | BN19: =Results!D34 | BO19: =Results!E34 | BP19: =Results!F34 | BS19: 24 | BT19: =Demand!AU37 | BU19: =Demand!AV37 | BV19: =Demand!AW37 | BY19: 24 | BZ19: =Retailers_Cap!N20 | CA19: =Retailers_Cap!O20 | CB19: =Retailers_Cap!P20 | CD19: 24 | CE19: =IF((BT19-BZ19)>=0,"Dem","Folga") | CF19: =IF((BU19-CA19)>=0,"Dem","Folga") | CG19: =IF((BV19-CB19)>=0,"Dem","Folga")
... M195: =TRUNC((_xlfn.NORM.INV((RAND()),$L$6,$L$7)),2) | O195: 200 | P195: 152.83 | Q195: 127.42 | R195: 222.46 | W195: =TRUNC((_xlfn.NORM.INV((RAND()),$V$6,$V$7)),3) | Y195: 200 | Z195: 6.719 | AA195: 6.724 | AB195: 6.803 | AG195: =TRUNC((_xlfn.NORM.INV((RAND()),$AF$6,$AF$7)),3) | AI195: 200 | AJ195: 58.3 | AK195: 59.975 | AL195: 66.089 | AR195: 200 | AS195: 25.304287 | AT195: 12.44226 | AU195: 0 | AW195: =Z195/Demand!AU213 | AX195: =AA195/Demand!AV213 | AY195: =AB195/Demand!AW213 | BG195: 200 | BH195: =Results!$B$19+AJ195-Results!$D$21 | BI195: =Results!$B$19+AK195-Results!$D$21 | BJ195: =Results!$B$19+AL195-Results!$D$21 | BM195: 200 | BN195: =Results!D210 | BO195: =Results!E210 | BP195: =Results!F210 | BS195: 200 | BT195: =Demand!AU213 | BU195: =Demand!AV213 | BV195: =Demand!AW213 | BY195: 200 | BZ195: =Retailers_Cap!N196 | CA195: =Retailers_Cap!O196 | CB195: =Retailers_Cap!P196 | CD195: 200 | CE195: =IF((BT195-BZ195)>=0,"Dem","Folga") | CF195: =IF((BU195-CA195)>=0,"Dem","Folga") | CG195: =IF((BV195-CB195)>=0,"Dem","Folga")
BH196: * | BI196: * | BJ196: * | BK196: * | BL196: * | BM196: * | BN196: * | BO196: * | BP196: * | BQ196: * | BR196: * | BS196: * | BT196: * | BU196: * | BV196: * | BW196: * | BX196: * | BY196: * | BZ196: * | CA196: * | CB196: * | CC196: * | CD196: * | CE196: * | CF196: * | CG196: * | CH196: * | CI196: * | CJ196: * | CK196: * | CL196: * | CM196: * | CN196: * | CO196: * | CP196: * | CQ196: * | CR196: * | CS196: *

Sheet Suppliers_Cap
C1: Variância da capacidade
C2: Capw | D2: 1 | E2: 2 | F2: 3 | G2: 4 | H2: 5 | I2: 6 | J2: 7 | K2: 8 | L2: 9 | M2: 10 | N2: 11 | O2: 12 | P2: 13 | Q2: 14 | R2: 15
C3: 1 | D3: =TRUNC(((D8*0.2)^2)/30,2) | E3: =TRUNC(((E8*0.2)^2)/30,2) | F3: =TRUNC(((F8*0.2)^2)/30,2) | G3: =TRUNC(((G8*0.2)^2)/30,2) | H3: =TRUNC(((H8*0.2)^2)/30,2) | I3: =TRUNC(((I8*0.2)^2)/30,2) | J3: =TRUNC(((J8*0.2)^2)/30,2) | K3: =TRUNC(((K8*0.2)^2)/30,2) | ... R3: =TRUNC(((R8*0.2)^2)/30,2)
C4: 2 | D4: =TRUNC(((D9*0.2)^2)/30,2) | E4: =TRUNC(((E9*0.2)^2)/30,2) | F4: =TRUNC(((F9*0.2)^2)/30,2) | G4: =TRUNC(((G9*0.2)^2)/30,2) | H4: =TRUNC(((H9*0.2)^2)/30,2) | I4: =TRUNC(((I9*0.2)^2)/30,2) | J4: =TRUNC(((J9*0.2)^2)/30,2) | K4: =TRUNC(((K9*0.2)^2)/30,2) | ... R4: =TRUNC(((R9*0.2)^2)/30,2)
C5: 3 | D5: =TRUNC(((D10*0.2)^2)/30,2) | E5: =TRUNC(((E10*0.2)^2)/30,2) | F5: =TRUNC(((F10*0.2)^2)/30,2) | G5: =TRUNC(((G10*0.2)^2)/30,2) | H5: =TRUNC(((H10*0.2)^2)/30,2) | I5: =TRUNC(((I10*0.2)^2)/30,2) | J5: =TRUNC(((J10*0.2)^2)/30,2) | K5: =TRUNC(((K10*0.2)^2)/30,2) | ... R5: =TRUNC(((R10*0.2)^2)/30,2)
A7: GERADOR DE DADOS | C7: Capw | D7: 1 | E7: 2 | F7: 3 | G7: 4 | H7: 5 | I7: 6 | J7: 7 | K7: 8 | L7: 9 | M7: 10 | N7: 11 | O7: 12 | P7: 13 | Q7: 14 | R7: 15
A8: =Demand!E5 | B8: =TRUNC((_xlfn.NORM.INV((RAND()),$A$8,$A$9)),2) | C8: 1 | D8: 304.6 | E8: 336.22 | F8: 367.37 | G8: 330.6 | H8: 407.16 | I8: 209.81 | J8: 353.15 | K8: 325.44 | L8: 303.38 | M8: 363.91 | N8: 423.84 | O8: 250.7 | P8: 253.28 | Q8: 216.52 | R8: 388.77
A9: =A8*0.2 | B9: =TRUNC((_xlfn.NORM.INV((RAND()),$A$8,$A$9)),2) | C9: 2 | D9: 288.68 | E9: 254.58 | F9: 333.83 | G9: 569.96 | H9: 363.61 | I9: 359.54 | J9: 304.66 | K9: 312.17 | L9: 379.11 | M9: 233.3 | N9: 387.92 | O9: 330.06 | P9: 266.36 | Q9: 408.27 | R9: 358.07
B10: =TRUNC((_xlfn.NORM.INV((RAND()),$A$8,$A$9)),2) | C10: 3 | D10: 327.67 | E10: 359.24 | F10: 403.54 | G10: 415.74 | H10: 368.14 | I10: 306.54 | J10: 220.2 | K10: 408.05 | L10: 398.03 | M10: 305.5 | N10: 241.55 | O10: 315.53 | P10: 436.88 | Q10: 393.14 | R10: 327.17
C12: RunOutTimew | D12: 1 | E12: 2 | F12: 3 | G12: 4 | H12: 5 | I12: 6 | J12: 7 | K12: 8 | L12: 9 | M12: 10 | N12: 11 | O12: 12 | P12: 13 | Q12: 14 | R12: 15
C13: 1 | D13: =IF(Demand!AU5=Suppliers_Cap!D8,0,(Beginning_stock!AT5/(Demand!AU5-Suppliers_Cap!D8))) | E13: =IF(Demand!AV5=Suppliers_Cap!E8,0,(Beginning_stock!AU5/(Demand!AV5-Suppliers_Cap!E8))) | F13: =IF(Demand!AW5=Suppliers_Cap!F8,0,(Beginning_stock!AV5/(Demand!AW5-Suppliers_Cap!F8))) | G13: =IF(Demand!AX5=Suppliers_Cap!G8,0,(Beginning_stock!AW5/(Demand!AX5-Suppliers_Cap!G8))) | H13: =IF(Demand!AY5=Suppliers_Cap!H8,0,(Beginning_stock!AX5/(Demand!AY5-Suppliers_Cap!H8))) | I13: =IF(Demand!AZ5=Suppliers_Cap!I8,0,(Beginning_stock!AY5/(Demand!AZ5-Suppliers_Cap!I8))) | J13: =IF(Demand!BA5=Suppliers_Cap!J8,0,(Beginning_stock!AZ5/(Demand!BA5-Suppliers_Cap!J8))) | K13: =IF(Demand!BB5=Suppliers_Cap!K8,0,(Beginning_stock!BA5/(Demand!BB5-Suppliers_Cap!K8))) | ... R13: =IF(Demand!BI5=Suppliers_Cap!R8,0,(Beginning_stock!BH5/(Demand!BI5-Suppliers_Cap!R8)))
C14: 2 | D14: =IF(Demand!AU6=Suppliers_Cap!D9,0,(Beginning_stock!AT6/(Demand!AU6-Suppliers_Cap!D9))) | E14: =IF(Demand!AV6=Suppliers_Cap!E9,0,(Beginning_stock!AU6/(Demand!AV6-Suppliers_Cap!E9))) | F14: =IF(Demand!AW6=Suppliers_Cap!F9,0,(Beginning_stock!AV6/(Demand!AW6-Suppliers_Cap!F9))) | G14: =IF(Demand!AX6=Suppliers_Cap!G9,0,(Beginning_stock!AW6/(Demand!AX6-Suppliers_Cap!G9))) | H14: =IF(Demand!AY6=Suppliers_Cap!H9,0,(Beginning_stock!AX6/(Demand!AY6-Suppliers_Cap!H9))) | I14: =IF(Demand!AZ6=Suppliers_Cap!I9,0,(Beginning_stock!AY6/(Demand!AZ6-Suppliers_Cap!I9))) | J14: =IF(Demand!BA6=Suppliers_Cap!J9,0,(Beginning_stock!AZ6/(Demand!BA6-Suppliers_Cap!J9))) | K14: =IF(Demand!BB6=Suppliers_Cap!K9,0,(Beginning_stock!BA6/(Demand!BB6-Suppliers_Cap!K9))) | ... R14: =IF(Demand!BI6=Suppliers_Cap!R9,0,(Beginning_stock!BH6/(Demand!BI6-Suppliers_Cap!R9)))
C15: 3 | D15: =IF(Demand!AU7=Suppliers_Cap!D10,0,(Beginning_stock!AT7/(Demand!AU7-Suppliers_Cap!D10))) | E15: =IF(Demand!AV7=Suppliers_Cap!E10,0,(Beginning_stock!AU7/(Demand!AV7-Suppliers_Cap!E10))) | F15: =IF(Demand!AW7=Suppliers_Cap!F10,0,(Beginning_stock!AV7/(Demand!AW7-Suppliers_Cap!F10))) | G15: =IF(Demand!AX7=Suppliers_Cap!G10,0,(Beginning_stock!AW7/(Demand!AX7-Suppliers_Cap!G10))) | H15: =IF(Demand!AY7=Suppliers_Cap!H10,0,(Beginning_stock!AX7/(Demand!AY7-Suppliers_Cap!H10))) | I15: =IF(Demand!AZ7=Suppliers_Cap!I10,0,(Beginning_stock!AY7/(Demand!AZ7-Suppliers_Cap!I10))) | J15: =IF(Demand!BA7=Suppliers_Cap!J10,0,(Beginning_stock!AZ7/(Demand!BA7-Suppliers_Cap!J10))) | K15: =IF(Demand!BB7=Suppliers_Cap!K10,0,(Beginning_stock!BA7/(Demand!BB7-Suppliers_Cap!K10))) | ... R15: =IF(Demand!BI7=Suppliers_Cap!R10,0,(Beginning_stock!BH7/(Demand!BI7-Suppliers_Cap!R10)))
C17: Stockout time
D18: 1 | E18: 2 | F18: 3 | G18: 4 | H18: 5 | I18: 6 | J18: 7 | K18: 8 | L18: 9 | M18: 10 | N18: 11 | O18: 12 | P18: 13 | Q18: 14 | R18: 15 | T18: máximo | V18: máximo
C19: 1 | D19: =IF(D13>0,Suppliers!I22-D13,0) | E19: =IF(E13>0,Suppliers!J22-E13,0) | F19: =IF(F13>0,Suppliers!K22-F13,0) | G19: =IF(G13>0,Suppliers!L22-G13,0) | H19: =IF(H13>0,Suppliers!M22-H13,0) | I19: =IF(I13>0,Suppliers!N22-I13,0) | J19: =IF(J13>0,Suppliers!O22-J13,0) | K19: =IF(K13>0,Suppliers!P22-K13,0) | ... R19: =IF(R13>0,Suppliers!W22-R13,0) | T19: =MAX(D19:R19) | V19: 6.887941
C20: 2 | D20: =IF(D14>0,Suppliers!I23-D14,0) | E20: =IF(E14>0,Suppliers!J23-E14,0) | F20: =IF(F14>0,Suppliers!K23-F14,0) | G20: =IF(G14>0,Suppliers!L23-G14,0) | H20: =IF(H14>0,Suppliers!M23-H14,0) | I20: =IF(I14>0,Suppliers!N23-I14,0) | J20: =IF(J14>0,Suppliers!O23-J14,0) | K20: =IF(K14>0,Suppliers!P23-K14,0) | ... R20: =IF(R14>0,Suppliers!W23-R14,0) | T20: =MAX(D20:R20) | V20: 1.6312129
C21: 3 | D21: =IF(D15>0,Suppliers!I24-D15,0) | E21: =IF(E15>0,Suppliers!J24-E15,0) | F21: =IF(F15>0,Suppliers!K24-F15,0) | G21: =IF(G15>0,Suppliers!L24-G15,0) | H21: =IF(H15>0,Suppliers!M24-H15,0) | I21: =IF(I15>0,Suppliers!N24-I15,0) | J21: =IF(J15>0,Suppliers!O24-J15,0) | K21: =IF(K15>0,Suppliers!P24-K15,0) | ... R21: =IF(R15>0,Suppliers!W24-R15,0) | T21: =MAX(D21:R21) | V21: 9.9604849
C23: Maximum stockout time per p
D24: 1 | E24: 2 | F24: 3 | G24: 4 | H24: 5 | I24: 6 | J24: 7 | K24: 8 | L24: 9 | M24: 10 | N24: 11 | O24: 12 | P24: 13 | Q24: 14 | R24: 15 | T24: máximo | V24: máximo
D25: =MAX(D19:D21) | E25: =MAX(E19:E21) | F25: =MAX(F19:F21) | G25: =MAX(G19:G21) | H25: =MAX(H19:H21) | I25: =MAX(I19:I21) | J25: =MAX(J19:J21) | K25: =MAX(K19:K21) | ... R25: =MAX(R19:R21) | T25: =MAX(D25:R25) | V25: 15.143456
C27: S0 | D27: 1 | E27: 2 | F27: 3 | G27: 4 | H27: 5 | I27: 6 | J27: 7 | K27: 8 | L27: 9 | M27: 10 | N27: 11 | O27: 12 | P27: 13 | Q27: 14 | R27: 15
C28: 1 | D28: =IF(D19<>0,D19,0) | E28: =IF(E19<>0,E19,0) | F28: =IF(F19<>0,F19,0) | G28: =IF(G19<>0,G19,0) | H28: =IF(H19<>0,H19,0) | I28: =IF(I19<>0,I19,0) | J28: =IF(J19<>0,J19,0) | K28: =IF(K19<>0,K19,0) | ... R28: =IF(R19<>0,R19,0)
C29: 2 | D29: =IF(D20<>0,D20,0) | E29: =IF(E20<>0,E20,0) | F29: =IF(F20<>0,F20,0) | G29: =IF(G20<>0,G20,0) | H29: =IF(H20<>0,H20,0) | I29: =IF(I20<>0,I20,0) | J29: =IF(J20<>0,J20,0) | K29: =IF(K20<>0,K20,0) | ... R29: =IF(R20<>0,R20,0)
C30: 3 | D30: =IF(D21<>0,D21,0) | E30: =IF(E21<>0,E21,0) | F30: =IF(F21<>0,F21,0) | G30: =IF(G21<>0,G21,0) | H30: =IF(H21<>0,H21,0) | I30: =IF(I21<>0,I21,0) | J30: =IF(J21<>0,J21,0) | K30: =IF(K21<>0,K21,0) | ... R30: =IF(R21<>0,R21,0)
C32: S0 | D32: 1 | E32: 2 | F32: 3 | G32: 4 | H32: 5 | I32: 6 | J32: 7 | K32: 8 | L32: 9 | M32: 10 | N32: 11 | O32: 12 | P32: 13 | Q32: 14 | R32: 15
C33: 1 | D33: 0 | E33: 0 | F33: 0 | G33: 0 | H33: -0.26353319 | I33: 6.887941 | J33: 0 | K33: -1.7414387 | L33: -4.3754281 | M33: 0 | N33: -56.04966 | O33: 0 | P33: -7.0631605 | Q33: 6.4229377 | R33: 5.8159195
C34: 2 | D34: -5.3616095 | E34: -1.9224196 | F34: 0 | G34: 0 | H34: -36.154562 | I34: -4.5548982 | J34: -178.82909 | K34: 0 | L34: 0 | M34: -3.2905456 | N34: 0 | O34: 1.6312129 | P34: -0.72809624 | Q34: -6.3063235 | R34: -6.2077511
C35: 3 | D35: 9.3259161 | E35: 0 | F35: 0 | G35: -1.2967884 | H35: 0 | I35: 9.9604849 | J35: 6.2210658 | K35: 0 | L35: 0 | M35: 0 | N35: 5.6261905 | O35: -103.17172 | P35: 0 | Q35: 0 | R35: -4.9981749
C37: GERADOR DE DADOS
D38: 1 | E38: 2 | F38: 3 | G38: 4 | H38: 5 | I38: 6 | J38: 7 | K38: 8 | L38: 9 | M38: 10 | N38: 11 | O38: 12 | P38: 13 | Q38: 14 | R38: 15
C39: 1 | D39: =IF(D8>Demand!AU5,0,ROUNDUP($B$43^0.5,0)) | E39: =IF(E8>Demand!AV5,0,ROUNDUP($B$43^0.5,0)) | F39: =IF(F8>Demand!AW5,0,ROUNDUP($B$43^0.5,0)) | G39: =IF(G8>Demand!AX5,0,ROUNDUP($B$43^0.5,0)) | H39: =IF(H8>Demand!AY5,0,ROUNDUP($B$43^0.5,0)) | I39: =IF(I8>Demand!AZ5,0,ROUNDUP($B$43^0.5,0)) | J39: =IF(J8>Demand!BA5,0,ROUNDUP($B$43^0.5,0)) | K39: =IF(K8>Demand!BB5,0,ROUNDUP($B$43^0.5,0)) | ... R39: =IF(R8>Demand!BI5,0,ROUNDUP($B$43^0.5,0))
C40: 2 | D40: =IF(D9>Demand!AU6,0,ROUNDUP($B$43^0.5,0)) | E40: =IF(E9>Demand!AV6,0,ROUNDUP($B$43^0.5,0)) | F40: =IF(F9>Demand!AW6,0,ROUNDUP($B$43^0.5,0)) | G40: =IF(G9>Demand!AX6,0,ROUNDUP($B$43^0.5,0)) | H40: =IF(H9>Demand!AY6,0,ROUNDUP($B$43^0.5,0)) | I40: =IF(I9>Demand!AZ6,0,ROUNDUP($B$43^0.5,0)) | J40: =IF(J9>Demand!BA6,0,ROUNDUP($B$43^0.5,0)) | K40: =IF(K9>Demand!BB6,0,ROUNDUP($B$43^0.5,0)) | ... R40: =IF(R9>Demand!BI6,0,ROUNDUP($B$43^0.5,0))
C41: 3 | D41: =IF(D10>Demand!AU7,0,ROUNDUP($B$43^0.5,0)) | E41: =IF(E10>Demand!AV7,0,ROUNDUP($B$43^0.5,0)) | F41: =IF(F10>Demand!AW7,0,ROUNDUP($B$43^0.5,0)) | G41: =IF(G10>Demand!AX7,0,ROUNDUP($B$43^0.5,0)) | H41: =IF(H10>Demand!AY7,0,ROUNDUP($B$43^0.5,0)) | I41: =IF(I10>Demand!AZ7,0,ROUNDUP($B$43^0.5,0)) | J41: =IF(J10>Demand!BA7,0,ROUNDUP($B$43^0.5,0)) | K41: =IF(K10>Demand!BB7,0,ROUNDUP($B$43^0.5,0)) | ... R41: =IF(R10>Demand!BI7,0,ROUNDUP($B$43^0.5,0))
B43: 990000000 | C43: uwip | D43: 1 | E43: 2 | F43: 3 | G43: 4 | H43: 5 | I43: 6 | J43: 7 | K43: 8 | L43: 9 | M43: 10 | N43: 11 | O43: 12 | P43: 13 | Q43: 14 | R43: 15
C44: 1 | D44: 0 | E44: 0 | F44: 0 | G44: 0 | H44: 31465 | I44: 31465 | J44: 0 | K44: 31465 | L44: 31465 | M44: 0 | N44: 31465 | O44: 0 | P44: 31465 | Q44: 31465 | R44: 31465
C45: 2 | D45: 31465 | E45: 31465 | F45: 0 | G45: 0 | H45: 31465 | I45: 31465 | J45: 31465 | K45: 0 | L45: 0 | M45: 31465 | N45: 0 | O45: 31465 | P45: 31465 | Q45: 31465 | R45: 31465
C46: 3 | D46: 31465 | E46: 0 | F46: 0 | G46: 31465 | H46: 0 | I46: 31465 | J46: 31465 | K46: 0 | L46: 0 | M46: 0 | N46: 31465 | O46: 31465 | P46: 0 | Q46: 0 | R46: 31465
C48: GERADOR DE DADOS
D49: 1 | E49: 2 | F49: 3 | G49: 4 | H49: 5 | I49: 6 | J49: 7 | K49: 8 | L49: 9 | M49: 10 | N49: 11 | O49: 12 | P49: 13 | Q49: 14 | R49: 15
C50: 1 | D50: =ROUNDDOWN(LOG((D44+1),2),0) | E50: =ROUNDDOWN(LOG((E44+1),2),0) | F50: =ROUNDDOWN(LOG((F44+1),2),0) | G50: =ROUNDDOWN(LOG((G44+1),2),0) | H50: =ROUNDDOWN(LOG((H44+1),2),0) | I50: =ROUNDDOWN(LOG((I44+1),2),0) | J50: =ROUNDDOWN(LOG((J44+1),2),0) | K50: =ROUNDDOWN(LOG((K44+1),2),0) | ... R50: =ROUNDDOWN(LOG((R44+1),2),0)
C51: 2 | D51: =ROUNDDOWN(LOG((D45+1),2),0) | E51: =ROUNDDOWN(LOG((E45+1),2),0) | F51: =ROUNDDOWN(LOG((F45+1),2),0) | G51: =ROUNDDOWN(LOG((G45+1),2),0) | H51: =ROUNDDOWN(LOG((H45+1),2),0) | I51: =ROUNDDOWN(LOG((I45+1),2),0) | J51: =ROUNDDOWN(LOG((J45+1),2),0) | K51: =ROUNDDOWN(LOG((K45+1),2),0) | ... R51: =ROUNDDOWN(LOG((R45+1),2),0)
C52: 3 | D52: =ROUNDDOWN(LOG((D46+1),2),0) | E52: =ROUNDDOWN(LOG((E46+1),2),0) | F52: =ROUNDDOWN(LOG((F46+1),2),0) | G52: =ROUNDDOWN(LOG((G46+1),2),0) | H52: =ROUNDDOWN(LOG((H46+1),2),0) | I52: =ROUNDDOWN(LOG((I46+1),2),0) | J52: =ROUNDDOWN(LOG((J46+1),2),0) | K52: =ROUNDDOWN(LOG((K46+1),2),0) | ... R52: =ROUNDDOWN(LOG((R46+1),2),0)
C54: numwip | D54: 1 | E54: 2 | F54: 3 | G54: 4 | H54: 5 | I54: 6 | J54: 7 | K54: 8 | L54: 9 | M54: 10 | N54: 11 | O54: 12 | P54: 13 | Q54: 14 | R54: 15
C55: 1 | D55: 0 | E55: 0 | F55: 0 | G55: 0 | H55: 14 | I55: 14 | J55: 0 | K55: 14 | L55: 14 | M55: 0 | N55: 14 | O55: 0 | P55: 14 | Q55: 14 | R55: 14
C56: 2 | D56: 14 | E56: 14 | F56: 0 | G56: 0 | H56: 14 | I56: 14 | J56: 14 | K56: 0 | L56: 0 | M56: 14 | N56: 0 | O56: 14 | P56: 14 | Q56: 14 | R56: 14
C57: 3 | D57: 14 | E57: 0 | F57: 0 | G57: 14 | H57: 0 | I57: 14 | J57: 14 | K57: 0 | L57: 0 | M57: 0 | N57: 14 | O57: 14 | P57: 0 | Q57: 0 | R57: 14
D59: =MAX(SuppliersNumberBinaryVarY) | F59: =MIN(SuppliersNumberBinaryVarY)
C61: Maxnumwip | D61: 14
C62: Minnumwip | D62: 0

Sheet Factories_Cap
C1: Variância da capacidade
C2: Capf | D2: 16 | E2: 17 | F2: 18
C3: 4 | D3: =TRUNC(((D8*0.2)^2)/30,2) | E3: =TRUNC(((E8*0.2)^2)/30,2) | F3: =TRUNC(((F8*0.2)^2)/30,2)
C4: 5 | D4: =TRUNC(((D9*0.2)^2)/30,2) | E4: =TRUNC(((E9*0.2)^2)/30,2) | F4: =TRUNC(((F9*0.2)^2)/30,2)
C5: 6 | D5: =TRUNC(((D10*0.2)^2)/30,2) | E5: =TRUNC(((E10*0.2)^2)/30,2) | F5: =TRUNC(((F10*0.2)^2)/30,2)
A7: GERADOR DE DADOS | C7: Capf | D7: 16 | E7: 17 | F7: 18
A8: =Demand!E11 | B8: =TRUNC((_xlfn.NORM.INV((RAND()),$A$8,$A$9)),2) | C8: 4 | D8: 1390.95 | E8: 1437.58 | F8: 1688.77
A9: =A8*0.2 | B9: =TRUNC((_xlfn.NORM.INV((RAND()),$A$8,$A$9)),2) | C9: 5 | D9: 1503.1 | E9: 1294.01 | F9: 2188.83
B10: =TRUNC((_xlfn.NORM.INV((RAND()),$A$8,$A$9)),2) | C10: 6 | D10: 1709.45 | E10: 1169.55 | F10: 2274.49
D12: 16 | E12: 17 | F12: 18
C13: 4 | D13: =IF(Demand!AU11=D8,0,(Beginning_stock!AT15/(Demand!AU11-D8))) | E13: =IF(Demand!AV11=E8,0,(Beginning_stock!AU15/(Demand!AV11-E8))) | F13: =IF(Demand!AW11=F8,0,(Beginning_stock!AV15/(Demand!AW11-F8)))
C14: 5 | D14: =IF(Demand!AU12=D9,0,(Beginning_stock!AT16/(Demand!AU12-D9))) | E14: =IF(Demand!AV12=E9,0,(Beginning_stock!AU16/(Demand!AV12-E9))) | F14: =IF(Demand!AW12=F9,0,(Beginning_stock!AV16/(Demand!AW12-F9)))
C15: 6 | D15: =IF(Demand!AU13=D10,0,(Beginning_stock!AT17/(Demand!AU13-D10))) | E15: =IF(Demand!AV13=E10,0,(Beginning_stock!AU17/(Demand!AV13-E10))) | F15: =IF(Demand!AW13=F10,0,(Beginning_stock!AV17/(Demand!AW13-F10)))
C17: Stockout time
D18: 16 | E18: 17 | F18: 18
C19: 4 | D19: =IF(D13>0,Factories!I22-D13,0) | E19: =IF(E13>0,Factories!J22-E13,0) | F19: =IF(F13>0,Factories!K22-F13,0)
C20: 5 | D20: =IF(D14>0,Factories!I23-D14,0) | E20: =IF(E14>0,Factories!J23-E14,0) | F20: =IF(F14>0,Factories!K23-F14,0)
C21: 6 | D21: =IF(D15>0,Factories!I24-D15,0) | E21: =IF(E15>0,Factories!J24-E15,0) | F21: =IF(F15>0,Factories!K24-F15,0)
C23: Maximum stockout time per p
D24: 16 | E24: 17 | F24: 18
D25: =MAX(D19:D21) | E25: =MAX(E19:E21) | F25: =MAX(F19:F21)
C27: S0 | D27: 16 | E27: 17 | F27: 18
C28: 4 | D28: =IF(D19<>0,D19,0) | E28: =IF(E19<>0,E19,0) | F28: =IF(F19<>0,F19,0)
C29: 5 | D29: =IF(D20<>0,D20,0) | E29: =IF(E20<>0,E20,0) | F29: =IF(F20<>0,F20,0)
C30: 6 | D30: =IF(D21<>0,D21,0) | E30: =IF(E21<>0,E21,0) | F30: =IF(F21<>0,F21,0)
C32: S0 | D32: 16 | E32: 17 | F32: 18
C33: 4 | D33: 4.2298121 | E33: 4.0957255 | F33: 1.9526084
C34: 5 | D34: 0 | E34: 5.4575384 | F34: 0
C35: 6 | D35: 0 | E35: 4.6413235 | F35: 0
C37: GERADOR DE DADOS
D38: 16 | E38: 17 | F38: 18
C39: 4 | D39: =IF(D8>Demand!AU11,0,ROUNDUP($B$43^0.5,0)) | E39: =IF(E8>Demand!AV11,0,ROUNDUP($B$43^0.5,0)) | F39: =IF(F8>Demand!AW11,0,ROUNDUP($B$43^0.5,0))
C40: 5 | D40: =IF(D9>Demand!AU12,0,ROUNDUP($B$43^0.5,0)) | E40: =IF(E9>Demand!AV12,0,ROUNDUP($B$43^0.5,0)) | F40: =IF(F9>Demand!AW12,0,ROUNDUP($B$43^0.5,0))
C41: 6 | D41: =IF(D10>Demand!AU13,0,ROUNDUP($B$43^0.5,0)) | E41: =IF(E10>Demand!AV13,0,ROUNDUP($B$43^0.5,0)) | F41: =IF(F10>Demand!AW13,0,ROUNDUP($B$43^0.5,0))
B43: 990000000 | C43: ufip | D43: 16 | E43: 17 | F43: 18
C44: 4 | D44: 31465 | E44: 31465 | F44: 31465
C45: 5 | D45: 0 | E45: 31465 | F45: 0
C46: 6 | D46: 0 | E46: 31465 | F46: 0
C48: GERADOR DE DADOS
D49: 16 | E49: 17 | F49: 18
C50: 4 | D50: =ROUNDDOWN(LOG((D44+1),2),0) | E50: =ROUNDDOWN(LOG((E44+1),2),0) | F50: =ROUNDDOWN(LOG((F44+1),2),0)
C51: 5 | D51: =ROUNDDOWN(LOG((D45+1),2),0) | E51: =ROUNDDOWN(LOG((E45+1),2),0) | F51: =ROUNDDOWN(LOG((F45+1),2),0)
C52: 6 | D52: =ROUNDDOWN(LOG((D46+1),2),0) | E52: =ROUNDDOWN(LOG((E46+1),2),0) | F52: =ROUNDDOWN(LOG((F46+1),2),0)
C54: numfip | D54: 16 | E54: 17 | F54: 18
C55: 4 | D55: 14 | E55: 14 | F55: 14
C56: 5 | D56: 0 | E56: 14 | F56: 0
C57: 6 | D57: 0 | E57: 14 | F57: 0
D59: =MAX(FactoriesNumberBinaryVarY) | F59: =MIN(FactoriesNumberBinaryVarY)
C61: Maxnumfip | D61: 14
C62: Minnumfip | D62: 0

Sheet Distributors_Cap
K2: lambdad | L2: 19 | M2: 20 | N2: 21
K3: 9 | L3: 19.26 | M3: 16.289 | N3: 18.674
K4: 10 | L4: 15.308 | M4: 14.624 | N4: 19.745
C6: lambdad | D6: 19 | E6: 20 | F6: 21 | K6: Ei (p) | L6: 19 | M6: 20 | N6: 21 | S6: 1 | T6: 2 | U6: 3 | V6: 4 | W6: 5 | X6: 6 | Y6: 7 | Z6: 8 | AA6: 9 | AB6: 10 | AC6: 11 | AD6: 12 | AE6: 13 | AF6: 14 | AG6: 15
C7: 9 | D7: 19.26 | E7: 16.289 | F7: 18.674 | K7: 9 | L7: =Beginning_stock!AT25 | M7: =Beginning_stock!AU25 | N7: =Beginning_stock!AV25 | Q7: Lambdaw | R7: 1 | S7: 18.505 | T7: 15.462 | U7: 11.972 | V7: 13.559 | W7: 15.373 | X7: 17.73 | Y7: 15.342 | Z7: 19.782 | AA7: 12.66 | AB7: 13.452 | AC7: 14.32 | AD7: 18.487 | AE7: 15.858 | AF7: 15.037 | AG7: 12.314
C8: 10 | D8: 15.308 | E8: 14.624 | F8: 19.745 | K8: 10 | L8: =Beginning_stock!AT26 | M8: =Beginning_stock!AU26 | N8: =Beginning_stock!AV26 | R8: 2 | S8: 16.684 | T8: 15.732 | U8: 16.241 | V8: 15.693 | W8: 11.913 | X8: 13.523 | Y8: 13.636 | Z8: 16.606 | AA8: 17.887 | AB8: 10.093 | AC8: 12.59 | AD8: 16.779 | AE8: 18.918 | AF8: 21.384 | AG8: 12.893
R9: 3 | S9: 14.153 | T9: 9.699 | U9: 19.802 | V9: 21.443 | W9: 18.022 | X9: 17.336 | Y9: 16.02 | Z9: 20.89 | AA9: 19.51 | AB9: 17.487 | AC9: 13.032 | AD9: 14.763 | AE9: 17.64 | AF9: 11.211 | AG9: 11.457
D10: =MIN(D7:F8) | E10: =MAX(D7:F8) | K10: Ei Exhaustion time (days)
L11: 19 | M11: 20 | N11: 21
A12: GERADOR DE DADOS | C12: Cap | D12: 19 | E12: 20 | F12: 21 | K12: 9 | L12: =IF(Demand!AU19=Distributors_Cap!D13,"dist=0",(L7/(Demand!AU19-Distributors_Cap!D13))) | M12: =IF(Demand!AV19=Distributors_Cap!E13,"dist=0",(M7/(Demand!AV19-Distributors_Cap!E13))) | N12: =IF(Demand!AW19=Distributors_Cap!F13,"dist=0",(N7/(Demand!AW19-Distributors_Cap!F13))) | R12: máximo | S12: =MAX(S7:AG9)
A13: =2500*1.05 | B13: =TRUNC((_xlfn.NORM.INV((RAND()),$A$13,$A$14)),0) | C13: 9 | D13: 2029 | E13: 2799 | F13: 3273 | K13: 10 | L13: =IF(Demand!AU20=Distributors_Cap!D14,"dist=0",(L8/(Demand!AU20-Distributors_Cap!D14))) | M13: =IF(Demand!AV20=Distributors_Cap!E14,"dist=0",(M8/(Demand!AV20-Distributors_Cap!E14))) | N13: =IF(Demand!AW20=Distributors_Cap!F14,"dist=0",(N8/(Demand!AW20-Distributors_Cap!F14)))
A14: =A13*0.2 | B14: =TRUNC((_xlfn.NORM.INV((RAND()),$A$13,$A$14)),0) | C14: 10 | D14: 1163 | E14: 3232 | F14: 2404 | S14: 16 | T14: 17 | U14: 18
K15: Delta | Q15: lambdaf | R15: 4 | S15: 4.903 | T15: 6.218 | U15: 4.744
D16: =MIN(D13:F14) | E16: =MAX(D13:F14) | L16: 19 | M16: 20 | N16: 21 | R16: 5 | S16: 4.871 | T16: 4.236 | U16: 6.462
A17: GERADOR DE DADOS | D17: GERADOR DE DADOS | K17: 9 | L17: =IF(Demand!AU19<=Distributors_Cap!D13,"dist=0",(IF(L12<=D7+Factories_Cap!#REF!,1,0))) | M17: =IF(Demand!AV19<=Distributors_Cap!E13,"dist=0",(IF(M12<=E7+Factories_Cap!#REF!,1,0))) | N17: =IF(Demand!AW19<=Distributors_Cap!F13,"dist=0",(IF(N12<=F7+Factories_Cap!#REF!,1,0))) | R17: 6 | S17: 5.257 | T17: 5.942 | U17: 2.985
B18: =IF(D13>Demand!AU19,0,(IF(((2*(Distributors!P16+Factories_Cap!#REF!)-Distributors_Cap!L12)*(Demand!AU19-Distributors_Cap!D13))<0,0,((IF(L12>2*(Distributors!P16+Factories_Cap!#REF!),0,(IF(L17=0,ROUNDUP((2*(Distributors!P16+Factories_Cap!#REF!)-L12)^0.5,0),ROUNDUP((2*(Distributors!P16+Factories_Cap!#REF!)-L12)^0.5,0))))))))) | D18: =IF(D13>Demand!AU19,0,(IF(((2*(Distributors!P16+Factories_Cap!#REF!)-Distributors_Cap!L12)*(Demand!AU19-Distributors_Cap!D13))<0,0,((IF(L12>2*(Distributors!P16+Factories_Cap!#REF!),0,(IF(L17=0,ROUNDUP((2*(Distributors!P16+Factories_Cap!#REF!)-L12)^0.5,0),ROUNDUP((2*(Distributors!P16+Factories_Cap!#REF!)-L12)^0.5,0))))))))) | E18: =IF(E13>Demand!AV19,0,(IF(((2*(Distributors!Q16+Factories_Cap!#REF!)-Distributors_Cap!M12)*(Demand!AV19-Distributors_Cap!E13))<0,0,((IF(M12>2*(Distributors!Q16+Factories_Cap!#REF!),0,(IF(M17=0,ROUNDUP((2*(Distributors!Q16+Factories_Cap!#REF!)-M12)^0.5,0),ROUNDUP((2*(Distributors!Q16+Factories_Cap!#REF!)-M12)^0.5,0))))))))) | F18: =IF(F13>Demand!AW19,0,(IF(((2*(Distributors!R16+Factories_Cap!#REF!)-Distributors_Cap!N12)*(Demand!AW19-Distributors_Cap!F13))<0,0,((IF(N12>2*(Distributors!R16+Factories_Cap!#REF!),0,(IF(N17=0,ROUNDUP((2*(Distributors!R16+Factories_Cap!#REF!)-N12)^0.5,0),ROUNDUP((2*(Distributors!R16+Factories_Cap!#REF!)-N12)^0.5,0))))))))) | K18: 10 | L18: =IF(Demand!AU20<=Distributors_Cap!D14,"dist=0",(IF(L13<=D8+Factories_Cap!#REF!,1,0))) | M18: =IF(Demand!AV20<=Distributors_Cap!E14,"dist=0",(IF(M13<=E8+Factories_Cap!#REF!,1,0))) | N18: =IF(Demand!AW20<=Distributors_Cap!F14,"dist=0",(IF(N13<=F8+Factories_Cap!#REF!,1,0))) | R18: 7 | S18: 4.985 | T18: 5.071 | U18: 4.562
D19: =IF(D14>Demand!AU20,0,(IF(((2*(Distributors!P17+Factories_Cap!#REF!)-Distributors_Cap!L13)*(Demand!AU20-Distributors_Cap!D14))<0,0,((IF(L13>2*(Distributors!P17+Factories_Cap!#REF!),0,(IF(L18=0,ROUNDUP((2*(Distributors!P17+Factories_Cap!#REF!)-L13)^0.5,0),ROUNDUP((2*(Distributors!P17+Factories_Cap!#REF!)-L13)^0.5,0))))))))) | E19: =IF(E14>Demand!AV20,0,(IF(((2*(Distributors!Q17+Factories_Cap!#REF!)-Distributors_Cap!M13)*(Demand!AV20-Distributors_Cap!E14))<0,0,((IF(M13>2*(Distributors!Q17+Factories_Cap!#REF!),0,(IF(M18=0,ROUNDUP((2*(Distributors!Q17+Factories_Cap!#REF!)-M13)^0.5,0),ROUNDUP((2*(Distributors!Q17+Factories_Cap!#REF!)-M13)^0.5,0))))))))) | F19: =IF(F14>Demand!AW20,0,(IF(((2*(Distributors!R17+Factories_Cap!#REF!)-Distributors_Cap!N13)*(Demand!AW20-Distributors_Cap!F14))<0,0,((IF(N13>2*(Distributors!R17+Factories_Cap!#REF!),0,(IF(N18=0,ROUNDUP((2*(Distributors!R17+Factories_Cap!#REF!)-N13)^0.5,0),ROUNDUP((2*(Distributors!R17+Factories_Cap!#REF!)-N13)^0.5,0))))))))) | R19: 8 | S19: 4.468 | T19: 5.629 | U19: 4.901
K20: MaxSOf+Ld-Sd
C21: udip | D21: 19 | E21: 20 | F21: 21 | L21: 19 | M21: 20 | N21: 21 | R21: máximo | S21: =MAX(S15:U19)
C22: 9 | D22: 8 | E22: 0 | F22: 0 | K22: 9 | L22: =Distributors!P25 | M22: =Distributors!Q25 | N22: =Distributors!R25
C23: 10 | D23: 8 | E23: 0 | F23: 6 | K23: 10 | L23: =Distributors!P26 | M23: =Distributors!Q26 | N23: =Distributors!R26
D24: GERADOR DE DADOS
D25: =ROUNDDOWN(LOG((D22+1),2),0) | E25: =ROUNDDOWN(LOG((E22+1),2),0) | F25: =ROUNDDOWN(LOG((F22+1),2),0) | K25: Auxd
D26: =ROUNDDOWN(LOG((D23+1),2),0) | E26: =ROUNDDOWN(LOG((E23+1),2),0) | F26: =ROUNDDOWN(LOG((F23+1),2),0) | L26: 19 | M26: 20 | N26: 21
K27: 9 | L27: =#REF! | M27: =#REF! | N27: =#REF!
C28: numdip | D28: 19 | E28: 20 | F28: 21 | K28: 10 | L28: =#REF! | M28: =#REF! | N28: =#REF!
C29: 9 | D29: 3 | E29: 0 | F29: 0
C30: 10 | D30: 3 | E30: 0 | F30: 2 | K30: Kd
L31: 19 | M31: 20 | N31: 21
K32: 9 | L32: =Distributors!P21 | M32: =Distributors!Q21 | N32: =Distributors!R21
D33: =MAX(DistributorsNumberBinaryVarY) | F33: =MIN(DistributorsNumberBinaryVarY) | K33: 10 | L33: =Distributors!P22 | M33: =Distributors!Q22 | N33: =Distributors!R22
C35: Maxnumdip | D35: 3 | K35: Dist
C36: Minnumdip | D36: 0 | L36: 19 | M36: 20 | N36: 21
K37: 9 | L37: =Results!#REF! | M37: =Results!#REF! | N37: =Results!#REF!
K38: 10 | L38: =Results!#REF! | M38: =Results!#REF! | N38: =Results!#REF!
K40: Sd
L41: 19 | M41: 20 | N41: 21
K42: 9 | L42: =Distributors!P29 | M42: =Distributors!Q29 | N42: =Distributors!R29
K43: 10 | L43: =Distributors!P30 | M43: =Distributors!Q30 | N43: =Distributors!R30
L45: Stockout time
L46: 16 | M46: 17 | N46: 18 | P46: máximo | R46: máximo
K47: 4 | L47: =IF(L12="dist=0",0,IF(L12>0,L3+Factories_Cap!#REF!-L12,0)) | M47: =IF(M12="dist=0",0,IF(M12>0,M3+Factories_Cap!#REF!-M12,0)) | N47: =IF(N12="dist=0",0,IF(N12>0,N3+Factories_Cap!#REF!-N12,0)) | P47: =MAX(L47:N48) | R47: 25.240235
K48: 5 | L48: =IF(L13="dist=0",0,IF(L13>0,L4+Factories_Cap!#REF!-L13,0)) | M48: =IF(M13="dist=0",0,IF(M13>0,M4+Factories_Cap!#REF!-M13,0)) | N48: =IF(N13="dist=0",0,IF(N13>0,N4+Factories_Cap!#REF!-N13,0))

Sheet Retailers_Cap
N2: mínimo | O2: máximo
N3: =MIN(RetailersCap) | O3: =MAX(RetailersCap)
K5: GERADOR DE DADOS | Q5: GERADOR DE DADOS | AB5: GERADOR DE DADOS | BA5: Ei Exhaustion time (days) | BF5: Delta | BK5: MaxSOd+Lr-Sr | BP5: Auxr | BU5: Kr | BZ5: Ret | CE5: Sr | CK5: Stockout time
G6: lambdar | H6: 22 | I6: 23 | J6: 24 | M6: Cap | N6: 22 | O6: 23 | P6: 24 | X6: 22 | Y6: 23 | Z6: 24 | AH6: 22 | AI6: 23 | AJ6: 24 | AQ6: lambdar | AR6: 22 | AS6: 23 | AT6: 24 | AV6: Ei (p) | AW6: 22 | AX6: 23 | AY6: 24 | BA6: Ei (p) | BB6: 22 | BC6: 23 | BD6: 24 | BG6: 22 | BH6: 23 | BI6: 24 | BL6: 22 | BM6: 23 | BN6: 24 | BQ6: 22 | BR6: 23 | BS6: 24 | BV6: 22 | BW6: 23 | BX6: 24 | CA6: 22 | CB6: 23 | CC6: 24 | CF6: 22 | CG6: 23 | CH6: 24 | CK6: 22 | CL6: 23 | CM6: 24 | CO6: máximo | CQ6: máximo | CU6: 1 | CV6: 2 | CW6: 3 | CX6: 4 | CY6: 5 | CZ6: 6 | DA6: 7 | DB6: 8 | DC6: 9 | DD6: 10 | DE6: 11 | DF6: 12 | DG6: 13 | DH6: 14 | DI6: 15
G7: 11 | H7: 53.045 | I7: 56.66 | J7: 54.621 | K7: =27*1.05 | L7: =TRUNC((_xlfn.NORM.INV((RAND()),$K$7,$K$8)),0) | M7: 11 | N7: 25 | O7: 27 | P7: 25 | Q7: =IF(N7>Demand!AU24,0,(IF(((2*(Retailers!AJ6+Distributors_Cap!$P$47)-Retailers_Cap!$BB$7)*(Demand!AU24-Retailers_Cap!N7))<0,0,((IF(BB7>2*(Retailers!AJ6+Distributors_Cap!$P$47),0,(IF(BG7=0,ROUNDUP((2*(Retailers!AJ6+Distributors_Cap!$P$47)-BB7)^0.5,0),ROUNDUP((2*(Retailers!AJ6+Distributors_Cap!$P$47)-BB7)^0.5,0))))))))) | R7: =IF(N7>Demand!AU24,0,(IF(((2*(Retailers!AJ6+Distributors_Cap!$P$47)-Retailers_Cap!$BB$7)*(Demand!AU24-Retailers_Cap!N7))<0,0,((IF(BB7>2*(Retailers!AJ6+Distributors_Cap!$P$47),0,(IF(BG7=0,ROUNDUP((2*(Retailers!AJ6+Distributors_Cap!$P$47)-BB7)^0.5,0),ROUNDUP((2*(Retailers!AJ6+Distributors_Cap!$P$47)-BB7)^0.5,0))))))))) | S7: =IF(O7>Demand!AV24,0,(IF(((2*(Retailers!AK6+Distributors_Cap!$P$47)-Retailers_Cap!$BB$7)*(Demand!AV24-Retailers_Cap!O7))<0,0,((IF(BC7>2*(Retailers!AK6+Distributors_Cap!$P$47),0,(IF(BH7=0,ROUNDUP((2*(Retailers!AK6+Distributors_Cap!$P$47)-BC7)^0.5,0),ROUNDUP((2*(Retailers!AK6+Distributors_Cap!$P$47)-BC7)^0.5,0))))))))) | T7: =IF(P7>Demand!AW24,0,(IF(((2*(Retailers!AL6+Distributors_Cap!$P$47)-Retailers_Cap!$BB$7)*(Demand!AW24-Retailers_Cap!P7))<0,0,((IF(BD7>2*(Retailers!AL6+Distributors_Cap!$P$47),0,(IF(BI7=0,ROUNDUP((2*(Retailers!AL6+Distributors_Cap!$P$47)-BD7)^0.5,0),ROUNDUP((2*(Retailers!AL6+Distributors_Cap!$P$47)-BD7)^0.5,0))))))))) | V7: urip | W7: 11 | X7: 11 | Y7: 13 | Z7: 12 | AB7: =ROUNDDOWN(LOG((X7+1),2),0) | AC7: =ROUNDDOWN(LOG((Y7+1),2),0) | AD7: =ROUNDDOWN(LOG((Z7+1),2),0) | AF7: numrip | AG7: 11 | AH7: 3 | AI7: 3 | AJ7: 3 | AN7: =MAX(RetailersNumberBinaryVarY) | AO7: =MIN(RetailersNumberBinaryVarY) | AQ7: 11 | AR7: 53.045 | AS7: 56.66 | AT7: 54.621 | AV7: 11 | AW7: =Beginning_stock!AT35 | AX7: =Beginning_stock!AU35 | AY7: =Beginning_stock!AV35 | BA7: 11 | BB7: =IF(Demand!AU24=Retailers_Cap!N7,"ret=0",(AW7/(Demand!AU24-Retailers_Cap!N7))) | BC7: =IF(Demand!AV24=Retailers_Cap!O7,"ret=0",(AX7/(Demand!AV24-Retailers_Cap!O7))) | BD7: =IF(Demand!AW24=Retailers_Cap!P7,"ret=0",(AY7/(Demand!AW24-Retailers_Cap!P7))) | BF7: 11 | BG7: =IF(Demand!AU24<=Retailers_Cap!N7,"ret=0",(IF(BB7<=AR7+Distributors_Cap!$P$47,1,0))) | BH7: =IF(Demand!AV24<=Retailers_Cap!O7,"ret=0",(IF(BC7<=AS7+Distributors_Cap!$P$47,1,0))) | BI7: =IF(Demand!AW24<=Retailers_Cap!P7,"ret=0",(IF(BD7<=AT7+Distributors_Cap!$P$47,1,0))) | BK7: 11 | BL7: =Retailers!BH6 | BM7: =Retailers!BI6 | BN7: =Retailers!BJ6 | BP7: 11 | BQ7: =#REF! | BR7: =#REF! | BS7: =#REF! | BU7: 11 | BV7: =Retailers!AS6 | BW7: =Retailers!AT6 | BX7: =Retailers!AU6 | BZ7: 11 | CA7: =Results!#REF! | CB7: =Results!#REF! | CC7: =Results!#REF! | CE7: 11 | CF7: =Retailers!BN6 | CG7: =Retailers!BO6 | CH7: =Retailers!BP6 | CJ7: 11 | CK7: =IF(BB7="ret=0",0,IF(BB7>0,AR7+Distributors_Cap!$P$47-BB7,0)) | CL7: =IF(BC7="ret=0",0,IF(BC7>0,AS7+Distributors_Cap!$P$47-BC7,0)) | CM7: =IF(BD7="ret=0",0,IF(BD7>0,AT7+Distributors_Cap!$P$47-BD7,0)) | CO7: =MAX(CK7:CM196) | CQ7: 103.23038 | CS7: Lambdaw | CT7: 1 | CU7: 18.505 | CV7: 15.462 | CW7: 11.972 | CX7: 13.559 | CY7: 15.373 | CZ7: 17.73 | DA7: 15.342 | DB7: 19.782 | DC7: 12.66 | DD7: 13.452 | DE7: 14.32 | DF7: 18.487 | DG7: 15.858 | DH7: 15.037 | DI7: 12.314
G8: 12 | H8: 63.666 | I8: 66.75 | J8: 64.45 | K8: =K7*0.25 | L8: =TRUNC((_xlfn.NORM.INV((RAND()),$K$7,$K$8)),0) | M8: 12 | N8: 33 | O8: 24 | P8: 18 | R8: =IF(N8>Demand!AU25,0,(IF(((2*(Retailers!AJ7+Distributors_Cap!$P$47)-Retailers_Cap!$BB$7)*(Demand!AU25-Retailers_Cap!N8))<0,0,((IF(BB8>2*(Retailers!AJ7+Distributors_Cap!$P$47),0,(IF(BG8=0,ROUNDUP((2*(Retailers!AJ7+Distributors_Cap!$P$47)-BB8)^0.5,0),ROUNDUP((2*(Retailers!AJ7+Distributors_Cap!$P$47)-BB8)^0.5,0))))))))) | S8: =IF(O8>Demand!AV25,0,(IF(((2*(Retailers!AK7+Distributors_Cap!$P$47)-Retailers_Cap!$BB$7)*(Demand!AV25-Retailers_Cap!O8))<0,0,((IF(BC8>2*(Retailers!AK7+Distributors_Cap!$P$47),0,(IF(BH8=0,ROUNDUP((2*(Retailers!AK7+Distributors_Cap!$P$47)-BC8)^0.5,0),ROUNDUP((2*(Retailers!AK7+Distributors_Cap!$P$47)-BC8)^0.5,0))))))))) | T8: =IF(P8>Demand!AW25,0,(IF(((2*(Retailers!AL7+Distributors_Cap!$P$47)-Retailers_Cap!$BB$7)*(Demand!AW25-Retailers_Cap!P8))<0,0,((IF(BD8>2*(Retailers!AL7+Distributors_Cap!$P$47),0,(IF(BI8=0,ROUNDUP((2*(Retailers!AL7+Distributors_Cap!$P$47)-BD8)^0.5,0),ROUNDUP((2*(Retailers!AL7+Distributors_Cap!$P$47)-BD8)^0.5,0))))))))) | W8: 12 | X8: 0 | Y8: 0 | Z8: 10 | AB8: =ROUNDDOWN(LOG((X8+1),2),0) | AC8: =ROUNDDOWN(LOG((Y8+1),2),0) | AD8: =ROUNDDOWN(LOG((Z8+1),2),0) | AG8: 12 | AH8: 0 | AI8: 0 | AJ8: 3 | AQ8: 12 | AR8: 63.666 | AS8: 66.75 | AT8: 64.45 | AV8: 12 | AW8: =Beginning_stock!AT36 | AX8: =Beginning_stock!AU36 | AY8: =Beginning_stock!AV36 | BA8: 12 | BB8: =IF(Demand!AU25=Retailers_Cap!N8,"ret=0",(AW8/(Demand!AU25-Retailers_Cap!N8))) | BC8: =IF(Demand!AV25=Retailers_Cap!O8,"ret=0",(AX8/(Demand!AV25-Retailers_Cap!O8))) | BD8: =IF(Demand!AW25=Retailers_Cap!P8,"ret=0",(AY8/(Demand!AW25-Retailers_Cap!P8))) | BF8: 12 | BG8: =IF(Demand!AU25<=Retailers_Cap!N8,"ret=0",(IF(BB8<=AR8+Distributors_Cap!$P$47,1,0))) | BH8: =IF(Demand!AV25<=Retailers_Cap!O8,"ret=0",(IF(BC8<=AS8+Distributors_Cap!$P$47,1,0))) | BI8: =IF(Demand!AW25<=Retailers_Cap!P8,"ret=0",(IF(BD8<=AT8+Distributors_Cap!$P$47,1,0))) | BK8: 12 | BL8: =Retailers!BH7 | BM8: =Retailers!BI7 | BN8: =Retailers!BJ7 | BP8: 12 | BQ8: =#REF! | BR8: =#REF! | BS8: =#REF! | BU8: 12 | BV8: =Retailers!AS7 | BW8: =Retailers!AT7 | BX8: =Retailers!AU7 | BZ8: 12 | CA8: =Results!#REF! | CB8: =Results!#REF! | CC8: =Results!#REF! | CE8: 12 | CF8: =Retailers!BN7 | CG8: =Retailers!BO7 | CH8: =Retailers!BP7 | CJ8: 12 | CK8: =IF(BB8="ret=0",0,IF(BB8>0,AR8+Distributors_Cap!$P$47-BB8,0)) | CL8: =IF(BC8="ret=0",0,IF(BC8>0,AS8+Distributors_Cap!$P$47-BC8,0)) | CM8: =IF(BD8="ret=0",0,IF(BD8>0,AT8+Distributors_Cap!$P$47-BD8,0)) | CT8: 2 | CU8: 16.684 | CV8: 15.732 | CW8: 16.241 | CX8: 15.693 | CY8: 11.913 | CZ8: 13.523 | DA8: 13.636 | DB8: 16.606 | DC8: 17.887 | DD8: 10.093 | DE8: 12.59 | DF8: 16.779 | DG8: 18.918 | DH8: 21.384 | DI8: 12.893
G9: 13 | H9: 51.821 | I9: 69.478 | J9: 55.332 | L9: =TRUNC((_xlfn.NORM.INV((RAND()),$K$7,$K$8)),0) | M9: 13 | N9: 33 | O9: 28 | P9: 16 | R9: =IF(N9>Demand!AU26,0,(IF(((2*(Retailers!AJ8+Distributors_Cap!$P$47)-Retailers_Cap!$BB$7)*(Demand!AU26-Retailers_Cap!N9))<0,0,((IF(BB9>2*(Retailers!AJ8+Distributors_Cap!$P$47),0,(IF(BG9=0,ROUNDUP((2*(Retailers!AJ8+Distributors_Cap!$P$47)-BB9)^0.5,0),ROUNDUP((2*(Retailers!AJ8+Distributors_Cap!$P$47)-BB9)^0.5,0))))))))) | S9: =IF(O9>Demand!AV26,0,(IF(((2*(Retailers!AK8+Distributors_Cap!$P$47)-Retailers_Cap!$BB$7)*(Demand!AV26-Retailers_Cap!O9))<0,0,((IF(BC9>2*(Retailers!AK8+Distributors_Cap!$P$47),0,(IF(BH9=0,ROUNDUP((2*(Retailers!AK8+Distributors_Cap!$P$47)-BC9)^0.5,0),ROUNDUP((2*(Retailers!AK8+Distributors_Cap!$P$47)-BC9)^0.5,0))))))))) | T9: =IF(P9>Demand!AW26,0,(IF(((2*(Retailers!AL8+Distributors_Cap!$P$47)-Retailers_Cap!$BB$7)*(Demand!AW26-Retailers_Cap!P9))<0,0,((IF(BD9>2*(Retailers!AL8+Distributors_Cap!$P$47),0,(IF(BI9=0,ROUNDUP((2*(Retailers!AL8+Distributors_Cap!$P$47)-BD9)^0.5,0),ROUNDUP((2*(Retailers!AL8+Distributors_Cap!$P$47)-BD9)^0.5,0))))))))) | W9: 13 | X9: 0 | Y9: 0 | Z9: 12 | AB9: =ROUNDDOWN(LOG((X9+1),2),0) | AC9: =ROUNDDOWN(LOG((Y9+1),2),0) | AD9: =ROUNDDOWN(LOG((Z9+1),2),0) | AG9: 13 | AH9: 0 | AI9: 0 | AJ9: 3 | AL9: Maxnumrip | AN9: 4 | AQ9: 13 | AR9: 51.821 | AS9: 69.478 | AT9: 55.332 | AV9: 13 | AW9: =Beginning_stock!AT37 | AX9: =Beginning_stock!AU37 | AY9: =Beginning_stock!AV37 | BA9: 13 | BB9: =IF(Demand!AU26=Retailers_Cap!N9,"ret=0",(AW9/(Demand!AU26-Retailers_Cap!N9))) | BC9: =IF(Demand!AV26=Retailers_Cap!O9,"ret=0",(AX9/(Demand!AV26-Retailers_Cap!O9))) | BD9: =IF(Demand!AW26=Retailers_Cap!P9,"ret=0",(AY9/(Demand!AW26-Retailers_Cap!P9))) | BF9: 13 | BG9: =IF(Demand!AU26<=Retailers_Cap!N9,"ret=0",(IF(BB9<=AR9+Distributors_Cap!$P$47,1,0))) | BH9: =IF(Demand!AV26<=Retailers_Cap!O9,"ret=0",(IF(BC9<=AS9+Distributors_Cap!$P$47,1,0))) | BI9: =IF(Demand!AW26<=Retailers_Cap!P9,"ret=0",(IF(BD9<=AT9+Distributors_Cap!$P$47,1,0))) | BK9: 13 | BL9: =Retailers!BH8 | BM9: =Retailers!BI8 | BN9: =Retailers!BJ8 | BP9: 13 | BQ9: =#REF! | BR9: =#REF! | BS9: =#REF! | BU9: 13 | BV9: =Retailers!AS8 | BW9: =Retailers!AT8 | BX9: =Retailers!AU8 | BZ9: 13 | CA9: =Results!#REF! | CB9: =Results!#REF! | CC9: =Results!#REF! | CE9: 13 | CF9: =Retailers!BN8 | CG9: =Retailers!BO8 | CH9: =Retailers!BP8 | CJ9: 13 | CK9: =IF(BB9="ret=0",0,IF(BB9>0,AR9+Distributors_Cap!$P$47-BB9,0)) | CL9: =IF(BC9="ret=0",0,IF(BC9>0,AS9+Distributors_Cap!$P$47-BC9,0)) | CM9: =IF(BD9="ret=0",0,IF(BD9>0,AT9+Distributors_Cap!$P$47-BD9,0)) | CT9: 3 | CU9: 14.153 | CV9: 9.699 | CW9: 19.802 | CX9: 21.443 | CY9: 18.022 | CZ9: 17.336 | DA9: 16.02 | DB9: 20.89 | DC9: 19.51 | DD9: 17.487 | DE9: 13.032 | DF9: 14.763 | DG9: 17.64 | DH9: 11.211 | DI9: 11.457
G10: 14 | H10: 53.004 | I10: 56.216 | J10: 53.435 | L10: =TRUNC((_xlfn.NORM.INV((RAND()),$K$7,$K$8)),0) | M10: 14 | N10: 27 | O10: 40 | P10: 29 | R10: =IF(N10>Demand!AU27,0,(IF(((2*(Retailers!AJ9+Distributors_Cap!$P$47)-Retailers_Cap!$BB$7)*(Demand!AU27-Retailers_Cap!N10))<0,0,((IF(BB10>2*(Retailers!AJ9+Distributors_Cap!$P$47),0,(IF(BG10=0,ROUNDUP((2*(Retailers!AJ9+Distributors_Cap!$P$47)-BB10)^0.5,0),ROUNDUP((2*(Retailers!AJ9+Distributors_Cap!$P$47)-BB10)^0.5,0))))))))) | S10: =IF(O10>Demand!AV27,0,(IF(((2*(Retailers!AK9+Distributors_Cap!$P$47)-Retailers_Cap!$BB$7)*(Demand!AV27-Retailers_Cap!O10))<0,0,((IF(BC10>2*(Retailers!AK9+Distributors_Cap!$P$47),0,(IF(BH10=0,ROUNDUP((2*(Retailers!AK9+Distributors_Cap!$P$47)-BC10)^0.5,0),ROUNDUP((2*(Retailers!AK9+Distributors_Cap!$P$47)-BC10)^0.5,0))))))))) | T10: =IF(P10>Demand!AW27,0,(IF(((2*(Retailers!AL9+Distributors_Cap!$P$47)-Retailers_Cap!$BB$7)*(Demand!AW27-Retailers_Cap!P10))<0,0,((IF(BD10>2*(Retailers!AL9+Distributors_Cap!$P$47),0,(IF(BI10=0,ROUNDUP((2*(Retailers!AL9+Distributors_Cap!$P$47)-BD10)^0.5,0),ROUNDUP((2*(Retailers!AL9+Distributors_Cap!$P$47)-BD10)^0.5,0))))))))) | W10: 14 | X10: 0 | Y10: 0 | Z10: 0 | AB10: =ROUNDDOWN(LOG((X10+1),2),0) | AC10: =ROUNDDOWN(LOG((Y10+1),2),0) | AD10: =ROUNDDOWN(LOG((Z10+1),2),0) | AG10: 14 | AH10: 0 | AI10: 0 | AJ10: 0 | AL10: Minnumrip | AN10: 0 | AQ10: 14 | AR10: 53.004 | AS10: 56.216 | AT10: 53.435 | AV10: 14 | AW10: =Beginning_stock!AT38 | AX10: =Beginning_stock!AU38 | AY10: =Beginning_stock!AV38 | BA10: 14 | BB10: =IF(Demand!AU27=Retailers_Cap!N10,"ret=0",(AW10/(Demand!AU27-Retailers_Cap!N10))) | BC10: =IF(Demand!AV27=Retailers_Cap!O10,"ret=0",(AX10/(Demand!AV27-Retailers_Cap!O10))) | BD10: =IF(Demand!AW27=Retailers_Cap!P10,"ret=0",(AY10/(Demand!AW27-Retailers_Cap!P10))) | BF10: 14 | BG10: =IF(Demand!AU27<=Retailers_Cap!N10,"ret=0",(IF(BB10<=AR10+Distributors_Cap!$P$47,1,0))) | BH10: =IF(Demand!AV27<=Retailers_Cap!O10,"ret=0",(IF(BC10<=AS10+Distributors_Cap!$P$47,1,0))) | BI10: =IF(Demand!AW27<=Retailers_Cap!P10,"ret=0",(IF(BD10<=AT10+Distributors_Cap!$P$47,1,0))) | BK10: 14 | BL10: =Retailers!BH9 | BM10: =Retailers!BI9 | BN10: =Retailers!BJ9 | BP10: 14 | BQ10: =#REF! | BR10: =#REF! | BS10: =#REF! | BU10: 14 | BV10: =Retailers!AS9 | BW10: =Retailers!AT9 | BX10: =Retailers!AU9 | BZ10: 14 | CA10: =Results!#REF! | CB10: =Results!#REF! | CC10: =Results!#REF! | CE10: 14 | CF10: =Retailers!BN9 | CG10: =Retailers!BO9 | CH10: =Retailers!BP9 | CJ10: 14 | CK10: =IF(BB10="ret=0",0,IF(BB10>0,AR10+Distributors_Cap!$P$47-BB10,0)) | CL10: =IF(BC10="ret=0",0,IF(BC10>0,AS10+Distributors_Cap!$P$47-BC10,0)) | CM10: =IF(BD10="ret=0",0,IF(BD10>0,AT10+Distributors_Cap!$P$47-BD10,0))
G11: 15 | H11: 50.825 | I11: 55.76 | J11: 46.177 | L11: =TRUNC((_xlfn.NORM.INV((RAND()),$K$7,$K$8)),0) | M11: 15 | N11: 16 | O11: 24 | P11: 32 | R11: =IF(N11>Demand!AU28,0,(IF(((2*(Retailers!AJ10+Distributors_Cap!$P$47)-Retailers_Cap!$BB$7)*(Demand!AU28-Retailers_Cap!N11))<0,0,((IF(BB11>2*(Retailers!AJ10+Distributors_Cap!$P$47),0,(IF(BG11=0,ROUNDUP((2*(Retailers!AJ10+Distributors_Cap!$P$47)-BB11)^0.5,0),ROUNDUP((2*(Retailers!AJ10+Distributors_Cap!$P$47)-BB11)^0.5,0))))))))) | S11: =IF(O11>Demand!AV28,0,(IF(((2*(Retailers!AK10+Distributors_Cap!$P$47)-Retailers_Cap!$BB$7)*(Demand!AV28-Retailers_Cap!O11))<0,0,((IF(BC11>2*(Retailers!AK10+Distributors_Cap!$P$47),0,(IF(BH11=0,ROUNDUP((2*(Retailers!AK10+Distributors_Cap!$P$47)-BC11)^0.5,0),ROUNDUP((2*(Retailers!AK10+Distributors_Cap!$P$47)-BC11)^0.5,0))))))))) | T11: =IF(P11>Demand!AW28,0,(IF(((2*(Retailers!AL10+Distributors_Cap!$P$47)-Retailers_Cap!$BB$7)*(Demand!AW28-Retailers_Cap!P11))<0,0,((IF(BD11>2*(Retailers!AL10+Distributors_Cap!$P$47),0,(IF(BI11=0,ROUNDUP((2*(Retailers!AL10+Distributors_Cap!$P$47)-BD11)^0.5,0),ROUNDUP((2*(Retailers!AL10+Distributors_Cap!$P$47)-BD11)^0.5,0))))))))) | W11: 15 | X11: 11 | Y11: 0 | Z11: 0 | AB11: =ROUNDDOWN(LOG((X11+1),2),0) | AC11: =ROUNDDOWN(LOG((Y11+1),2),0) | AD11: =ROUNDDOWN(LOG((Z11+1),2),0) | AG11: 15 | AH11: 3 | AI11: 0 | AJ11: 0 | AQ11: 15 | AR11: 50.825 | AS11: 55.76 | AT11: 46.177 | AV11: 15 | AW11: =Beginning_stock!AT39 | AX11: =Beginning_stock!AU39 | AY11: =Beginning_stock!AV39 | BA11: 15 | BB11: =IF(Demand!AU28=Retailers_Cap!N11,"ret=0",(AW11/(Demand!AU28-Retailers_Cap!N11))) | BC11: =IF(Demand!AV28=Retailers_Cap!O11,"ret=0",(AX11/(Demand!AV28-Retailers_Cap!O11))) | BD11: =IF(Demand!AW28=Retailers_Cap!P11,"ret=0",(AY11/(Demand!AW28-Retailers_Cap!P11))) | BF11: 15 | BG11: =IF(Demand!AU28<=Retailers_Cap!N11,"ret=0",(IF(BB11<=AR11+Distributors_Cap!$P$47,1,0))) | BH11: =IF(Demand!AV28<=Retailers_Cap!O11,"ret=0",(IF(BC11<=AS11+Distributors_Cap!$P$47,1,0))) | BI11: =IF(Demand!AW28<=Retailers_Cap!P11,"ret=0",(IF(BD11<=AT11+Distributors_Cap!$P$47,1,0))) | BK11: 15 | BL11: =Retailers!BH10 | BM11: =Retailers!BI10 | BN11: =Retailers!BJ10 | BP11: 15 | BQ11: =#REF! | BR11: =#REF! | BS11: =#REF! | BU11: 15 | BV11: =Retailers!AS10 | BW11: =Retailers!AT10 | BX11: =Retailers!AU10 | BZ11: 15 | CA11: =Results!#REF! | CB11: =Results!#REF! | CC11: =Results!#REF! | CE11: 15 | CF11: =Retailers!BN10 | CG11: =Retailers!BO10 | CH11: =Retailers!BP10 | CJ11: 15 | CK11: =IF(BB11="ret=0",0,IF(BB11>0,AR11+Distributors_Cap!$P$47-BB11,0)) | CL11: =IF(BC11="ret=0",0,IF(BC11>0,AS11+Distributors_Cap!$P$47-BC11,0)) | CM11: =IF(BD11="ret=0",0,IF(BD11>0,AT11+Distributors_Cap!$P$47-BD11,0))
G12: 16 | H12: 62.647 | I12: 59.808 | J12: 73.167 | L12: =TRUNC((_xlfn.NORM.INV((RAND()),$K$7,$K$8)),0) | M12: 16 | N12: 31 | O12: 38 | P12: 44 | R12: =IF(N12>Demand!AU29,0,(IF(((2*(Retailers!AJ11+Distributors_Cap!$P$47)-Retailers_Cap!$BB$7)*(Demand!AU29-Retailers_Cap!N12))<0,0,((IF(BB12>2*(Retailers!AJ11+Distributors_Cap!$P$47),0,(IF(BG12=0,ROUNDUP((2*(Retailers!AJ11+Distributors_Cap!$P$47)-BB12)^0.5,0),ROUNDUP((2*(Retailers!AJ11+Distributors_Cap!$P$47)-BB12)^0.5,0))))))))) | S12: =IF(O12>Demand!AV29,0,(IF(((2*(Retailers!AK11+Distributors_Cap!$P$47)-Retailers_Cap!$BB$7)*(Demand!AV29-Retailers_Cap!O12))<0,0,((IF(BC12>2*(Retailers!AK11+Distributors_Cap!$P$47),0,(IF(BH12=0,ROUNDUP((2*(Retailers!AK11+Distributors_Cap!$P$47)-BC12)^0.5,0),ROUNDUP((2*(Retailers!AK11+Distributors_Cap!$P$47)-BC12)^0.5,0))))))))) | T12: =IF(P12>Demand!AW29,0,(IF(((2*(Retailers!AL11+Distributors_Cap!$P$47)-Retailers_Cap!$BB$7)*(Demand!AW29-Retailers_Cap!P12))<0,0,((IF(BD12>2*(Retailers!AL11+Distributors_Cap!$P$47),0,(IF(BI12=0,ROUNDUP((2*(Retailers!AL11+Distributors_Cap!$P$47)-BD12)^0.5,0),ROUNDUP((2*(Retailers!AL11+Distributors_Cap!$P$47)-BD12)^0.5,0))))))))) | W12: 16 | X12: 0 | Y12: 0 | Z12: 0 | AB12: =ROUNDDOWN(LOG((X12+1),2),0) | AC12: =ROUNDDOWN(LOG((Y12+1),2),0) | AD12: =ROUNDDOWN(LOG((Z12+1),2),0) | AG12: 16 | AH12: 0 | AI12: 0 | AJ12: 0 | AQ12: 16 | AR12: 62.647 | AS12: 59.808 | AT12: 73.167 | AV12: 16 | AW12: =Beginning_stock!AT40 | AX12: =Beginning_stock!AU40 | AY12: =Beginning_stock!AV40 | BA12: 16 | BB12: =IF(Demand!AU29=Retailers_Cap!N12,"ret=0",(AW12/(Demand!AU29-Retailers_Cap!N12))) | BC12: =IF(Demand!AV29=Retailers_Cap!O12,"ret=0",(AX12/(Demand!AV29-Retailers_Cap!O12))) | BD12: =IF(Demand!AW29=Retailers_Cap!P12,"ret=0",(AY12/(Demand!AW29-Retailers_Cap!P12))) | BF12: 16 | BG12: =IF(Demand!AU29<=Retailers_Cap!N12,"ret=0",(IF(BB12<=AR12+Distributors_Cap!$P$47,1,0))) | BH12: =IF(Demand!AV29<=Retailers_Cap!O12,"ret=0",(IF(BC12<=AS12+Distributors_Cap!$P$47,1,0))) | BI12: =IF(Demand!AW29<=Retailers_Cap!P12,"ret=0",(IF(BD12<=AT12+Distributors_Cap!$P$47,1,0))) | BK12: 16 | BL12: =Retailers!BH11 | BM12: =Retailers!BI11 | BN12: =Retailers!BJ11 | BP12: 16 | BQ12: =#REF! | BR12: =#REF! | BS12: =#REF! | BU12: 16 | BV12: =Retailers!AS11 | BW12: =Retailers!AT11 | BX12: =Retailers!AU11 | BZ12: 16 | CA12: =Results!#REF! | CB12: =Results!#REF! | CC12: =Results!#REF! | CE12: 16 | CF12: =Retailers!BN11 | CG12: =Retailers!BO11 | CH12: =Retailers!BP11 | CJ12: 16 | CK12: =IF(BB12="ret=0",0,IF(BB12>0,AR12+Distributors_Cap!$P$47-BB12,0)) | CL12: =IF(BC12="ret=0",0,IF(BC12>0,AS12+Distributors_Cap!$P$47-BC12,0)) | CM12: =IF(BD12="ret=0",0,IF(BD12>0,AT12+Distributors_Cap!$P$47-BD12,0)) | CT12: máximo | CU12: =MAX(CU7:DI9)
G13: 17 | H13: 56.062 | I13: 46.061 | J13: 67.549 | L13: =TRUNC((_xlfn.NORM.INV((RAND()),$K$7,$K$8)),0) | M13: 17 | N13: 21 | O13: 26 | P13: 23 | R13: =IF(N13>Demand!AU30,0,(IF(((2*(Retailers!AJ12+Distributors_Cap!$P$47)-Retailers_Cap!$BB$7)*(Demand!AU30-Retailers_Cap!N13))<0,0,((IF(BB13>2*(Retailers!AJ12+Distributors_Cap!$P$47),0,(IF(BG13=0,ROUNDUP((2*(Retailers!AJ12+Distributors_Cap!$P$47)-BB13)^0.5,0),ROUNDUP((2*(Retailers!AJ12+Distributors_Cap!$P$47)-BB13)^0.5,0))))))))) | S13: =IF(O13>Demand!AV30,0,(IF(((2*(Retailers!AK12+Distributors_Cap!$P$47)-Retailers_Cap!$BB$7)*(Demand!AV30-Retailers_Cap!O13))<0,0,((IF(BC13>2*(Retailers!AK12+Distributors_Cap!$P$47),0,(IF(BH13=0,ROUNDUP((2*(Retailers!AK12+Distributors_Cap!$P$47)-BC13)^0.5,0),ROUNDUP((2*(Retailers!AK12+Distributors_Cap!$P$47)-BC13)^0.5,0))))))))) | T13: =IF(P13>Demand!AW30,0,(IF(((2*(Retailers!AL12+Distributors_Cap!$P$47)-Retailers_Cap!$BB$7)*(Demand!AW30-Retailers_Cap!P13))<0,0,((IF(BD13>2*(Retailers!AL12+Distributors_Cap!$P$47),0,(IF(BI13=0,ROUNDUP((2*(Retailers!AL12+Distributors_Cap!$P$47)-BD13)^0.5,0),ROUNDUP((2*(Retailers!AL12+Distributors_Cap!$P$47)-BD13)^0.5,0))))))))) | W13: 17 | X13: 13 | Y13: 0 | Z13: 14 | AB13: =ROUNDDOWN(LOG((X13+1),2),0) | AC13: =ROUNDDOWN(LOG((Y13+1),2),0) | AD13: =ROUNDDOWN(LOG((Z13+1),2),0) | AG13: 17 | AH13: 3 | AI13: 0 | AJ13: 3 | AQ13: 17 | AR13: 56.062 | AS13: 46.061 | AT13: 67.549 | AV13: 17 | AW13: =Beginning_stock!AT41 | AX13: =Beginning_stock!AU41 | AY13: =Beginning_stock!AV41 | BA13: 17 | BB13: =IF(Demand!AU30=Retailers_Cap!N13,"ret=0",(AW13/(Demand!AU30-Retailers_Cap!N13))) | BC13: =IF(Demand!AV30=Retailers_Cap!O13,"ret=0",(AX13/(Demand!AV30-Retailers_Cap!O13))) | BD13: =IF(Demand!AW30=Retailers_Cap!P13,"ret=0",(AY13/(Demand!AW30-Retailers_Cap!P13))) | BF13: 17 | BG13: =IF(Demand!AU30<=Retailers_Cap!N13,"ret=0",(IF(BB13<=AR13+Distributors_Cap!$P$47,1,0))) | BH13: =IF(Demand!AV30<=Retailers_Cap!O13,"ret=0",(IF(BC13<=AS13+Distributors_Cap!$P$47,1,0))) | BI13: =IF(Demand!AW30<=Retailers_Cap!P13,"ret=0",(IF(BD13<=AT13+Distributors_Cap!$P$47,1,0))) | BK13: 17 | BL13: =Retailers!BH12 | BM13: =Retailers!BI12 | BN13: =Retailers!BJ12 | BP13: 17 | BQ13: =#REF! | BR13: =#REF! | BS13: =#REF! | BU13: 17 | BV13: =Retailers!AS12 | BW13: =Retailers!AT12 | BX13: =Retailers!AU12 | BZ13: 17 | CA13: =Results!#REF! | CB13: =Results!#REF! | CC13: =Results!#REF! | CE13: 17 | CF13: =Retailers!BN12 | CG13: =Retailers!BO12 | CH13: =Retailers!BP12 | CJ13: 17 | CK13: =IF(BB13="ret=0",0,IF(BB13>0,AR13+Distributors_Cap!$P$47-BB13,0)) | CL13: =IF(BC13="ret=0",0,IF(BC13>0,AS13+Distributors_Cap!$P$47-BC13,0)) | CM13: =IF(BD13="ret=0",0,IF(BD13>0,AT13+Distributors_Cap!$P$47-BD13,0))
G14: 18 | H14: 57.126 | I14: 60.068 | J14: 55.956 | L14: =TRUNC((_xlfn.NORM.INV((RAND()),$K$7,$K$8)),0) | M14: 18 | N14: 33 | O14: 10 | P14: 21 | R14: =IF(N14>Demand!AU31,0,(IF(((2*(Retailers!AJ13+Distributors_Cap!$P$47)-Retailers_Cap!$BB$7)*(Demand!AU31-Retailers_Cap!N14))<0,0,((IF(BB14>2*(Retailers!AJ13+Distributors_Cap!$P$47),0,(IF(BG14=0,ROUNDUP((2*(Retailers!AJ13+Distributors_Cap!$P$47)-BB14)^0.5,0),ROUNDUP((2*(Retailers!AJ13+Distributors_Cap!$P$47)-BB14)^0.5,0))))))))) | S14: =IF(O14>Demand!AV31,0,(IF(((2*(Retailers!AK13+Distributors_Cap!$P$47)-Retailers_Cap!$BB$7)*(Demand!AV31-Retailers_Cap!O14))<0,0,((IF(BC14>2*(Retailers!AK13+Distributors_Cap!$P$47),0,(IF(BH14=0,ROUNDUP((2*(Retailers!AK13+Distributors_Cap!$P$47)-BC14)^0.5,0),ROUNDUP((2*(Retailers!AK13+Distributors_Cap!$P$47)-BC14)^0.5,0))))))))) | T14: =IF(P14>Demand!AW31,0,(IF(((2*(Retailers!AL13+Distributors_Cap!$P$47)-Retailers_Cap!$BB$7)*(Demand!AW31-Retailers_Cap!P14))<0,0,((IF(BD14>2*(Retailers!AL13+Distributors_Cap!$P$47),0,(IF(BI14=0,ROUNDUP((2*(Retailers!AL13+Distributors_Cap!$P$47)-BD14)^0.5,0),ROUNDUP((2*(Retailers!AL13+Distributors_Cap!$P$47)-BD14)^0.5,0))))))))) | W14: 18 | X14: 0 | Y14: 13 | Z14: 13 | AB14: =ROUNDDOWN(LOG((X14+1),2),0) | AC14: =ROUNDDOWN(LOG((Y14+1),2),0) | AD14: =ROUNDDOWN(LOG((Z14+1),2),0) | AG14: 18 | AH14: 0 | AI14: 3 | AJ14: 3 | AQ14: 18 | AR14: 57.126 | AS14: 60.068 | AT14: 55.956 | AV14: 18 | AW14: =Beginning_stock!AT42 | AX14: =Beginning_stock!AU42 | AY14: =Beginning_stock!AV42 | BA14: 18 | BB14: =IF(Demand!AU31=Retailers_Cap!N14,"ret=0",(AW14/(Demand!AU31-Retailers_Cap!N14))) | BC14: =IF(Demand!AV31=Retailers_Cap!O14,"ret=0",(AX14/(Demand!AV31-Retailers_Cap!O14))) | BD14: =IF(Demand!AW31=Retailers_Cap!P14,"ret=0",(AY14/(Demand!AW31-Retailers_Cap!P14))) | BF14: 18 | BG14: =IF(Demand!AU31<=Retailers_Cap!N14,"ret=0",(IF(BB14<=AR14+Distributors_Cap!$P$47,1,0))) | BH14: =IF(Demand!AV31<=Retailers_Cap!O14,"ret=0",(IF(BC14<=AS14+Distributors_Cap!$P$47,1,0))) | BI14: =IF(Demand!AW31<=Retailers_Cap!P14,"ret=0",(IF(BD14<=AT14+Distributors_Cap!$P$47,1,0))) | BK14: 18 | BL14: =Retailers!BH13 | BM14: =Retailers!BI13 | BN14: =Retailers!BJ13 | BP14: 18 | BQ14: =#REF! | BR14: =#REF! | BS14: =#REF! | BU14: 18 | BV14: =Retailers!AS13 | BW14: =Retailers!AT13 | BX14: =Retailers!AU13 | BZ14: 18 | CA14: =Results!#REF! | CB14: =Results!#REF! | CC14: =Results!#REF! | CE14: 18 | CF14: =Retailers!BN13 | CG14: =Retailers!BO13 | CH14: =Retailers!BP13 | CJ14: 18 | CK14: =IF(BB14="ret=0",0,IF(BB14>0,AR14+Distributors_Cap!$P$47-BB14,0)) | CL14: =IF(BC14="ret=0",0,IF(BC14>0,AS14+Distributors_Cap!$P$47-BC14,0)) | CM14: =IF(BD14="ret=0",0,IF(BD14>0,AT14+Distributors_Cap!$P$47-BD14,0)) | CU14: 16 | CV14: 17 | CW14: 18
G15: 19 | H15: 70.829 | I15: 50.286 | J15: 59.843 | L15: =TRUNC((_xlfn.NORM.INV((RAND()),$K$7,$K$8)),0) | M15: 19 | N15: 34 | O15: 33 | P15: 29 | R15: =IF(N15>Demand!AU32,0,(IF(((2*(Retailers!AJ14+Distributors_Cap!$P$47)-Retailers_Cap!$BB$7)*(Demand!AU32-Retailers_Cap!N15))<0,0,((IF(BB15>2*(Retailers!AJ14+Distributors_Cap!$P$47),0,(IF(BG15=0,ROUNDUP((2*(Retailers!AJ14+Distributors_Cap!$P$47)-BB15)^0.5,0),ROUNDUP((2*(Retailers!AJ14+Distributors_Cap!$P$47)-BB15)^0.5,0))))))))) | S15: =IF(O15>Demand!AV32,0,(IF(((2*(Retailers!AK14+Distributors_Cap!$P$47)-Retailers_Cap!$BB$7)*(Demand!AV32-Retailers_Cap!O15))<0,0,((IF(BC15>2*(Retailers!AK14+Distributors_Cap!$P$47),0,(IF(BH15=0,ROUNDUP((2*(Retailers!AK14+Distributors_Cap!$P$47)-BC15)^0.5,0),ROUNDUP((2*(Retailers!AK14+Distributors_Cap!$P$47)-BC15)^0.5,0))))))))) | T15: =IF(P15>Demand!AW32,0,(IF(((2*(Retailers!AL14+Distributors_Cap!$P$47)-Retailers_Cap!$BB$7)*(Demand!AW32-Retailers_Cap!P15))<0,0,((IF(BD15>2*(Retailers!AL14+Distributors_Cap!$P$47),0,(IF(BI15=0,ROUNDUP((2*(Retailers!AL14+Distributors_Cap!$P$47)-BD15)^0.5,0),ROUNDUP((2*(Retailers!AL14+Distributors_Cap!$P$47)-BD15)^0.5,0))))))))) | W15: 19 | X15: 0 | Y15: 0 | Z15: 0 | AB15: =ROUNDDOWN(LOG((X15+1),2),0) | AC15: =ROUNDDOWN(LOG((Y15+1),2),0) | AD15: =ROUNDDOWN(LOG((Z15+1),2),0) | AG15: 19 | AH15: 0 | AI15: 0 | AJ15: 0 | AQ15: 19 | AR15: 70.829 | AS15: 50.286 | AT15: 59.843 | AV15: 19 | AW15: =Beginning_stock!AT43 | AX15: =Beginning_stock!AU43 | AY15: =Beginning_stock!AV43 | BA15: 19 | BB15: =IF(Demand!AU32=Retailers_Cap!N15,"ret=0",(AW15/(Demand!AU32-Retailers_Cap!N15))) | BC15: =IF(Demand!AV32=Retailers_Cap!O15,"ret=0",(AX15/(Demand!AV32-Retailers_Cap!O15))) | BD15: =IF(Demand!AW32=Retailers_Cap!P15,"ret=0",(AY15/(Demand!AW32-Retailers_Cap!P15))) | BF15: 19 | BG15: =IF(Demand!AU32<=Retailers_Cap!N15,"ret=0",(IF(BB15<=AR15+Distributors_Cap!$P$47,1,0))) | BH15: =IF(Demand!AV32<=Retailers_Cap!O15,"ret=0",(IF(BC15<=AS15+Distributors_Cap!$P$47,1,0))) | BI15: =IF(Demand!AW32<=Retailers_Cap!P15,"ret=0",(IF(BD15<=AT15+Distributors_Cap!$P$47,1,0))) | BK15: 19 | BL15: =Retailers!BH14 | BM15: =Retailers!BI14 | BN15: =Retailers!BJ14 | BP15: 19 | BQ15: =#REF! | BR15: =#REF! | BS15: =#REF! | BU15: 19 | BV15: =Retailers!AS14 | BW15: =Retailers!AT14 | BX15: =Retailers!AU14 | BZ15: 19 | CA15: =Results!#REF! | CB15: =Results!#REF! | CC15: =Results!#REF! | CE15: 19 | CF15: =Retailers!BN14 | CG15: =Retailers!BO14 | CH15: =Retailers!BP14 | CJ15: 19 | CK15: =IF(BB15="ret=0",0,IF(BB15>0,AR15+Distributors_Cap!$P$47-BB15,0)) | CL15: =IF(BC15="ret=0",0,IF(BC15>0,AS15+Distributors_Cap!$P$47-BC15,0)) | CM15: =IF(BD15="ret=0",0,IF(BD15>0,AT15+Distributors_Cap!$P$47-BD15,0)) | CS15: lambdaf | CT15: 4 | CU15: 4.903 | CV15: 6.218 | CW15: 4.744
G16: 20 | H16: 58.951 | I16: 60.268 | J16: 56.498 | L16: =TRUNC((_xlfn.NORM.INV((RAND()),$K$7,$K$8)),0) | M16: 20 | N16: 22 | O16: 38 | P16: 32 | R16: =IF(N16>Demand!AU33,0,(IF(((2*(Retailers!AJ15+Distributors_Cap!$P$47)-Retailers_Cap!$BB$7)*(Demand!AU33-Retailers_Cap!N16))<0,0,((IF(BB16>2*(Retailers!AJ15+Distributors_Cap!$P$47),0,(IF(BG16=0,ROUNDUP((2*(Retailers!AJ15+Distributors_Cap!$P$47)-BB16)^0.5,0),ROUNDUP((2*(Retailers!AJ15+Distributors_Cap!$P$47)-BB16)^0.5,0))))))))) | S16: =IF(O16>Demand!AV33,0,(IF(((2*(Retailers!AK15+Distributors_Cap!$P$47)-Retailers_Cap!$BB$7)*(Demand!AV33-Retailers_Cap!O16))<0,0,((IF(BC16>2*(Retailers!AK15+Distributors_Cap!$P$47),0,(IF(BH16=0,ROUNDUP((2*(Retailers!AK15+Distributors_Cap!$P$47)-BC16)^0.5,0),ROUNDUP((2*(Retailers!AK15+Distributors_Cap!$P$47)-BC16)^0.5,0))))))))) | T16: =IF(P16>Demand!AW33,0,(IF(((2*(Retailers!AL15+Distributors_Cap!$P$47)-Retailers_Cap!$BB$7)*(Demand!AW33-Retailers_Cap!P16))<0,0,((IF(BD16>2*(Retailers!AL15+Distributors_Cap!$P$47),0,(IF(BI16=0,ROUNDUP((2*(Retailers!AL15+Distributors_Cap!$P$47)-BD16)^0.5,0),ROUNDUP((2*(Retailers!AL15+Distributors_Cap!$P$47)-BD16)^0.5,0))))))))) | W16: 20 | X16: 11 | Y16: 0 | Z16: 0 | AB16: =ROUNDDOWN(LOG((X16+1),2),0) | AC16: =ROUNDDOWN(LOG((Y16+1),2),0) | AD16: =ROUNDDOWN(LOG((Z16+1),2),0) | AG16: 20 | AH16: 3 | AI16: 0 | AJ16: 0 | AQ16: 20 | AR16: 58.951 | AS16: 60.268 | AT16: 56.498 | AV16: 20 | AW16: =Beginning_stock!AT44 | AX16: =Beginning_stock!AU44 | AY16: =Beginning_stock!AV44 | BA16: 20 | BB16: =IF(Demand!AU33=Retailers_Cap!N16,"ret=0",(AW16/(Demand!AU33-Retailers_Cap!N16))) | BC16: =IF(Demand!AV33=Retailers_Cap!O16,"ret=0",(AX16/(Demand!AV33-Retailers_Cap!O16))) | BD16: =IF(Demand!AW33=Retailers_Cap!P16,"ret=0",(AY16/(Demand!AW33-Retailers_Cap!P16))) | BF16: 20 | BG16: =IF(Demand!AU33<=Retailers_Cap!N16,"ret=0",(IF(BB16<=AR16+Distributors_Cap!$P$47,1,0))) | BH16: =IF(Demand!AV33<=Retailers_Cap!O16,"ret=0",(IF(BC16<=AS16+Distributors_Cap!$P$47,1,0))) | BI16: =IF(Demand!AW33<=Retailers_Cap!P16,"ret=0",(IF(BD16<=AT16+Distributors_Cap!$P$47,1,0))) | BK16: 20 | BL16: =Retailers!BH15 | BM16: =Retailers!BI15 | BN16: =Retailers!BJ15 | BP16: 20 | BQ16: =#REF! | BR16: =#REF! | BS16: =#REF! | BU16: 20 | BV16: =Retailers!AS15 | BW16: =Retailers!AT15 | BX16: =Retailers!AU15 | BZ16: 20 | CA16: =Results!#REF! | CB16: =Results!#REF! | CC16: =Results!#REF! | CE16: 20 | CF16: =Retailers!BN15 | CG16: =Retailers!BO15 | CH16: =Retailers!BP15 | CJ16: 20 | CK16: =IF(BB16="ret=0",0,IF(BB16>0,AR16+Distributors_Cap!$P$47-BB16,0)) | CL16: =IF(BC16="ret=0",0,IF(BC16>0,AS16+Distributors_Cap!$P$47-BC16,0)) | CM16: =IF(BD16="ret=0",0,IF(BD16>0,AT16+Distributors_Cap!$P$47-BD16,0)) | CT16: 5 | CU16: 4.871 | CV16: 4.236 | CW16: 6.462
